date,page,clicks,impressions,ctr,position
2026-09-27,https://palworld-chi.vercel.app/en/guide/world-tree,5,135,0.037,6.1
2026-09-14,https://palworld-chi.vercel.app/en/guide/world-tree,4,98,0.0408,8.1
2026-09-16,https://palworld-chi.vercel.app/en/guide/world-tree,3,84,0.0357,8.5
2026-09-20,https://palworld-chi.vercel.app/en/guide/endgame,3,35,0.0857,6.2
2026-09-28,https://palworld-chi.vercel.app/en/guide/world-tree,3,102,0.0294,5.8
2026-10-01,https://palworld-chi.vercel.app/en/guide/world-tree,3,74,0.0405,7.4
2026-09-14,https://palworld-chi.vercel.app/en/guide/endgame,2,28,0.0714,5.6
2026-09-15,https://palworld-chi.vercel.app/en/guide/world-tree,2,102,0.0196,8.8
2026-09-17,https://palworld-chi.vercel.app/en/guide/world-tree,2,48,0.0417,7.9
2026-09-20,https://palworld-chi.vercel.app/en/guide/world-tree,2,57,0.0351,7.7
2026-09-25,https://palworld-chi.vercel.app/en/guide/world-tree,2,107,0.0187,6.1
2026-09-13,https://palworld-chi.vercel.app/en/guide/world-tree,1,132,0.0076,8.2
2026-09-14,https://palworld-chi.vercel.app/en/pal/penking/location,1,9,0.1111,8.8
2026-09-15,https://palworld-chi.vercel.app/en/guide/base,1,1,1,4
2026-09-15,https://palworld-chi.vercel.app/en/guide/endgame,1,43,0.0233,6.5
2026-09-16,https://palworld-chi.vercel.app/en/guide/passives,1,1,1,1
2026-09-16,https://palworld-chi.vercel.app/en/pal/blazamut/location,1,3,0.3333,9
2026-09-16,https://palworld-chi.vercel.app/en/pal/woolipop/location,1,1,1,1
2026-09-18,https://palworld-chi.vercel.app/en/guide/endgame,1,26,0.0385,6.7
2026-09-18,https://palworld-chi.vercel.app/en/guide/world-tree,1,48,0.0208,8.6
2026-09-19,https://palworld-chi.vercel.app/en/guide/world-tree,1,54,0.0185,8.1
2026-09-19,https://palworld-chi.vercel.app/en/pal/anubis,1,4,0.25,28
2026-09-22,https://palworld-chi.vercel.app/en/guide/materials,1,11,0.0909,8.6
2026-09-24,https://palworld-chi.vercel.app/en/guide/endgame,1,24,0.0417,6.5
2026-09-24,https://palworld-chi.vercel.app/en/pal/reptyro/location,1,12,0.0833,8.8
2026-09-25,https://palworld-chi.vercel.app/en/pal/broncherry/location,1,33,0.0303,8.2
2026-09-26,https://palworld-chi.vercel.app/en/guide/endgame,1,28,0.0357,6
2026-09-27,https://palworld-chi.vercel.app/en/guide/materials,1,18,0.0556,6.8
2026-09-28,https://palworld-chi.vercel.app/en/pal/petallia/location,1,5,0.2,7.6
2026-09-29,https://palworld-chi.vercel.app/en/guide/world-tree,1,75,0.0133,7.4
2026-09-30,https://palworld-chi.vercel.app/en/guide/endgame,1,12,0.0833,7.1
2026-09-30,https://palworld-chi.vercel.app/en/guide/world-tree,1,73,0.0137,6.6
2026-10-01,https://palworld-chi.vercel.app/en/guide/endgame,1,23,0.0435,7.3
2026-10-01,https://palworld-chi.vercel.app/en/pal/chillet,1,3,0.3333,20
2026-10-03,https://palworld-chi.vercel.app/en/guide/endgame,1,14,0.0714,5.9
2026-10-03,https://palworld-chi.vercel.app/en/guide/world-tree,1,71,0.0141,5.9
2026-10-04,https://palworld-chi.vercel.app/en/guide/world-tree,1,96,0.0104,7.2
2026-10-05,https://palworld-chi.vercel.app/en/guide/endgame,1,15,0.0667,5.7
2026-09-08,https://palworld-chi.vercel.app/en/guide/money,0,3,0,6.7
2026-09-08,https://palworld-chi.vercel.app/en/guide/passives,0,2,0,39.5
2026-09-09,https://palworld-chi.vercel.app/en/guide/beginner,0,1,0,65
2026-09-09,https://palworld-chi.vercel.app/en/guide/breeding,0,1,0,6
2026-09-09,https://palworld-chi.vercel.app/en/guide/endgame,0,1,0,27
2026-09-09,https://palworld-chi.vercel.app/en/guide/money,0,1,0,1
2026-09-09,https://palworld-chi.vercel.app/en/guide/passives,0,2,0,8
2026-09-10,https://palworld-chi.vercel.app/en/guide/money,0,1,0,10
2026-09-10,https://palworld-chi.vercel.app/en/guide/passives,0,2,0,6.5
2026-09-11,https://palworld-chi.vercel.app/en/guide/beginner,0,2,0,5
2026-09-11,https://palworld-chi.vercel.app/en/guide/endgame,0,2,0,6
2026-09-11,https://palworld-chi.vercel.app/en/guide/passives,0,2,0,8
2026-09-11,https://palworld-chi.vercel.app/en/guide/world-tree,0,18,0,6.9
2026-09-11,https://palworld-chi.vercel.app/en/pal/blazamut/location,0,1,0,8
2026-09-11,https://palworld-chi.vercel.app/en/pal/bushi-noct/location,0,1,0,60
2026-09-12,https://palworld-chi.vercel.app/en/guide/base,0,2,0,4.5
2026-09-12,https://palworld-chi.vercel.app/en/guide/beginner,0,1,0,7
2026-09-12,https://palworld-chi.vercel.app/en/guide/breeding,0,1,0,91
2026-09-12,https://palworld-chi.vercel.app/en/guide/endgame,0,15,0,2.7
2026-09-12,https://palworld-chi.vercel.app/en/guide/faq,0,2,0,9.5
2026-09-12,https://palworld-chi.vercel.app/en/guide/money,0,3,0,6
2026-09-12,https://palworld-chi.vercel.app/en/guide/passives,0,2,0,8
2026-09-12,https://palworld-chi.vercel.app/en/guide/world-tree,0,71,0,8.9
2026-09-12,https://palworld-chi.vercel.app/en/pal/astegon/location,0,6,0,8.3
2026-09-12,https://palworld-chi.vercel.app/en/pal/blazamut/location,0,4,0,9.8
2026-09-12,https://palworld-chi.vercel.app/en/pal/bushi-noct/location,0,1,0,7
2026-09-12,https://palworld-chi.vercel.app/en/pal/dualith-noct,0,1,0,9
2026-09-12,https://palworld-chi.vercel.app/en/pal/eikthyrdeer/location,0,1,0,6
2026-09-12,https://palworld-chi.vercel.app/en/pal/foxcicle/location,0,2,0,7
2026-09-12,https://palworld-chi.vercel.app/en/pal/gildra,0,1,0,8
2026-09-12,https://palworld-chi.vercel.app/en/pal/jormuntide/location,0,2,0,11
2026-09-12,https://palworld-chi.vercel.app/en/pal/mossanda/location,0,8,0,19
2026-09-12,https://palworld-chi.vercel.app/en/pal/neptilius/location,0,3,0,8.3
2026-09-12,https://palworld-chi.vercel.app/en/pal/paladius/location,0,2,0,12
2026-09-12,https://palworld-chi.vercel.app/en/pal/starryon,0,1,0,5
2026-09-12,https://palworld-chi.vercel.app/en/pal/starryon-primo/location,0,1,0,7
2026-09-12,https://palworld-chi.vercel.app/en/pal/xenogard/location,0,1,0,11
2026-09-13,https://palworld-chi.vercel.app/en/guide/base,0,5,0,5.2
2026-09-13,https://palworld-chi.vercel.app/en/guide/beginner,0,1,0,8
2026-09-13,https://palworld-chi.vercel.app/en/guide/endgame,0,33,0,8.2
2026-09-13,https://palworld-chi.vercel.app/en/guide/money,0,2,0,8
2026-09-13,https://palworld-chi.vercel.app/en/guide/passives,0,1,0,7
2026-09-13,https://palworld-chi.vercel.app/en/pal/astegon/location,0,39,0,9.1
2026-09-13,https://palworld-chi.vercel.app/en/pal/blazamut/location,0,7,0,8.7
2026-09-13,https://palworld-chi.vercel.app/en/pal/bushi,0,2,0,7.5
2026-09-13,https://palworld-chi.vercel.app/en/pal/bushi-noct/location,0,2,0,36
2026-09-13,https://palworld-chi.vercel.app/en/pal/dandilord,0,1,0,10
2026-09-13,https://palworld-chi.vercel.app/en/pal/dazzi-noct,0,1,0,10
2026-09-13,https://palworld-chi.vercel.app/en/pal/dupin,0,3,0,10.3
2026-09-13,https://palworld-chi.vercel.app/en/pal/dynamoff,0,2,0,10
2026-09-13,https://palworld-chi.vercel.app/en/pal/eidrolon,0,5,0,7.8
2026-09-13,https://palworld-chi.vercel.app/en/pal/eikthyrdeer/location,0,1,0,7
2026-09-13,https://palworld-chi.vercel.app/en/pal/foxcicle/location,0,10,0,21.9
2026-09-13,https://palworld-chi.vercel.app/en/pal/frostallion-noct,0,1,0,11
2026-09-13,https://palworld-chi.vercel.app/en/pal/gildra,0,1,0,28
2026-09-13,https://palworld-chi.vercel.app/en/pal/jormuntide/location,0,19,0,11.9
2026-09-13,https://palworld-chi.vercel.app/en/pal/kitsun-noct,0,1,0,9
2026-09-13,https://palworld-chi.vercel.app/en/pal/knocklem,0,1,0,64
2026-09-13,https://palworld-chi.vercel.app/en/pal/lapure,0,1,0,10
2026-09-13,https://palworld-chi.vercel.app/en/pal/lovander,0,3,0,26.7
2026-09-13,https://palworld-chi.vercel.app/en/pal/lullu/location,0,3,0,6.7
2026-09-13,https://palworld-chi.vercel.app/en/pal/mammorest,0,1,0,43
2026-09-13,https://palworld-chi.vercel.app/en/pal/maraith,0,1,0,7
2026-09-13,https://palworld-chi.vercel.app/en/pal/mossanda/location,0,2,0,9
2026-09-13,https://palworld-chi.vercel.app/en/pal/neptilius/location,0,15,0,7.8
2026-09-13,https://palworld-chi.vercel.app/en/pal/omascul,0,1,0,10
2026-09-13,https://palworld-chi.vercel.app/en/pal/ophydia,0,1,0,10
2026-09-13,https://palworld-chi.vercel.app/en/pal/paladius/location,0,1,0,9
2026-09-13,https://palworld-chi.vercel.app/en/pal/petallia-ignis,0,2,0,5
2026-09-13,https://palworld-chi.vercel.app/en/pal/rayhound,0,1,0,64
2026-09-13,https://palworld-chi.vercel.app/en/pal/shadowbeak,0,1,0,32
2026-09-13,https://palworld-chi.vercel.app/en/pal/solenne,0,6,0,9.5
2026-09-13,https://palworld-chi.vercel.app/en/pal/starryon-primo/location,0,2,0,8
2026-09-13,https://palworld-chi.vercel.app/en/pal/tocotoco,0,2,0,6.5
2026-09-13,https://palworld-chi.vercel.app/en/pal/tropicaw,0,1,0,10
2026-09-13,https://palworld-chi.vercel.app/en/pal/xenogard/location,0,3,0,20.3
2026-09-14,https://palworld-chi.vercel.app/en/guide/base,0,2,0,5
2026-09-14,https://palworld-chi.vercel.app/en/guide/beginner,0,1,0,3
2026-09-14,https://palworld-chi.vercel.app/en/guide/passives,0,1,0,5
2026-09-14,https://palworld-chi.vercel.app/en/pal/astegon/location,0,48,0,9.3
2026-09-14,https://palworld-chi.vercel.app/en/pal/blazamut/location,0,9,0,9.3
2026-09-14,https://palworld-chi.vercel.app/en/pal/bushi,0,4,0,7.5
2026-09-14,https://palworld-chi.vercel.app/en/pal/dandilord,0,3,0,15
2026-09-14,https://palworld-chi.vercel.app/en/pal/dinossom,0,1,0,61
2026-09-14,https://palworld-chi.vercel.app/en/pal/dogen,0,1,0,69
2026-09-14,https://palworld-chi.vercel.app/en/pal/dupin,0,11,0,10.9
2026-09-14,https://palworld-chi.vercel.app/en/pal/dynamoff,0,1,0,10
2026-09-14,https://palworld-chi.vercel.app/en/pal/eidrolon,0,5,0,8.2
2026-09-14,https://palworld-chi.vercel.app/en/pal/eikthyrdeer/location,0,4,0,7.8
2026-09-14,https://palworld-chi.vercel.app/en/pal/faleris,0,1,0,11
2026-09-14,https://palworld-chi.vercel.app/en/pal/flaracle,0,1,0,8
2026-09-14,https://palworld-chi.vercel.app/en/pal/foxcicle/location,0,5,0,16.8
2026-09-14,https://palworld-chi.vercel.app/en/pal/frostallion-noct,0,5,0,20
2026-09-14,https://palworld-chi.vercel.app/en/pal/gorirat,0,1,0,59
2026-09-14,https://palworld-chi.vercel.app/en/pal/hartalis,0,2,0,31
2026-09-14,https://palworld-chi.vercel.app/en/pal/icelyn,0,2,0,56.5
2026-09-14,https://palworld-chi.vercel.app/en/pal/jormuntide/location,0,35,0,9.4
2026-09-14,https://palworld-chi.vercel.app/en/pal/katress-ignis/location,0,2,0,6.5
2026-09-14,https://palworld-chi.vercel.app/en/pal/kikit,0,1,0,60
2026-09-14,https://palworld-chi.vercel.app/en/pal/kitsun-noct,0,2,0,25
2026-09-14,https://palworld-chi.vercel.app/en/pal/knocklem,0,1,0,30
2026-09-14,https://palworld-chi.vercel.app/en/pal/lovander,0,10,0,23.9
2026-09-14,https://palworld-chi.vercel.app/en/pal/lullu/location,0,1,0,9
2026-09-14,https://palworld-chi.vercel.app/en/pal/maraith,0,1,0,10
2026-09-14,https://palworld-chi.vercel.app/en/pal/moldron-cryst,0,2,0,7
2026-09-14,https://palworld-chi.vercel.app/en/pal/mossanda/location,0,2,0,25.5
2026-09-14,https://palworld-chi.vercel.app/en/pal/munchill,0,1,0,11
2026-09-14,https://palworld-chi.vercel.app/en/pal/mycora,0,2,0,8
2026-09-14,https://palworld-chi.vercel.app/en/pal/neptilius/location,0,25,0,9.6
2026-09-14,https://palworld-chi.vercel.app/en/pal/omascul,0,2,0,9
2026-09-14,https://palworld-chi.vercel.app/en/pal/ophydia,0,1,0,9
2026-09-14,https://palworld-chi.vercel.app/en/pal/petallia-ignis,0,1,0,10
2026-09-14,https://palworld-chi.vercel.app/en/pal/quivern,0,1,0,9
2026-09-14,https://palworld-chi.vercel.app/en/pal/ragnahawk,0,3,0,28.3
2026-09-14,https://palworld-chi.vercel.app/en/pal/reindrix/location,0,1,0,61
2026-09-14,https://palworld-chi.vercel.app/en/pal/selyne,0,3,0,10.3
2026-09-14,https://palworld-chi.vercel.app/en/pal/shadowbeak,0,4,0,9
2026-09-14,https://palworld-chi.vercel.app/en/pal/sibelyx-primo,0,4,0,5
2026-09-14,https://palworld-chi.vercel.app/en/pal/sibelyx/location,0,2,0,10
2026-09-14,https://palworld-chi.vercel.app/en/pal/solenne,0,2,0,7.5
2026-09-14,https://palworld-chi.vercel.app/en/pal/sootseer,0,1,0,8
2026-09-14,https://palworld-chi.vercel.app/en/pal/suzaku,0,1,0,3
2026-09-14,https://palworld-chi.vercel.app/en/pal/tocotoco,0,3,0,10
2026-09-14,https://palworld-chi.vercel.app/en/pal/xenogard/location,0,1,0,10
2026-09-15,https://palworld-chi.vercel.app/en/pal/aegidron,0,1,0,10
2026-09-15,https://palworld-chi.vercel.app/en/pal/astegon/location,0,33,0,9.6
2026-09-15,https://palworld-chi.vercel.app/en/pal/beegarde,0,1,0,65
2026-09-15,https://palworld-chi.vercel.app/en/pal/blazamut,0,4,0,42.8
2026-09-15,https://palworld-chi.vercel.app/en/pal/blazamut/location,0,2,0,10
2026-09-15,https://palworld-chi.vercel.app/en/pal/bushi,0,4,0,24
2026-09-15,https://palworld-chi.vercel.app/en/pal/cinnamoth,0,1,0,27
2026-09-15,https://palworld-chi.vercel.app/en/pal/dandilord,0,1,0,9
2026-09-15,https://palworld-chi.vercel.app/en/pal/dazzi-noct,0,2,0,29.5
2026-09-15,https://palworld-chi.vercel.app/en/pal/dualith-noct,0,1,0,2
2026-09-15,https://palworld-chi.vercel.app/en/pal/dupin,0,5,0,8.4
2026-09-15,https://palworld-chi.vercel.app/en/pal/dynamoff,0,1,0,11
2026-09-15,https://palworld-chi.vercel.app/en/pal/eidrolon,0,5,0,8.2
2026-09-15,https://palworld-chi.vercel.app/en/pal/eikthyrdeer/location,0,5,0,8.6
2026-09-15,https://palworld-chi.vercel.app/en/pal/faleris,0,2,0,31
2026-09-15,https://palworld-chi.vercel.app/en/pal/finsider/location,0,1,0,10
2026-09-15,https://palworld-chi.vercel.app/en/pal/flaracle,0,1,0,8
2026-09-15,https://palworld-chi.vercel.app/en/pal/frostallion-noct,0,2,0,6
2026-09-15,https://palworld-chi.vercel.app/en/pal/frostallion-noct/location,0,1,0,9
2026-09-15,https://palworld-chi.vercel.app/en/pal/gorirat,0,1,0,66
2026-09-15,https://palworld-chi.vercel.app/en/pal/hartalis,0,1,0,10
2026-09-15,https://palworld-chi.vercel.app/en/pal/helzephyr-lux/location,0,1,0,4
2026-09-15,https://palworld-chi.vercel.app/en/pal/jormuntide/location,0,21,0,8.7
2026-09-15,https://palworld-chi.vercel.app/en/pal/katress-ignis/location,0,2,0,8
2026-09-15,https://palworld-chi.vercel.app/en/pal/kikit,0,2,0,9
2026-09-15,https://palworld-chi.vercel.app/en/pal/kingpaca-cryst/location,0,2,0,8.5
2026-09-15,https://palworld-chi.vercel.app/en/pal/kitsun-noct,0,5,0,31.6
2026-09-15,https://palworld-chi.vercel.app/en/pal/knocklem,0,2,0,35
2026-09-15,https://palworld-chi.vercel.app/en/pal/lapure,0,8,0,7.8
2026-09-15,https://palworld-chi.vercel.app/en/pal/lovander,0,5,0,17.6
2026-09-15,https://palworld-chi.vercel.app/en/pal/lullu/location,0,1,0,3
2026-09-15,https://palworld-chi.vercel.app/en/pal/mammorest,0,4,0,36.2
2026-09-15,https://palworld-chi.vercel.app/en/pal/moldron,0,1,0,10
2026-09-15,https://palworld-chi.vercel.app/en/pal/mossanda/location,0,3,0,8.3
2026-09-15,https://palworld-chi.vercel.app/en/pal/munchill,0,1,0,6
2026-09-15,https://palworld-chi.vercel.app/en/pal/mycora,0,1,0,7
2026-09-15,https://palworld-chi.vercel.app/en/pal/neptilius/location,0,29,0,7.7
2026-09-15,https://palworld-chi.vercel.app/en/pal/omascul,0,4,0,9
2026-09-15,https://palworld-chi.vercel.app/en/pal/ophydia,0,2,0,10.5
2026-09-15,https://palworld-chi.vercel.app/en/pal/paladius/location,0,2,0,7
2026-09-15,https://palworld-chi.vercel.app/en/pal/penking,0,2,0,38.5
2026-09-15,https://palworld-chi.vercel.app/en/pal/penking/location,0,11,0,9.5
2026-09-15,https://palworld-chi.vercel.app/en/pal/puffolt,0,1,0,10
2026-09-15,https://palworld-chi.vercel.app/en/pal/quivern,0,2,0,10.5
2026-09-15,https://palworld-chi.vercel.app/en/pal/ragnahawk,0,1,0,62
2026-09-15,https://palworld-chi.vercel.app/en/pal/rayhound,0,1,0,37
2026-09-15,https://palworld-chi.vercel.app/en/pal/reptyro/location,0,1,0,2
2026-09-15,https://palworld-chi.vercel.app/en/pal/shadowbeak,0,4,0,31.8
2026-09-15,https://palworld-chi.vercel.app/en/pal/skutlass,0,1,0,10
2026-09-15,https://palworld-chi.vercel.app/en/pal/solenne,0,1,0,6
2026-09-15,https://palworld-chi.vercel.app/en/pal/suzaku,0,2,0,8
2026-09-15,https://palworld-chi.vercel.app/en/pal/tocotoco,0,4,0,8.8
2026-09-15,https://palworld-chi.vercel.app/en/pal/univolt/breeding,0,1,0,9
2026-09-15,https://palworld-chi.vercel.app/en/pal/xenogard/location,0,1,0,10
2026-09-16,https://palworld-chi.vercel.app/en/guide/breeding,0,1,0,75
2026-09-16,https://palworld-chi.vercel.app/en/guide/endgame,0,23,0,5
2026-09-16,https://palworld-chi.vercel.app/en/guide/mobile,0,1,0,8
2026-09-16,https://palworld-chi.vercel.app/en/items?category=Material,0,2,0,10
2026-09-16,https://palworld-chi.vercel.app/en/pal/aegidron,0,2,0,6.5
2026-09-16,https://palworld-chi.vercel.app/en/pal/astegon/location,0,40,0,8.4
2026-09-16,https://palworld-chi.vercel.app/en/pal/beegarde,0,1,0,8
2026-09-16,https://palworld-chi.vercel.app/en/pal/blazamut,0,1,0,72
2026-09-16,https://palworld-chi.vercel.app/en/pal/bushi,0,5,0,27.4
2026-09-16,https://palworld-chi.vercel.app/en/pal/bushi-noct/location,0,1,0,51
2026-09-16,https://palworld-chi.vercel.app/en/pal/cinnamoth,0,3,0,9
2026-09-16,https://palworld-chi.vercel.app/en/pal/dogen,0,1,0,11
2026-09-16,https://palworld-chi.vercel.app/en/pal/dupin,0,5,0,6.2
2026-09-16,https://palworld-chi.vercel.app/en/pal/eidrolon,0,2,0,8
2026-09-16,https://palworld-chi.vercel.app/en/pal/faleris,0,5,0,9.4
2026-09-16,https://palworld-chi.vercel.app/en/pal/fenglope,0,1,0,65
2026-09-16,https://palworld-chi.vercel.app/en/pal/finsider/location,0,1,0,6
2026-09-16,https://palworld-chi.vercel.app/en/pal/flaracle,0,3,0,9.3
2026-09-16,https://palworld-chi.vercel.app/en/pal/frostallion-noct/location,0,5,0,9.8
2026-09-16,https://palworld-chi.vercel.app/en/pal/gildra,0,1,0,11
2026-09-16,https://palworld-chi.vercel.app/en/pal/gobfin,0,2,0,6
2026-09-16,https://palworld-chi.vercel.app/en/pal/grizzbolt/breeding,0,1,0,1
2026-09-16,https://palworld-chi.vercel.app/en/pal/hartalis,0,3,0,22.3
2026-09-16,https://palworld-chi.vercel.app/en/pal/helzephyr-lux/location,0,1,0,9
2026-09-16,https://palworld-chi.vercel.app/en/pal/jetragon,0,1,0,33
2026-09-16,https://palworld-chi.vercel.app/en/pal/jormuntide/location,0,28,0,10.1
2026-09-16,https://palworld-chi.vercel.app/en/pal/katress-ignis/location,0,3,0,20.7
2026-09-16,https://palworld-chi.vercel.app/en/pal/kikit,0,1,0,56
2026-09-16,https://palworld-chi.vercel.app/en/pal/kingpaca-cryst/location,0,5,0,7.8
2026-09-16,https://palworld-chi.vercel.app/en/pal/kitsun-noct,0,1,0,52
2026-09-16,https://palworld-chi.vercel.app/en/pal/lapure,0,1,0,11
2026-09-16,https://palworld-chi.vercel.app/en/pal/loupmoon,0,1,0,11
2026-09-16,https://palworld-chi.vercel.app/en/pal/lovander,0,4,0,12.8
2026-09-16,https://palworld-chi.vercel.app/en/pal/lullu/location,0,1,0,4
2026-09-16,https://palworld-chi.vercel.app/en/pal/maraith,0,1,0,10
2026-09-16,https://palworld-chi.vercel.app/en/pal/moldron-cryst,0,1,0,6
2026-09-16,https://palworld-chi.vercel.app/en/pal/mossanda/location,0,4,0,42
2026-09-16,https://palworld-chi.vercel.app/en/pal/munchill,0,1,0,10
2026-09-16,https://palworld-chi.vercel.app/en/pal/neptilius/location,0,20,0,7.0
2026-09-16,https://palworld-chi.vercel.app/en/pal/omascul,0,4,0,8.5
2026-09-16,https://palworld-chi.vercel.app/en/pal/ophydia,0,2,0,10
2026-09-16,https://palworld-chi.vercel.app/en/pal/penking,0,2,0,45
2026-09-16,https://palworld-chi.vercel.app/en/pal/penking/location,0,11,0,10.5
2026-09-16,https://palworld-chi.vercel.app/en/pal/rayhound,0,2,0,63
2026-09-16,https://palworld-chi.vercel.app/en/pal/reindrix/location,0,2,0,7
2026-09-16,https://palworld-chi.vercel.app/en/pal/relaxaurus-lux,0,1,0,61
2026-09-16,https://palworld-chi.vercel.app/en/pal/reptyro/location,0,10,0,7.9
2026-09-16,https://palworld-chi.vercel.app/en/pal/selyne,0,1,0,12
2026-09-16,https://palworld-chi.vercel.app/en/pal/shadowbeak,0,4,0,20
2026-09-16,https://palworld-chi.vercel.app/en/pal/sibelyx/location,0,2,0,32.5
2026-09-16,https://palworld-chi.vercel.app/en/pal/snock-lux,0,1,0,10
2026-09-16,https://palworld-chi.vercel.app/en/pal/starryon-primo/location,0,1,0,10
2026-09-16,https://palworld-chi.vercel.app/en/pal/tocotoco,0,2,0,11
2026-09-16,https://palworld-chi.vercel.app/en/pal/xenogard/location,0,1,0,6
2026-09-17,https://palworld-chi.vercel.app/en/guide/breeding,0,1,0,4
2026-09-17,https://palworld-chi.vercel.app/en/guide/endgame,0,25,0,5
2026-09-17,https://palworld-chi.vercel.app/en/guide/mobile,0,1,0,69
2026-09-17,https://palworld-chi.vercel.app/en/guide/tcg,0,2,0,9
2026-09-17,https://palworld-chi.vercel.app/en/pal/anubis,0,2,0,31.5
2026-09-17,https://palworld-chi.vercel.app/en/pal/astegon/location,0,32,0,10.7
2026-09-17,https://palworld-chi.vercel.app/en/pal/beegarde,0,1,0,73
2026-09-17,https://palworld-chi.vercel.app/en/pal/blazamut-ryu,0,2,0,6
2026-09-17,https://palworld-chi.vercel.app/en/pal/blazamut/location,0,3,0,8.7
2026-09-17,https://palworld-chi.vercel.app/en/pal/bushi,0,1,0,42
2026-09-17,https://palworld-chi.vercel.app/en/pal/cinnamoth,0,5,0,20.4
2026-09-17,https://palworld-chi.vercel.app/en/pal/dandilord,0,1,0,29
2026-09-17,https://palworld-chi.vercel.app/en/pal/dinossom,0,2,0,9
2026-09-17,https://palworld-chi.vercel.app/en/pal/dupin,0,5,0,13.4
2026-09-17,https://palworld-chi.vercel.app/en/pal/dynamoff,0,2,0,8
2026-09-17,https://palworld-chi.vercel.app/en/pal/eidrolon,0,3,0,6.3
2026-09-17,https://palworld-chi.vercel.app/en/pal/eikthyrdeer/location,0,1,0,5
2026-09-17,https://palworld-chi.vercel.app/en/pal/faleris,0,1,0,9
2026-09-17,https://palworld-chi.vercel.app/en/pal/flaracle,0,3,0,8
2026-09-17,https://palworld-chi.vercel.app/en/pal/frostallion-noct/location,0,8,0,8.1
2026-09-17,https://palworld-chi.vercel.app/en/pal/frostplume,0,1,0,52
2026-09-17,https://palworld-chi.vercel.app/en/pal/gildra,0,1,0,10
2026-09-17,https://palworld-chi.vercel.app/en/pal/grizzbolt/breeding,0,1,0,58
2026-09-17,https://palworld-chi.vercel.app/en/pal/hartalis,0,1,0,7
2026-09-17,https://palworld-chi.vercel.app/en/pal/helzephyr,0,1,0,67
2026-09-17,https://palworld-chi.vercel.app/en/pal/icelyn,0,1,0,48
2026-09-17,https://palworld-chi.vercel.app/en/pal/jetragon,0,1,0,41
2026-09-17,https://palworld-chi.vercel.app/en/pal/jormuntide/location,0,10,0,9.2
2026-09-17,https://palworld-chi.vercel.app/en/pal/kingpaca-cryst/location,0,5,0,8.8
2026-09-17,https://palworld-chi.vercel.app/en/pal/kitsun-noct,0,1,0,54
2026-09-17,https://palworld-chi.vercel.app/en/pal/kitsun/location,0,1,0,9
2026-09-17,https://palworld-chi.vercel.app/en/pal/knocklem,0,1,0,3
2026-09-17,https://palworld-chi.vercel.app/en/pal/lapure,0,1,0,5
2026-09-17,https://palworld-chi.vercel.app/en/pal/lovander,0,1,0,66
2026-09-17,https://palworld-chi.vercel.app/en/pal/maraith,0,1,0,10
2026-09-17,https://palworld-chi.vercel.app/en/pal/moldron-cryst,0,1,0,11
2026-09-17,https://palworld-chi.vercel.app/en/pal/neptilius/location,0,2,0,8.5
2026-09-17,https://palworld-chi.vercel.app/en/pal/omascul,0,4,0,9.2
2026-09-17,https://palworld-chi.vercel.app/en/pal/paladius/location,0,1,0,18
2026-09-17,https://palworld-chi.vercel.app/en/pal/penking,0,1,0,11
2026-09-17,https://palworld-chi.vercel.app/en/pal/penking/location,0,8,0,9.4
2026-09-17,https://palworld-chi.vercel.app/en/pal/petallia/breeding,0,1,0,11
2026-09-17,https://palworld-chi.vercel.app/en/pal/ragnahawk,0,1,0,60
2026-09-17,https://palworld-chi.vercel.app/en/pal/rayhound,0,1,0,59
2026-09-17,https://palworld-chi.vercel.app/en/pal/reptyro/location,0,4,0,7.5
2026-09-17,https://palworld-chi.vercel.app/en/pal/reptyro/location/,0,1,0,1
2026-09-17,https://palworld-chi.vercel.app/en/pal/shadowbeak,0,1,0,11
2026-09-17,https://palworld-chi.vercel.app/en/pal/snugloo,0,1,0,11
2026-09-17,https://palworld-chi.vercel.app/en/pal/solenne,0,3,0,7.3
2026-09-17,https://palworld-chi.vercel.app/en/pal/sootseer,0,4,0,10
2026-09-17,https://palworld-chi.vercel.app/en/pal/starryon,0,1,0,10
2026-09-17,https://palworld-chi.vercel.app/en/pal/suzaku,0,1,0,10
2026-09-17,https://palworld-chi.vercel.app/en/pal/tocotoco,0,2,0,7
2026-09-17,https://palworld-chi.vercel.app/en/pal/xenogard/location,0,4,0,9.2
2026-09-18,https://palworld-chi.vercel.app/en/guide/breeding,0,2,0,87.5
2026-09-18,https://palworld-chi.vercel.app/en/guide/passives,0,2,0,10
2026-09-18,https://palworld-chi.vercel.app/en/item/sulfur,0,1,0,2
2026-09-18,https://palworld-chi.vercel.app/en/pal/anubis,0,1,0,26
2026-09-18,https://palworld-chi.vercel.app/en/pal/astegon/location,0,17,0,9.2
2026-09-18,https://palworld-chi.vercel.app/en/pal/blazamut-ryu,0,1,0,62
2026-09-18,https://palworld-chi.vercel.app/en/pal/blazamut/location,0,1,0,28
2026-09-18,https://palworld-chi.vercel.app/en/pal/bushi,0,3,0,7
2026-09-18,https://palworld-chi.vercel.app/en/pal/cinnamoth,0,1,0,11
2026-09-18,https://palworld-chi.vercel.app/en/pal/dogen,0,1,0,6
2026-09-18,https://palworld-chi.vercel.app/en/pal/dupin,0,2,0,17.5
2026-09-18,https://palworld-chi.vercel.app/en/pal/eidrolon,0,1,0,5
2026-09-18,https://palworld-chi.vercel.app/en/pal/fenglope,0,1,0,65
2026-09-18,https://palworld-chi.vercel.app/en/pal/flaracle,0,1,0,8
2026-09-18,https://palworld-chi.vercel.app/en/pal/foxcicle/location,0,1,0,5
2026-09-18,https://palworld-chi.vercel.app/en/pal/frostallion-noct/location,0,1,0,11
2026-09-18,https://palworld-chi.vercel.app/en/pal/gildra,0,1,0,10
2026-09-18,https://palworld-chi.vercel.app/en/pal/gobfin,0,1,0,11
2026-09-18,https://palworld-chi.vercel.app/en/pal/hartalis,0,3,0,15.7
2026-09-18,https://palworld-chi.vercel.app/en/pal/hoodle,0,1,0,34
2026-09-18,https://palworld-chi.vercel.app/en/pal/icelyn,0,1,0,28
2026-09-18,https://palworld-chi.vercel.app/en/pal/jormuntide/location,0,11,0,8.8
2026-09-18,https://palworld-chi.vercel.app/en/pal/katress-ignis/location,0,1,0,26
2026-09-18,https://palworld-chi.vercel.app/en/pal/kitsun-noct,0,1,0,44
2026-09-18,https://palworld-chi.vercel.app/en/pal/lovander,0,1,0,66
2026-09-18,https://palworld-chi.vercel.app/en/pal/maraith,0,1,0,11
2026-09-18,https://palworld-chi.vercel.app/en/pal/muffly/breeding,0,1,0,22
2026-09-18,https://palworld-chi.vercel.app/en/pal/mycora,0,1,0,7
2026-09-18,https://palworld-chi.vercel.app/en/pal/neptilius/location,0,8,0,8.4
2026-09-18,https://palworld-chi.vercel.app/en/pal/omascul,0,5,0,10.8
2026-09-18,https://palworld-chi.vercel.app/en/pal/ophydia,0,3,0,7
2026-09-18,https://palworld-chi.vercel.app/en/pal/paladius/location,0,1,0,11
2026-09-18,https://palworld-chi.vercel.app/en/pal/penking/location,0,14,0,8.8
2026-09-18,https://palworld-chi.vercel.app/en/pal/petallia/breeding,0,1,0,7
2026-09-18,https://palworld-chi.vercel.app/en/pal/quivern,0,1,0,9
2026-09-18,https://palworld-chi.vercel.app/en/pal/shadowbeak,0,1,0,7
2026-09-18,https://palworld-chi.vercel.app/en/pal/shroomer/breeding,0,2,0,10
2026-09-18,https://palworld-chi.vercel.app/en/pal/sibelyx-primo,0,3,0,6.3
2026-09-18,https://palworld-chi.vercel.app/en/pal/sibelyx/location,0,1,0,8
2026-09-18,https://palworld-chi.vercel.app/en/pal/solenne,0,1,0,10
2026-09-18,https://palworld-chi.vercel.app/en/pal/sootseer,0,2,0,41
2026-09-18,https://palworld-chi.vercel.app/en/pal/starryon,0,1,0,61
2026-09-18,https://palworld-chi.vercel.app/en/pal/starryon-primo/location,0,2,0,4
2026-09-18,https://palworld-chi.vercel.app/en/pal/suzaku,0,2,0,10.5
2026-09-18,https://palworld-chi.vercel.app/en/pal/tocotoco,0,1,0,10
2026-09-18,https://palworld-chi.vercel.app/en/pal/turtacle/breeding,0,2,0,20.5
2026-09-19,https://palworld-chi.vercel.app/en/guide/endgame,0,27,0,8.3
2026-09-19,https://palworld-chi.vercel.app/en/guide/materials,0,1,0,6
2026-09-19,https://palworld-chi.vercel.app/en/item/sulfur,0,1,0,9
2026-09-19,https://palworld-chi.vercel.app/en/pal/aegidron,0,1,0,36
2026-09-19,https://palworld-chi.vercel.app/en/pal/astegon/location,0,38,0,11.7
2026-09-19,https://palworld-chi.vercel.app/en/pal/beegarde,0,2,0,35.5
2026-09-19,https://palworld-chi.vercel.app/en/pal/bellanoir-libero,0,1,0,10
2026-09-19,https://palworld-chi.vercel.app/en/pal/blazamut,0,1,0,70
2026-09-19,https://palworld-chi.vercel.app/en/pal/blazamut/location,0,1,0,50
2026-09-19,https://palworld-chi.vercel.app/en/pal/bushi,0,4,0,9.5
2026-09-19,https://palworld-chi.vercel.app/en/pal/bushi-noct/location,0,2,0,9.5
2026-09-19,https://palworld-chi.vercel.app/en/pal/chikipi/location,0,1,0,11
2026-09-19,https://palworld-chi.vercel.app/en/pal/cinnamoth,0,3,0,38.7
2026-09-19,https://palworld-chi.vercel.app/en/pal/dazzi-noct,0,1,0,10
2026-09-19,https://palworld-chi.vercel.app/en/pal/dogen,0,2,0,9.5
2026-09-19,https://palworld-chi.vercel.app/en/pal/dupin,0,4,0,8.5
2026-09-19,https://palworld-chi.vercel.app/en/pal/eidrolon,0,6,0,18
2026-09-19,https://palworld-chi.vercel.app/en/pal/eidrolon/location,0,1,0,7
2026-09-19,https://palworld-chi.vercel.app/en/pal/eikthyrdeer/location,0,3,0,9
2026-09-19,https://palworld-chi.vercel.app/en/pal/elphidran-aqua,0,1,0,63
2026-09-19,https://palworld-chi.vercel.app/en/pal/flaracle,0,1,0,7
2026-09-19,https://palworld-chi.vercel.app/en/pal/frostallion-noct,0,1,0,10
2026-09-19,https://palworld-chi.vercel.app/en/pal/frostallion-noct/location,0,1,0,8
2026-09-19,https://palworld-chi.vercel.app/en/pal/frostplume,0,1,0,51
2026-09-19,https://palworld-chi.vercel.app/en/pal/gildra,0,1,0,9
2026-09-19,https://palworld-chi.vercel.app/en/pal/hartalis,0,1,0,30
2026-09-19,https://palworld-chi.vercel.app/en/pal/icelyn,0,3,0,9
2026-09-19,https://palworld-chi.vercel.app/en/pal/jetragon,0,1,0,56
2026-09-19,https://palworld-chi.vercel.app/en/pal/jormuntide/location,0,17,0,9.4
2026-09-19,https://palworld-chi.vercel.app/en/pal/katress-ignis/location,0,1,0,6
2026-09-19,https://palworld-chi.vercel.app/en/pal/kingpaca-cryst/location,0,2,0,10
2026-09-19,https://palworld-chi.vercel.app/en/pal/lovander,0,5,0,25.2
2026-09-19,https://palworld-chi.vercel.app/en/pal/maraith,0,1,0,63
2026-09-19,https://palworld-chi.vercel.app/en/pal/moldron-cryst,0,1,0,6
2026-09-19,https://palworld-chi.vercel.app/en/pal/mossanda/location,0,2,0,5.5
2026-09-19,https://palworld-chi.vercel.app/en/pal/muffly/breeding,0,1,0,10
2026-09-19,https://palworld-chi.vercel.app/en/pal/neptilius/location,0,12,0,8.9
2026-09-19,https://palworld-chi.vercel.app/en/pal/nitemary/breeding,0,1,0,10
2026-09-19,https://palworld-chi.vercel.app/en/pal/omascul,0,10,0,8
2026-09-19,https://palworld-chi.vercel.app/en/pal/penking/location,0,10,0,9.1
2026-09-19,https://palworld-chi.vercel.app/en/pal/petallia-ignis,0,1,0,4
2026-09-19,https://palworld-chi.vercel.app/en/pal/prixter-lux/location,0,1,0,8
2026-09-19,https://palworld-chi.vercel.app/en/pal/quivern,0,2,0,9.5
2026-09-19,https://palworld-chi.vercel.app/en/pal/ragnahawk,0,1,0,31
2026-09-19,https://palworld-chi.vercel.app/en/pal/rayhound,0,1,0,57
2026-09-19,https://palworld-chi.vercel.app/en/pal/reptyro/location,0,1,0,6
2026-09-19,https://palworld-chi.vercel.app/en/pal/selyne,0,2,0,6.5
2026-09-19,https://palworld-chi.vercel.app/en/pal/shadowbeak,0,3,0,34
2026-09-19,https://palworld-chi.vercel.app/en/pal/skutlass,0,2,0,10.5
2026-09-19,https://palworld-chi.vercel.app/en/pal/solenne,0,1,0,6
2026-09-19,https://palworld-chi.vercel.app/en/pal/sootseer,0,1,0,9
2026-09-19,https://palworld-chi.vercel.app/en/pal/starryon-primo/location,0,1,0,6
2026-09-19,https://palworld-chi.vercel.app/en/pal/suzaku,0,3,0,26
2026-09-19,https://palworld-chi.vercel.app/en/pal/tarantriss,0,1,0,10
2026-09-19,https://palworld-chi.vercel.app/en/pal/univolt-cryst,0,3,0,7
2026-09-19,https://palworld-chi.vercel.app/en/pal/woolipop/location,0,1,0,7
2026-09-19,https://palworld-chi.vercel.app/en/pal/xenogard/location,0,1,0,10
2026-09-20,https://palworld-chi.vercel.app/en/guide/base,0,1,0,8
2026-09-20,https://palworld-chi.vercel.app/en/guide/beginner,0,2,0,7.5
2026-09-20,https://palworld-chi.vercel.app/en/guide/materials,0,8,0,8.2
2026-09-20,https://palworld-chi.vercel.app/en/guide/passives,0,2,0,6
2026-09-20,https://palworld-chi.vercel.app/en/guide/tcg,0,1,0,8
2026-09-20,https://palworld-chi.vercel.app/en/item/rainbowcrystal,0,1,0,5
2026-09-20,https://palworld-chi.vercel.app/en/pal/aegidron,0,1,0,10
2026-09-20,https://palworld-chi.vercel.app/en/pal/anubis,0,8,0,10.6
2026-09-20,https://palworld-chi.vercel.app/en/pal/astegon/location,0,40,0,8.7
2026-09-20,https://palworld-chi.vercel.app/en/pal/astralym/breeding,0,2,0,1
2026-09-20,https://palworld-chi.vercel.app/en/pal/beegarde,0,1,0,63
2026-09-20,https://palworld-chi.vercel.app/en/pal/blazamut-ryu,0,1,0,58
2026-09-20,https://palworld-chi.vercel.app/en/pal/blazamut/location,0,4,0,20
2026-09-20,https://palworld-chi.vercel.app/en/pal/bushi,0,1,0,53
2026-09-20,https://palworld-chi.vercel.app/en/pal/bushi-noct/location,0,1,0,11
2026-09-20,https://palworld-chi.vercel.app/en/pal/chikipi/location,0,2,0,5
2026-09-20,https://palworld-chi.vercel.app/en/pal/cinnamoth,0,1,0,29
2026-09-20,https://palworld-chi.vercel.app/en/pal/dazzi-noct,0,1,0,7
2026-09-20,https://palworld-chi.vercel.app/en/pal/depresso/location,0,3,0,3
2026-09-20,https://palworld-chi.vercel.app/en/pal/dinossom-lux,0,1,0,37
2026-09-20,https://palworld-chi.vercel.app/en/pal/dupin,0,3,0,9.3
2026-09-20,https://palworld-chi.vercel.app/en/pal/dynamoff,0,1,0,7
2026-09-20,https://palworld-chi.vercel.app/en/pal/eidrolon,0,1,0,9
2026-09-20,https://palworld-chi.vercel.app/en/pal/eidrolon/location,0,1,0,7
2026-09-20,https://palworld-chi.vercel.app/en/pal/faleris-aqua,0,2,0,58.5
2026-09-20,https://palworld-chi.vercel.app/en/pal/felbat/location,0,3,0,6
2026-09-20,https://palworld-chi.vercel.app/en/pal/flaracle,0,4,0,9.8
2026-09-20,https://palworld-chi.vercel.app/en/pal/frostallion-noct/location,0,2,0,5.5
2026-09-20,https://palworld-chi.vercel.app/en/pal/galeclaw,0,1,0,11
2026-09-20,https://palworld-chi.vercel.app/en/pal/gobfin,0,1,0,9
2026-09-20,https://palworld-chi.vercel.app/en/pal/hartalis,0,2,0,19.5
2026-09-20,https://palworld-chi.vercel.app/en/pal/helzephyr-lux/location,0,1,0,11
2026-09-20,https://palworld-chi.vercel.app/en/pal/icelyn,0,2,0,5.5
2026-09-20,https://palworld-chi.vercel.app/en/pal/jormuntide/location,0,25,0,9.8
2026-09-20,https://palworld-chi.vercel.app/en/pal/katress-ignis/location,0,1,0,8
2026-09-20,https://palworld-chi.vercel.app/en/pal/kingpaca-cryst/location,0,4,0,9.8
2026-09-20,https://palworld-chi.vercel.app/en/pal/lovander,0,1,0,30
2026-09-20,https://palworld-chi.vercel.app/en/pal/lunaris,0,1,0,63
2026-09-20,https://palworld-chi.vercel.app/en/pal/moldron-cryst,0,2,0,8
2026-09-20,https://palworld-chi.vercel.app/en/pal/mossanda/location,0,1,0,7
2026-09-20,https://palworld-chi.vercel.app/en/pal/neptilius/location,0,8,0,7.8
2026-09-20,https://palworld-chi.vercel.app/en/pal/omascul,0,6,0,10.2
2026-09-20,https://palworld-chi.vercel.app/en/pal/penking,0,4,0,30.8
2026-09-20,https://palworld-chi.vercel.app/en/pal/penking/location,0,11,0,8.8
2026-09-20,https://palworld-chi.vercel.app/en/pal/petallia-ignis,0,1,0,9
2026-09-20,https://palworld-chi.vercel.app/en/pal/petallia/location,0,8,0,5.8
2026-09-20,https://palworld-chi.vercel.app/en/pal/prixter-lux/location,0,4,0,5
2026-09-20,https://palworld-chi.vercel.app/en/pal/ragnahawk,0,1,0,10
2026-09-20,https://palworld-chi.vercel.app/en/pal/rayhound,0,2,0,8
2026-09-20,https://palworld-chi.vercel.app/en/pal/reptyro/location,0,12,0,6.3
2026-09-20,https://palworld-chi.vercel.app/en/pal/selyne,0,1,0,11
2026-09-20,https://palworld-chi.vercel.app/en/pal/shadowbeak,0,5,0,18.8
2026-09-20,https://palworld-chi.vercel.app/en/pal/shroomer/breeding,0,3,0,5
2026-09-20,https://palworld-chi.vercel.app/en/pal/sibelyx-primo,0,1,0,9
2026-09-20,https://palworld-chi.vercel.app/en/pal/sibelyx/location,0,1,0,9
2026-09-20,https://palworld-chi.vercel.app/en/pal/solenne,0,4,0,9.2
2026-09-20,https://palworld-chi.vercel.app/en/pal/sootseer,0,1,0,57
2026-09-20,https://palworld-chi.vercel.app/en/pal/starryon,0,1,0,11
2026-09-20,https://palworld-chi.vercel.app/en/pal/suzaku,0,1,0,63
2026-09-20,https://palworld-chi.vercel.app/en/pal/tropicaw,0,1,0,3
2026-09-20,https://palworld-chi.vercel.app/en/pal/warsect-terra,0,1,0,1
2026-09-20,https://palworld-chi.vercel.app/en/pal/xenogard/location,0,2,0,6.5
2026-09-21,https://palworld-chi.vercel.app/en/breeding-calculator,0,3,0,34.3
2026-09-21,https://palworld-chi.vercel.app/en/guide/endgame,0,17,0,5.3
2026-09-21,https://palworld-chi.vercel.app/en/guide/materials,0,23,0,6.6
2026-09-21,https://palworld-chi.vercel.app/en/guide/new-pals,0,1,0,9
2026-09-21,https://palworld-chi.vercel.app/en/guide/passives,0,4,0,4.8
2026-09-21,https://palworld-chi.vercel.app/en/guide/tcg,0,1,0,12
2026-09-21,https://palworld-chi.vercel.app/en/guide/world-tree,0,45,0,7.7
2026-09-21,https://palworld-chi.vercel.app/en/item/baked-berries,0,1,0,10
2026-09-21,https://palworld-chi.vercel.app/en/pal/aegidron,0,1,0,7
2026-09-21,https://palworld-chi.vercel.app/en/pal/anubis,0,3,0,18.3
2026-09-21,https://palworld-chi.vercel.app/en/pal/astegon/location,0,27,0,13.1
2026-09-21,https://palworld-chi.vercel.app/en/pal/astralym/breeding,0,2,0,4.5
2026-09-21,https://palworld-chi.vercel.app/en/pal/beegarde,0,2,0,16.5
2026-09-21,https://palworld-chi.vercel.app/en/pal/blazamut/location,0,5,0,8.8
2026-09-21,https://palworld-chi.vercel.app/en/pal/bushi,0,1,0,6
2026-09-21,https://palworld-chi.vercel.app/en/pal/chikipi/location,0,1,0,10
2026-09-21,https://palworld-chi.vercel.app/en/pal/cinnamoth,0,1,0,11
2026-09-21,https://palworld-chi.vercel.app/en/pal/depresso/location,0,1,0,10
2026-09-21,https://palworld-chi.vercel.app/en/pal/dinossom,0,1,0,7
2026-09-21,https://palworld-chi.vercel.app/en/pal/dumud,0,1,0,9
2026-09-21,https://palworld-chi.vercel.app/en/pal/dupin,0,2,0,11
2026-09-21,https://palworld-chi.vercel.app/en/pal/eidrolon,0,3,0,23
2026-09-21,https://palworld-chi.vercel.app/en/pal/eidrolon/location,0,3,0,5.7
2026-09-21,https://palworld-chi.vercel.app/en/pal/faleris,0,4,0,20.5
2026-09-21,https://palworld-chi.vercel.app/en/pal/faleris-aqua,0,1,0,57
2026-09-21,https://palworld-chi.vercel.app/en/pal/felbat/location,0,2,0,6.5
2026-09-21,https://palworld-chi.vercel.app/en/pal/flaracle,0,2,0,10
2026-09-21,https://palworld-chi.vercel.app/en/pal/foxparks-cryst,0,1,0,50
2026-09-21,https://palworld-chi.vercel.app/en/pal/frostallion-noct/location,0,4,0,22.5
2026-09-21,https://palworld-chi.vercel.app/en/pal/galeclaw,0,2,0,10
2026-09-21,https://palworld-chi.vercel.app/en/pal/gildra,0,1,0,2
2026-09-21,https://palworld-chi.vercel.app/en/pal/hartalis,0,2,0,19.5
2026-09-21,https://palworld-chi.vercel.app/en/pal/helzephyr,0,1,0,9
2026-09-21,https://palworld-chi.vercel.app/en/pal/helzephyr-lux,0,1,0,71
2026-09-21,https://palworld-chi.vercel.app/en/pal/helzephyr-lux/location,0,1,0,58
2026-09-21,https://palworld-chi.vercel.app/en/pal/icelyn,0,1,0,3
2026-09-21,https://palworld-chi.vercel.app/en/pal/icelyn/location,0,1,0,7
2026-09-21,https://palworld-chi.vercel.app/en/pal/jormuntide/location,0,11,0,14.7
2026-09-21,https://palworld-chi.vercel.app/en/pal/katress-ignis/location,0,1,0,59
2026-09-21,https://palworld-chi.vercel.app/en/pal/kingpaca-cryst/location,0,3,0,9.3
2026-09-21,https://palworld-chi.vercel.app/en/pal/kitsun-noct,0,3,0,23.7
2026-09-21,https://palworld-chi.vercel.app/en/pal/lapure,0,1,0,8
2026-09-21,https://palworld-chi.vercel.app/en/pal/lovander,0,1,0,57
2026-09-21,https://palworld-chi.vercel.app/en/pal/lunaris,0,3,0,43
2026-09-21,https://palworld-chi.vercel.app/en/pal/mossanda/location,0,1,0,5
2026-09-21,https://palworld-chi.vercel.app/en/pal/mycora,0,2,0,25
2026-09-21,https://palworld-chi.vercel.app/en/pal/neptilius/location,0,6,0,8
2026-09-21,https://palworld-chi.vercel.app/en/pal/omascul,0,2,0,9.5
2026-09-21,https://palworld-chi.vercel.app/en/pal/ophydia,0,1,0,11
2026-09-21,https://palworld-chi.vercel.app/en/pal/penking/location,0,6,0,9.5
2026-09-21,https://palworld-chi.vercel.app/en/pal/petallia/location,0,8,0,7.8
2026-09-21,https://palworld-chi.vercel.app/en/pal/prixter-lux/location,0,3,0,5.3
2026-09-21,https://palworld-chi.vercel.app/en/pal/prunelia,0,1,0,9
2026-09-21,https://palworld-chi.vercel.app/en/pal/ragnahawk,0,1,0,10
2026-09-21,https://palworld-chi.vercel.app/en/pal/rayhound,0,1,0,85
2026-09-21,https://palworld-chi.vercel.app/en/pal/rayhound/location,0,4,0,37.5
2026-09-21,https://palworld-chi.vercel.app/en/pal/relaxaurus-lux,0,1,0,3
2026-09-21,https://palworld-chi.vercel.app/en/pal/renjishi,0,1,0,7
2026-09-21,https://palworld-chi.vercel.app/en/pal/reptyro/location,0,11,0,9
2026-09-21,https://palworld-chi.vercel.app/en/pal/selyne,0,1,0,44
2026-09-21,https://palworld-chi.vercel.app/en/pal/skutlass,0,1,0,9
2026-09-21,https://palworld-chi.vercel.app/en/pal/snock-lux,0,1,0,9
2026-09-21,https://palworld-chi.vercel.app/en/pal/solenne,0,3,0,8.3
2026-09-21,https://palworld-chi.vercel.app/en/pal/sootseer,0,2,0,35
2026-09-21,https://palworld-chi.vercel.app/en/pal/tocotoco,0,2,0,10
2026-09-21,https://palworld-chi.vercel.app/en/pal/tropicaw,0,1,0,7
2026-09-21,https://palworld-chi.vercel.app/en/pal/wispaw,0,1,0,7
2026-09-22,https://palworld-chi.vercel.app/en/breeding-calculator,0,1,0,59
2026-09-22,https://palworld-chi.vercel.app/en/guide/beginner,0,1,0,10
2026-09-22,https://palworld-chi.vercel.app/en/guide/endgame,0,18,0,7.2
2026-09-22,https://palworld-chi.vercel.app/en/guide/passives,0,1,0,4
2026-09-22,https://palworld-chi.vercel.app/en/guide/tcg,0,1,0,8
2026-09-22,https://palworld-chi.vercel.app/en/guide/world-tree,0,39,0,7.0
2026-09-22,https://palworld-chi.vercel.app/en/items?category=Material,0,2,0,9
2026-09-22,https://palworld-chi.vercel.app/en/pal/aegidron,0,1,0,7
2026-09-22,https://palworld-chi.vercel.app/en/pal/astegon/location,0,19,0,12.2
2026-09-22,https://palworld-chi.vercel.app/en/pal/astralym/breeding,0,2,0,3
2026-09-22,https://palworld-chi.vercel.app/en/pal/beegarde,0,1,0,9
2026-09-22,https://palworld-chi.vercel.app/en/pal/blazamut/location,0,3,0,10
2026-09-22,https://palworld-chi.vercel.app/en/pal/broncherry/location,0,14,0,8.2
2026-09-22,https://palworld-chi.vercel.app/en/pal/bushi,0,2,0,8
2026-09-22,https://palworld-chi.vercel.app/en/pal/chikipi/location,0,5,0,10.6
2026-09-22,https://palworld-chi.vercel.app/en/pal/cinnamoth,0,3,0,8.7
2026-09-22,https://palworld-chi.vercel.app/en/pal/dandilord,0,1,0,8
2026-09-22,https://palworld-chi.vercel.app/en/pal/depresso/location,0,1,0,8
2026-09-22,https://palworld-chi.vercel.app/en/pal/dinossom,0,2,0,10
2026-09-22,https://palworld-chi.vercel.app/en/pal/direhowl/location,0,5,0,9.4
2026-09-22,https://palworld-chi.vercel.app/en/pal/dupin,0,3,0,8.7
2026-09-22,https://palworld-chi.vercel.app/en/pal/dynamoff,0,1,0,8
2026-09-22,https://palworld-chi.vercel.app/en/pal/eidrolon,0,1,0,4
2026-09-22,https://palworld-chi.vercel.app/en/pal/eidrolon/location,0,3,0,5.7
2026-09-22,https://palworld-chi.vercel.app/en/pal/faleris,0,7,0,18
2026-09-22,https://palworld-chi.vercel.app/en/pal/felbat/location,0,3,0,6.7
2026-09-22,https://palworld-chi.vercel.app/en/pal/finsider/location,0,1,0,10
2026-09-22,https://palworld-chi.vercel.app/en/pal/flaracle,0,3,0,7.3
2026-09-22,https://palworld-chi.vercel.app/en/pal/foxcicle/location,0,1,0,10
2026-09-22,https://palworld-chi.vercel.app/en/pal/frostallion-noct/location,0,4,0,32.2
2026-09-22,https://palworld-chi.vercel.app/en/pal/fuack-ignis/location,0,1,0,1
2026-09-22,https://palworld-chi.vercel.app/en/pal/galeclaw,0,4,0,8.8
2026-09-22,https://palworld-chi.vercel.app/en/pal/gobfin,0,2,0,8
2026-09-22,https://palworld-chi.vercel.app/en/pal/grizzbolt/breeding,0,1,0,9
2026-09-22,https://palworld-chi.vercel.app/en/pal/hartalis,0,2,0,7.5
2026-09-22,https://palworld-chi.vercel.app/en/pal/icelyn/location,0,2,0,5.5
2026-09-22,https://palworld-chi.vercel.app/en/pal/jetragon,0,1,0,9
2026-09-22,https://palworld-chi.vercel.app/en/pal/jormuntide/location,0,6,0,9.5
2026-09-22,https://palworld-chi.vercel.app/en/pal/katress,0,2,0,1
2026-09-22,https://palworld-chi.vercel.app/en/pal/kingpaca-cryst/location,0,2,0,10
2026-09-22,https://palworld-chi.vercel.app/en/pal/kitsun-noct,0,2,0,10
2026-09-22,https://palworld-chi.vercel.app/en/pal/kitsun/location,0,1,0,65
2026-09-22,https://palworld-chi.vercel.app/en/pal/lamball,0,2,0,7.5
2026-09-22,https://palworld-chi.vercel.app/en/pal/lovander,0,4,0,24
2026-09-22,https://palworld-chi.vercel.app/en/pal/lunaris,0,5,0,8.8
2026-09-22,https://palworld-chi.vercel.app/en/pal/moldron,0,2,0,6.5
2026-09-22,https://palworld-chi.vercel.app/en/pal/mossanda/location,0,1,0,8
2026-09-22,https://palworld-chi.vercel.app/en/pal/needoll,0,1,0,5
2026-09-22,https://palworld-chi.vercel.app/en/pal/neptilius/location,0,9,0,7.6
2026-09-22,https://palworld-chi.vercel.app/en/pal/omascul,0,1,0,9
2026-09-22,https://palworld-chi.vercel.app/en/pal/ophydia,0,4,0,10.5
2026-09-22,https://palworld-chi.vercel.app/en/pal/penking/location,0,10,0,8
2026-09-22,https://palworld-chi.vercel.app/en/pal/petallia-ignis,0,2,0,8.5
2026-09-22,https://palworld-chi.vercel.app/en/pal/petallia/location,0,12,0,5.8
2026-09-22,https://palworld-chi.vercel.app/en/pal/prixter-lux/location,0,1,0,4
2026-09-22,https://palworld-chi.vercel.app/en/pal/quivern,0,4,0,7
2026-09-22,https://palworld-chi.vercel.app/en/pal/reptyro/location,0,7,0,8.4
2026-09-22,https://palworld-chi.vercel.app/en/pal/shadowbeak,0,3,0,26.3
2026-09-22,https://palworld-chi.vercel.app/en/pal/solenne,0,2,0,9.5
2026-09-22,https://palworld-chi.vercel.app/en/pal/sootseer,0,1,0,11
2026-09-22,https://palworld-chi.vercel.app/en/pal/starryon,0,1,0,10
2026-09-22,https://palworld-chi.vercel.app/en/pal/tocotoco,0,2,0,8.5
2026-09-22,https://palworld-chi.vercel.app/en/pal/venusa,0,1,0,11
2026-09-22,https://palworld-chi.vercel.app/en/pal/woolipop/location,0,1,0,4
2026-09-22,https://palworld-chi.vercel.app/en/pal/xenogard/location,0,1,0,47
2026-09-22,https://palworld-chi.vercel.app/en/pal/xenolord,0,1,0,9
2026-09-23,https://palworld-chi.vercel.app/en/breeding-calculator,0,1,0,1
2026-09-23,https://palworld-chi.vercel.app/en/guide/beginner,0,1,0,9
2026-09-23,https://palworld-chi.vercel.app/en/guide/endgame,0,23,0,5.9
2026-09-23,https://palworld-chi.vercel.app/en/guide/materials,0,6,0,9.2
2026-09-23,https://palworld-chi.vercel.app/en/guide/new-pals,0,1,0,9
2026-09-23,https://palworld-chi.vercel.app/en/guide/tcg,0,4,0,8.5
2026-09-23,https://palworld-chi.vercel.app/en/guide/world-tree,0,47,0,7.1
2026-09-23,https://palworld-chi.vercel.app/en/item/elixir-stamina-02,0,1,0,11
2026-09-23,https://palworld-chi.vercel.app/en/pal/aegidron,0,1,0,9
2026-09-23,https://palworld-chi.vercel.app/en/pal/astegon/location,0,12,0,13.2
2026-09-23,https://palworld-chi.vercel.app/en/pal/astralym/breeding,0,5,0,3
2026-09-23,https://palworld-chi.vercel.app/en/pal/beegarde,0,4,0,22.8
2026-09-23,https://palworld-chi.vercel.app/en/pal/bellanoir-libero,0,1,0,9
2026-09-23,https://palworld-chi.vercel.app/en/pal/blazamut/location,0,6,0,16
2026-09-23,https://palworld-chi.vercel.app/en/pal/broncherry/location,0,31,0,7.8
2026-09-23,https://palworld-chi.vercel.app/en/pal/bushi,0,1,0,5
2026-09-23,https://palworld-chi.vercel.app/en/pal/caprity,0,2,0,7
2026-09-23,https://palworld-chi.vercel.app/en/pal/celesdir-noct,0,1,0,7
2026-09-23,https://palworld-chi.vercel.app/en/pal/chikipi/location,0,4,0,7
2026-09-23,https://palworld-chi.vercel.app/en/pal/cinnamoth,0,3,0,10.3
2026-09-23,https://palworld-chi.vercel.app/en/pal/dinossom,0,1,0,10
2026-09-23,https://palworld-chi.vercel.app/en/pal/dinossom-lux,0,1,0,37
2026-09-23,https://palworld-chi.vercel.app/en/pal/direhowl/location,0,4,0,5.5
2026-09-23,https://palworld-chi.vercel.app/en/pal/dogen,0,1,0,8
2026-09-23,https://palworld-chi.vercel.app/en/pal/dumud/location,0,6,0,14.5
2026-09-23,https://palworld-chi.vercel.app/en/pal/dupin,0,1,0,11
2026-09-23,https://palworld-chi.vercel.app/en/pal/dynamoff,0,1,0,8
2026-09-23,https://palworld-chi.vercel.app/en/pal/eidrolon/location,0,1,0,6
2026-09-23,https://palworld-chi.vercel.app/en/pal/eikthyrdeer/location,0,3,0,24.7
2026-09-23,https://palworld-chi.vercel.app/en/pal/faleris,0,4,0,10
2026-09-23,https://palworld-chi.vercel.app/en/pal/felbat/location,0,3,0,9
2026-09-23,https://palworld-chi.vercel.app/en/pal/flaracle,0,1,0,4
2026-09-23,https://palworld-chi.vercel.app/en/pal/foxcicle/location,0,3,0,6.3
2026-09-23,https://palworld-chi.vercel.app/en/pal/frostallion-noct,0,1,0,9
2026-09-23,https://palworld-chi.vercel.app/en/pal/frostallion-noct/location,0,7,0,9.3
2026-09-23,https://palworld-chi.vercel.app/en/pal/fuack-ignis/location,0,1,0,9
2026-09-23,https://palworld-chi.vercel.app/en/pal/galeclaw,0,3,0,18.7
2026-09-23,https://palworld-chi.vercel.app/en/pal/gildra,0,1,0,9
2026-09-23,https://palworld-chi.vercel.app/en/pal/gobfin,0,1,0,9
2026-09-23,https://palworld-chi.vercel.app/en/pal/gorirat,0,1,0,67
2026-09-23,https://palworld-chi.vercel.app/en/pal/grizzbolt/breeding,0,1,0,60
2026-09-23,https://palworld-chi.vercel.app/en/pal/hartalis,0,4,0,14
2026-09-23,https://palworld-chi.vercel.app/en/pal/helzephyr,0,2,0,71
2026-09-23,https://palworld-chi.vercel.app/en/pal/helzephyr-lux/location,0,1,0,50
2026-09-23,https://palworld-chi.vercel.app/en/pal/jetragon,0,1,0,11
2026-09-23,https://palworld-chi.vercel.app/en/pal/jetragon/breeding,0,1,0,10
2026-09-23,https://palworld-chi.vercel.app/en/pal/jolthog-cryst,0,1,0,49
2026-09-23,https://palworld-chi.vercel.app/en/pal/jormuntide/location,0,11,0,9.9
2026-09-23,https://palworld-chi.vercel.app/en/pal/katress,0,2,0,7.5
2026-09-23,https://palworld-chi.vercel.app/en/pal/katress-ignis/location,0,1,0,9
2026-09-23,https://palworld-chi.vercel.app/en/pal/kingpaca-cryst/location,0,3,0,10
2026-09-23,https://palworld-chi.vercel.app/en/pal/kitsun-noct,0,1,0,52
2026-09-23,https://palworld-chi.vercel.app/en/pal/kitsun/location,0,1,0,60
2026-09-23,https://palworld-chi.vercel.app/en/pal/knocklem,0,2,0,10
2026-09-23,https://palworld-chi.vercel.app/en/pal/lamball,0,1,0,11
2026-09-23,https://palworld-chi.vercel.app/en/pal/lapure,0,2,0,8
2026-09-23,https://palworld-chi.vercel.app/en/pal/lovander,0,2,0,57.5
2026-09-23,https://palworld-chi.vercel.app/en/pal/lunaris,0,1,0,9
2026-09-23,https://palworld-chi.vercel.app/en/pal/melpaca,0,1,0,7
2026-09-23,https://palworld-chi.vercel.app/en/pal/necromus/breeding,0,1,0,49
2026-09-23,https://palworld-chi.vercel.app/en/pal/needoll,0,1,0,6
2026-09-23,https://palworld-chi.vercel.app/en/pal/neptilius/location,0,15,0,8.2
2026-09-23,https://palworld-chi.vercel.app/en/pal/omascul,0,1,0,10
2026-09-23,https://palworld-chi.vercel.app/en/pal/ophydia,0,1,0,11
2026-09-23,https://palworld-chi.vercel.app/en/pal/paladius/location,0,4,0,9.8
2026-09-23,https://palworld-chi.vercel.app/en/pal/penking/location,0,6,0,16
2026-09-23,https://palworld-chi.vercel.app/en/pal/petallia-ignis,0,1,0,11
2026-09-23,https://palworld-chi.vercel.app/en/pal/petallia/location,0,5,0,10
2026-09-23,https://palworld-chi.vercel.app/en/pal/prixter-lux/location,0,3,0,5.7
2026-09-23,https://palworld-chi.vercel.app/en/pal/prunelia,0,1,0,7
2026-09-23,https://palworld-chi.vercel.app/en/pal/quivern,0,1,0,9
2026-09-23,https://palworld-chi.vercel.app/en/pal/rayhound-cryst,0,1,0,63
2026-09-23,https://palworld-chi.vercel.app/en/pal/rayhound/location,0,2,0,82.5
2026-09-23,https://palworld-chi.vercel.app/en/pal/reptyro/location,0,4,0,8.2
2026-09-23,https://palworld-chi.vercel.app/en/pal/shadowbeak,0,2,0,62.5
2026-09-23,https://palworld-chi.vercel.app/en/pal/shaolong,0,1,0,10
2026-09-23,https://palworld-chi.vercel.app/en/pal/smokie/location,0,2,0,5.5
2026-09-23,https://palworld-chi.vercel.app/en/pal/solenne,0,2,0,6.5
2026-09-23,https://palworld-chi.vercel.app/en/pal/sootseer,0,2,0,35.5
2026-09-23,https://palworld-chi.vercel.app/en/pal/suzaku,0,1,0,8
2026-09-23,https://palworld-chi.vercel.app/en/pal/tocotoco,0,2,0,10
2026-09-23,https://palworld-chi.vercel.app/en/pal/tropicaw,0,1,0,7
2026-09-23,https://palworld-chi.vercel.app/en/pal/warsect-terra,0,2,0,5.5
2026-09-23,https://palworld-chi.vercel.app/en/pal/xenogard/location,0,1,0,9
2026-09-23,https://palworld-chi.vercel.app/en/pal/yakumo,0,3,0,7.3
2026-09-24,https://palworld-chi.vercel.app/en/guide/base,0,1,0,5
2026-09-24,https://palworld-chi.vercel.app/en/guide/materials,0,7,0,16.1
2026-09-24,https://palworld-chi.vercel.app/en/guide/money,0,3,0,7
2026-09-24,https://palworld-chi.vercel.app/en/guide/new-pals,0,1,0,19
2026-09-24,https://palworld-chi.vercel.app/en/guide/world-tree,0,74,0,7.1
2026-09-24,https://palworld-chi.vercel.app/en/map,0,5,0,68
2026-09-24,https://palworld-chi.vercel.app/en/pal/aegidron,0,1,0,17
2026-09-24,https://palworld-chi.vercel.app/en/pal/astegon/location,0,31,0,8.9
2026-09-24,https://palworld-chi.vercel.app/en/pal/astralym/breeding,0,5,0,7.2
2026-09-24,https://palworld-chi.vercel.app/en/pal/azurobe-cryst,0,4,0,23.2
2026-09-24,https://palworld-chi.vercel.app/en/pal/beegarde,0,4,0,25
2026-09-24,https://palworld-chi.vercel.app/en/pal/blazamut/location,0,5,0,11.6
2026-09-24,https://palworld-chi.vercel.app/en/pal/blazehowl/location,0,9,0,7.7
2026-09-24,https://palworld-chi.vercel.app/en/pal/broncherry/location,0,36,0,9.4
2026-09-24,https://palworld-chi.vercel.app/en/pal/bushi,0,2,0,10.5
2026-09-24,https://palworld-chi.vercel.app/en/pal/celesdir,0,3,0,21.7
2026-09-24,https://palworld-chi.vercel.app/en/pal/celesdir-noct,0,1,0,17
2026-09-24,https://palworld-chi.vercel.app/en/pal/cinnamoth,0,4,0,21.8
2026-09-24,https://palworld-chi.vercel.app/en/pal/cremis,0,1,0,18
2026-09-24,https://palworld-chi.vercel.app/en/pal/cryolinx-terra,0,1,0,29
2026-09-24,https://palworld-chi.vercel.app/en/pal/dandilord,0,4,0,18
2026-09-24,https://palworld-chi.vercel.app/en/pal/dazzi-noct,0,1,0,18
2026-09-24,https://palworld-chi.vercel.app/en/pal/direhowl/location,0,1,0,2
2026-09-24,https://palworld-chi.vercel.app/en/pal/dualith,0,1,0,5
2026-09-24,https://palworld-chi.vercel.app/en/pal/dumud/location,0,2,0,10.5
2026-09-24,https://palworld-chi.vercel.app/en/pal/dupin,0,1,0,8
2026-09-24,https://palworld-chi.vercel.app/en/pal/eidrolon,0,3,0,38.3
2026-09-24,https://palworld-chi.vercel.app/en/pal/eidrolon/location,0,1,0,5
2026-09-24,https://palworld-chi.vercel.app/en/pal/eikthyrdeer-terra,0,1,0,34
2026-09-24,https://palworld-chi.vercel.app/en/pal/eikthyrdeer/location,0,2,0,9
2026-09-24,https://palworld-chi.vercel.app/en/pal/elphidran-aqua,0,3,0,5.3
2026-09-24,https://palworld-chi.vercel.app/en/pal/faleris,0,1,0,10
2026-09-24,https://palworld-chi.vercel.app/en/pal/felbat/location,0,1,0,8
2026-09-24,https://palworld-chi.vercel.app/en/pal/flaracle,0,2,0,10
2026-09-24,https://palworld-chi.vercel.app/en/pal/foxcicle/location,0,3,0,20.7
2026-09-24,https://palworld-chi.vercel.app/en/pal/foxparks-cryst,0,1,0,49
2026-09-24,https://palworld-chi.vercel.app/en/pal/frostallion-noct,0,2,0,52.5
2026-09-24,https://palworld-chi.vercel.app/en/pal/frostallion-noct/location,0,2,0,7.5
2026-09-24,https://palworld-chi.vercel.app/en/pal/frostplume,0,1,0,46
2026-09-24,https://palworld-chi.vercel.app/en/pal/galeclaw,0,1,0,9
2026-09-24,https://palworld-chi.vercel.app/en/pal/gobfin,0,1,0,6
2026-09-24,https://palworld-chi.vercel.app/en/pal/grizzbolt/breeding,0,1,0,9
2026-09-24,https://palworld-chi.vercel.app/en/pal/hartalis,0,6,0,8.8
2026-09-24,https://palworld-chi.vercel.app/en/pal/incineram-noct/location,0,4,0,6.8
2026-09-24,https://palworld-chi.vercel.app/en/pal/jolthog-cryst,0,2,0,6
2026-09-24,https://palworld-chi.vercel.app/en/pal/jormuntide/location,0,5,0,8.8
2026-09-24,https://palworld-chi.vercel.app/en/pal/katress-ignis/location,0,1,0,8
2026-09-24,https://palworld-chi.vercel.app/en/pal/kingpaca-cryst/location,0,1,0,11
2026-09-24,https://palworld-chi.vercel.app/en/pal/kitsun-noct,0,1,0,61
2026-09-24,https://palworld-chi.vercel.app/en/pal/knocklem-ignis,0,1,0,51
2026-09-24,https://palworld-chi.vercel.app/en/pal/lapure,0,1,0,45
2026-09-24,https://palworld-chi.vercel.app/en/pal/lovander,0,5,0,19.2
2026-09-24,https://palworld-chi.vercel.app/en/pal/lullu/location,0,3,0,10
2026-09-24,https://palworld-chi.vercel.app/en/pal/mammorest-cryst/location,0,2,0,7
2026-09-24,https://palworld-chi.vercel.app/en/pal/maraith,0,1,0,11
2026-09-24,https://palworld-chi.vercel.app/en/pal/melpaca,0,1,0,62
2026-09-24,https://palworld-chi.vercel.app/en/pal/mossanda/location,0,3,0,8
2026-09-24,https://palworld-chi.vercel.app/en/pal/muffly/breeding,0,1,0,3
2026-09-24,https://palworld-chi.vercel.app/en/pal/munchill,0,2,0,5
2026-09-24,https://palworld-chi.vercel.app/en/pal/mycora,0,2,0,3.5
2026-09-24,https://palworld-chi.vercel.app/en/pal/neptilius/location,0,13,0,7.6
2026-09-24,https://palworld-chi.vercel.app/en/pal/penking/location,0,4,0,9.5
2026-09-24,https://palworld-chi.vercel.app/en/pal/petallia/location,0,7,0,8.1
2026-09-24,https://palworld-chi.vercel.app/en/pal/prunelia,0,2,0,35
2026-09-24,https://palworld-chi.vercel.app/en/pal/puffolt/location,0,2,0,4.5
2026-09-24,https://palworld-chi.vercel.app/en/pal/quivern,0,3,0,10.3
2026-09-24,https://palworld-chi.vercel.app/en/pal/quivern-botan,0,1,0,9
2026-09-24,https://palworld-chi.vercel.app/en/pal/renjishi,0,2,0,56.5
2026-09-24,https://palworld-chi.vercel.app/en/pal/reptyro,0,2,0,14.5
2026-09-24,https://palworld-chi.vercel.app/en/pal/ribbuny,0,1,0,7
2026-09-24,https://palworld-chi.vercel.app/en/pal/selyne,0,1,0,5
2026-09-24,https://palworld-chi.vercel.app/en/pal/shadowbeak,0,1,0,31
2026-09-24,https://palworld-chi.vercel.app/en/pal/shaolong,0,4,0,6
2026-09-24,https://palworld-chi.vercel.app/en/pal/solenne,0,1,0,14
2026-09-24,https://palworld-chi.vercel.app/en/pal/tocotoco,0,5,0,8
2026-09-24,https://palworld-chi.vercel.app/en/pal/tropicaw,0,1,0,1
2026-09-24,https://palworld-chi.vercel.app/en/pal/warsect-terra,0,5,0,8
2026-09-24,https://palworld-chi.vercel.app/en/pal/xenogard,0,1,0,9
2026-09-24,https://palworld-chi.vercel.app/en/pal/xenolord,0,1,0,10
2026-09-24,https://palworld-chi.vercel.app/en/pal/yakumo,0,7,0,12.4
2026-09-25,https://palworld-chi.vercel.app/en/guide/endgame,0,22,0,6.3
2026-09-25,https://palworld-chi.vercel.app/en/guide/materials,0,10,0,11.6
2026-09-25,https://palworld-chi.vercel.app/en/guide/money,0,14,0,9.5
2026-09-25,https://palworld-chi.vercel.app/en/guide/new-pals,0,1,0,6
2026-09-25,https://palworld-chi.vercel.app/en/guide/tcg,0,1,0,8
2026-09-25,https://palworld-chi.vercel.app/en/item/bakedmeat-kelpie,0,1,0,6
2026-09-25,https://palworld-chi.vercel.app/en/item/cloth2,0,1,0,44
2026-09-25,https://palworld-chi.vercel.app/en/item/meat-grassmammoth,0,2,0,5.5
2026-09-25,https://palworld-chi.vercel.app/en/map,0,6,0,37.2
2026-09-25,https://palworld-chi.vercel.app/en/pal/aegidron,0,4,0,7
2026-09-25,https://palworld-chi.vercel.app/en/pal/anubis/location,0,3,0,9
2026-09-25,https://palworld-chi.vercel.app/en/pal/astegon/location,0,15,0,8.4
2026-09-25,https://palworld-chi.vercel.app/en/pal/astralym/breeding,0,5,0,1.2
2026-09-25,https://palworld-chi.vercel.app/en/pal/beegarde,0,5,0,10.6
2026-09-25,https://palworld-chi.vercel.app/en/pal/bellanoir-libero,0,2,0,21
2026-09-25,https://palworld-chi.vercel.app/en/pal/blazamut,0,5,0,6.2
2026-09-25,https://palworld-chi.vercel.app/en/pal/blazamut-ryu,0,1,0,9
2026-09-25,https://palworld-chi.vercel.app/en/pal/blazehowl/location,0,6,0,8.3
2026-09-25,https://palworld-chi.vercel.app/en/pal/bulldosu,0,1,0,1
2026-09-25,https://palworld-chi.vercel.app/en/pal/bushi,0,1,0,9
2026-09-25,https://palworld-chi.vercel.app/en/pal/bushi-noct/location,0,2,0,15.5
2026-09-25,https://palworld-chi.vercel.app/en/pal/celesdir,0,1,0,51
2026-09-25,https://palworld-chi.vercel.app/en/pal/celesdir-noct,0,5,0,2.8
2026-09-25,https://palworld-chi.vercel.app/en/pal/cinnamoth,0,3,0,26.3
2026-09-25,https://palworld-chi.vercel.app/en/pal/cremis,0,3,0,9
2026-09-25,https://palworld-chi.vercel.app/en/pal/cryolinx-terra,0,1,0,27
2026-09-25,https://palworld-chi.vercel.app/en/pal/dandilord,0,6,0,15.8
2026-09-25,https://palworld-chi.vercel.app/en/pal/dazzi-noct,0,2,0,26.5
2026-09-25,https://palworld-chi.vercel.app/en/pal/direhowl/location,0,2,0,8.5
2026-09-25,https://palworld-chi.vercel.app/en/pal/dualith,0,3,0,15
2026-09-25,https://palworld-chi.vercel.app/en/pal/dualith-noct,0,3,0,20.3
2026-09-25,https://palworld-chi.vercel.app/en/pal/dumud,0,1,0,7
2026-09-25,https://palworld-chi.vercel.app/en/pal/dumud/location,0,8,0,7.1
2026-09-25,https://palworld-chi.vercel.app/en/pal/dupin,0,5,0,9.4
2026-09-25,https://palworld-chi.vercel.app/en/pal/dynamoff,0,11,0,11.5
2026-09-25,https://palworld-chi.vercel.app/en/pal/eidrolon,0,6,0,22
2026-09-25,https://palworld-chi.vercel.app/en/pal/eikthyrdeer/location,0,2,0,8
2026-09-25,https://palworld-chi.vercel.app/en/pal/elphidran-aqua,0,6,0,6
2026-09-25,https://palworld-chi.vercel.app/en/pal/faleris,0,2,0,7
2026-09-25,https://palworld-chi.vercel.app/en/pal/felbat/location,0,4,0,8
2026-09-25,https://palworld-chi.vercel.app/en/pal/finsider/location,0,3,0,12.3
2026-09-25,https://palworld-chi.vercel.app/en/pal/flaracle,0,2,0,4.5
2026-09-25,https://palworld-chi.vercel.app/en/pal/flopie,0,1,0,6
2026-09-25,https://palworld-chi.vercel.app/en/pal/frostallion-noct/location,0,4,0,6.8
2026-09-25,https://palworld-chi.vercel.app/en/pal/frostplume,0,1,0,4
2026-09-25,https://palworld-chi.vercel.app/en/pal/galeclaw,0,4,0,9
2026-09-25,https://palworld-chi.vercel.app/en/pal/gildra,0,2,0,25.5
2026-09-25,https://palworld-chi.vercel.app/en/pal/gobfin,0,3,0,6.7
2026-09-25,https://palworld-chi.vercel.app/en/pal/grizzbolt/breeding,0,1,0,33
2026-09-25,https://palworld-chi.vercel.app/en/pal/hartalis,0,8,0,22.1
2026-09-25,https://palworld-chi.vercel.app/en/pal/helzephyr-lux/location,0,8,0,21.2
2026-09-25,https://palworld-chi.vercel.app/en/pal/herbil,0,1,0,8
2026-09-25,https://palworld-chi.vercel.app/en/pal/incineram-noct/location,0,1,0,6
2026-09-25,https://palworld-chi.vercel.app/en/pal/jolthog-cryst,0,2,0,6.5
2026-09-25,https://palworld-chi.vercel.app/en/pal/jormuntide/location,0,6,0,9
2026-09-25,https://palworld-chi.vercel.app/en/pal/katress-ignis/location,0,2,0,5.5
2026-09-25,https://palworld-chi.vercel.app/en/pal/kingpaca-cryst/location,0,3,0,10
2026-09-25,https://palworld-chi.vercel.app/en/pal/kitsun-noct,0,4,0,11
2026-09-25,https://palworld-chi.vercel.app/en/pal/kitsun/location,0,2,0,34
2026-09-25,https://palworld-chi.vercel.app/en/pal/knocklem,0,5,0,11.8
2026-09-25,https://palworld-chi.vercel.app/en/pal/knocklem-ignis,0,3,0,14.7
2026-09-25,https://palworld-chi.vercel.app/en/pal/lapure,0,2,0,36
2026-09-25,https://palworld-chi.vercel.app/en/pal/lovander,0,4,0,24.5
2026-09-25,https://palworld-chi.vercel.app/en/pal/lyleen/breeding,0,3,0,8
2026-09-25,https://palworld-chi.vercel.app/en/pal/mammorest-cryst/location,0,1,0,7
2026-09-25,https://palworld-chi.vercel.app/en/pal/maraith,0,6,0,9.2
2026-09-25,https://palworld-chi.vercel.app/en/pal/moldron,0,2,0,49
2026-09-25,https://palworld-chi.vercel.app/en/pal/moldron-cryst,0,2,0,53
2026-09-25,https://palworld-chi.vercel.app/en/pal/mossanda/location,0,1,0,6
2026-09-25,https://palworld-chi.vercel.app/en/pal/munchill,0,6,0,4.3
2026-09-25,https://palworld-chi.vercel.app/en/pal/mycora,0,3,0,15
2026-09-25,https://palworld-chi.vercel.app/en/pal/necromus/breeding,0,1,0,15
2026-09-25,https://palworld-chi.vercel.app/en/pal/neptilius/location,0,8,0,7.2
2026-09-25,https://palworld-chi.vercel.app/en/pal/ophydia,0,3,0,7
2026-09-25,https://palworld-chi.vercel.app/en/pal/paladius/location,0,5,0,14
2026-09-25,https://palworld-chi.vercel.app/en/pal/penking/location,0,6,0,9.7
2026-09-25,https://palworld-chi.vercel.app/en/pal/petallia/location,0,7,0,5.4
2026-09-25,https://palworld-chi.vercel.app/en/pal/pierdon,0,1,0,2
2026-09-25,https://palworld-chi.vercel.app/en/pal/prunelia,0,5,0,6.4
2026-09-25,https://palworld-chi.vercel.app/en/pal/puffolt/location,0,1,0,7
2026-09-25,https://palworld-chi.vercel.app/en/pal/quivern-botan,0,1,0,1
2026-09-25,https://palworld-chi.vercel.app/en/pal/rayhound,0,1,0,10
2026-09-25,https://palworld-chi.vercel.app/en/pal/rayhound-cryst,0,2,0,19
2026-09-25,https://palworld-chi.vercel.app/en/pal/rayhound/location,0,1,0,9
2026-09-25,https://palworld-chi.vercel.app/en/pal/renjishi,0,7,0,40.3
2026-09-25,https://palworld-chi.vercel.app/en/pal/reptyro,0,1,0,17
2026-09-25,https://palworld-chi.vercel.app/en/pal/reptyro/location,0,2,0,6.5
2026-09-25,https://palworld-chi.vercel.app/en/pal/ribbuny,0,3,0,6
2026-09-25,https://palworld-chi.vercel.app/en/pal/selyne,0,3,0,14.3
2026-09-25,https://palworld-chi.vercel.app/en/pal/shadowbeak,0,1,0,66
2026-09-25,https://palworld-chi.vercel.app/en/pal/shaolong,0,4,0,6
2026-09-25,https://palworld-chi.vercel.app/en/pal/shroomer,0,1,0,10
2026-09-25,https://palworld-chi.vercel.app/en/pal/sibelyx-primo,0,4,0,9.2
2026-09-25,https://palworld-chi.vercel.app/en/pal/sibelyx/location,0,2,0,6.5
2026-09-25,https://palworld-chi.vercel.app/en/pal/skutlass,0,2,0,3.5
2026-09-25,https://palworld-chi.vercel.app/en/pal/smokie/location,0,3,0,4.7
2026-09-25,https://palworld-chi.vercel.app/en/pal/snock-lux,0,1,0,1
2026-09-25,https://palworld-chi.vercel.app/en/pal/solenne,0,4,0,8
2026-09-25,https://palworld-chi.vercel.app/en/pal/solmora-lux,0,1,0,3
2026-09-25,https://palworld-chi.vercel.app/en/pal/starryon,0,1,0,41
2026-09-25,https://palworld-chi.vercel.app/en/pal/starryon-primo/location,0,4,0,5.5
2026-09-25,https://palworld-chi.vercel.app/en/pal/tanzee,0,3,0,12.3
2026-09-25,https://palworld-chi.vercel.app/en/pal/tocotoco,0,1,0,10
2026-09-25,https://palworld-chi.vercel.app/en/pal/tropicaw,0,3,0,6
2026-09-25,https://palworld-chi.vercel.app/en/pal/turtacle/breeding,0,2,0,7
2026-09-25,https://palworld-chi.vercel.app/en/pal/univolt-cryst,0,3,0,19.7
2026-09-25,https://palworld-chi.vercel.app/en/pal/vanwyrm,0,2,0,7.5
2026-09-25,https://palworld-chi.vercel.app/en/pal/vanwyrm-cryst,0,1,0,3
2026-09-25,https://palworld-chi.vercel.app/en/pal/venusa,0,1,0,13
2026-09-25,https://palworld-chi.vercel.app/en/pal/warsect-terra,0,2,0,20
2026-09-25,https://palworld-chi.vercel.app/en/pal/xenogard/location,0,1,0,7
2026-09-25,https://palworld-chi.vercel.app/en/pal/xenolord,0,2,0,6.5
2026-09-26,https://palworld-chi.vercel.app/en/breeding-calculator,0,4,0,5.5
2026-09-26,https://palworld-chi.vercel.app/en/guide/faq,0,1,0,9
2026-09-26,https://palworld-chi.vercel.app/en/guide/materials,0,8,0,3.4
2026-09-26,https://palworld-chi.vercel.app/en/guide/money,0,16,0,8
2026-09-26,https://palworld-chi.vercel.app/en/guide/new-pals,0,2,0,4
2026-09-26,https://palworld-chi.vercel.app/en/guide/tcg,0,1,0,10
2026-09-26,https://palworld-chi.vercel.app/en/guide/world-tree,0,113,0,6.3
2026-09-26,https://palworld-chi.vercel.app/en/item/baked-berries,0,1,0,4
2026-09-26,https://palworld-chi.vercel.app/en/item/elixir-stamina-02,0,4,0,37.2
2026-09-26,https://palworld-chi.vercel.app/en/item/meat-grassmammoth,0,1,0,38
2026-09-26,https://palworld-chi.vercel.app/en/item/shield-01,0,1,0,49
2026-09-26,https://palworld-chi.vercel.app/en/map,0,10,0,36.1
2026-09-26,https://palworld-chi.vercel.app/en/pal/aegidron,0,10,0,11.5
2026-09-26,https://palworld-chi.vercel.app/en/pal/anubis/location,0,2,0,7
2026-09-26,https://palworld-chi.vercel.app/en/pal/astegon/location,0,18,0,9.1
2026-09-26,https://palworld-chi.vercel.app/en/pal/astralym/breeding,0,4,0,8.2
2026-09-26,https://palworld-chi.vercel.app/en/pal/beegarde,0,5,0,28.6
2026-09-26,https://palworld-chi.vercel.app/en/pal/bellanoir-libero,0,3,0,31
2026-09-26,https://palworld-chi.vercel.app/en/pal/blazehowl/location,0,5,0,18.4
2026-09-26,https://palworld-chi.vercel.app/en/pal/broncherry/location,0,30,0,7.9
2026-09-26,https://palworld-chi.vercel.app/en/pal/bulldosu,0,1,0,36
2026-09-26,https://palworld-chi.vercel.app/en/pal/bushi,0,9,0,7.6
2026-09-26,https://palworld-chi.vercel.app/en/pal/cattiva,0,1,0,11
2026-09-26,https://palworld-chi.vercel.app/en/pal/celesdir,0,2,0,83.5
2026-09-26,https://palworld-chi.vercel.app/en/pal/celesdir-noct,0,9,0,13.8
2026-09-26,https://palworld-chi.vercel.app/en/pal/chillet,0,2,0,4.5
2026-09-26,https://palworld-chi.vercel.app/en/pal/cinnamoth,0,2,0,41
2026-09-26,https://palworld-chi.vercel.app/en/pal/cremis,0,2,0,8.5
2026-09-26,https://palworld-chi.vercel.app/en/pal/cryolinx-terra,0,4,0,24
2026-09-26,https://palworld-chi.vercel.app/en/pal/dandilord,0,11,0,5
2026-09-26,https://palworld-chi.vercel.app/en/pal/dazzi-noct,0,4,0,18.8
2026-09-26,https://palworld-chi.vercel.app/en/pal/direhowl/location,0,4,0,4.8
2026-09-26,https://palworld-chi.vercel.app/en/pal/dogen,0,1,0,4
2026-09-26,https://palworld-chi.vercel.app/en/pal/dualith,0,2,0,5.5
2026-09-26,https://palworld-chi.vercel.app/en/pal/dualith-noct,0,2,0,27.5
2026-09-26,https://palworld-chi.vercel.app/en/pal/dumud/location,0,6,0,8.3
2026-09-26,https://palworld-chi.vercel.app/en/pal/dupin,0,3,0,12
2026-09-26,https://palworld-chi.vercel.app/en/pal/dynamoff,0,14,0,14.9
2026-09-26,https://palworld-chi.vercel.app/en/pal/eidrolon,0,6,0,21.5
2026-09-26,https://palworld-chi.vercel.app/en/pal/elphidran-aqua,0,5,0,4.4
2026-09-26,https://palworld-chi.vercel.app/en/pal/faleris,0,3,0,25.7
2026-09-26,https://palworld-chi.vercel.app/en/pal/faleris-aqua,0,1,0,9
2026-09-26,https://palworld-chi.vercel.app/en/pal/felbat,0,1,0,5
2026-09-26,https://palworld-chi.vercel.app/en/pal/felbat/location,0,4,0,19.5
2026-09-26,https://palworld-chi.vercel.app/en/pal/finsider/location,0,2,0,2.5
2026-09-26,https://palworld-chi.vercel.app/en/pal/flaracle,0,4,0,6.5
2026-09-26,https://palworld-chi.vercel.app/en/pal/foxcicle/location,0,1,0,10
2026-09-26,https://palworld-chi.vercel.app/en/pal/frostallion-noct,0,1,0,3
2026-09-26,https://palworld-chi.vercel.app/en/pal/frostallion-noct/location,0,5,0,10.4
2026-09-26,https://palworld-chi.vercel.app/en/pal/gildra,0,3,0,20.7
2026-09-26,https://palworld-chi.vercel.app/en/pal/gobfin,0,2,0,6
2026-09-26,https://palworld-chi.vercel.app/en/pal/grizzbolt/breeding,0,1,0,4
2026-09-26,https://palworld-chi.vercel.app/en/pal/hartalis,0,11,0,9.1
2026-09-26,https://palworld-chi.vercel.app/en/pal/helzephyr,0,5,0,10.2
2026-09-26,https://palworld-chi.vercel.app/en/pal/helzephyr-lux/location,0,9,0,11.2
2026-09-26,https://palworld-chi.vercel.app/en/pal/herbil,0,4,0,35.5
2026-09-26,https://palworld-chi.vercel.app/en/pal/jormuntide/location,0,12,0,9.4
2026-09-26,https://palworld-chi.vercel.app/en/pal/katress-ignis/location,0,3,0,22.7
2026-09-26,https://palworld-chi.vercel.app/en/pal/kikit,0,1,0,7
2026-09-26,https://palworld-chi.vercel.app/en/pal/kingpaca-cryst,0,1,0,18
2026-09-26,https://palworld-chi.vercel.app/en/pal/kingpaca-cryst/location,0,1,0,3
2026-09-26,https://palworld-chi.vercel.app/en/pal/kitsun-noct,0,3,0,13
2026-09-26,https://palworld-chi.vercel.app/en/pal/knocklem,0,3,0,9.7
2026-09-26,https://palworld-chi.vercel.app/en/pal/knocklem-ignis,0,4,0,20
2026-09-26,https://palworld-chi.vercel.app/en/pal/lamball,0,1,0,4
2026-09-26,https://palworld-chi.vercel.app/en/pal/lapure,0,1,0,3
2026-09-26,https://palworld-chi.vercel.app/en/pal/lovander,0,3,0,31.7
2026-09-26,https://palworld-chi.vercel.app/en/pal/lyleen/breeding,0,1,0,8
2026-09-26,https://palworld-chi.vercel.app/en/pal/mammorest-cryst/location,0,7,0,9.9
2026-09-26,https://palworld-chi.vercel.app/en/pal/moldron,0,5,0,22.2
2026-09-26,https://palworld-chi.vercel.app/en/pal/moldron-cryst,0,3,0,46
2026-09-26,https://palworld-chi.vercel.app/en/pal/mossanda/location,0,1,0,4
2026-09-26,https://palworld-chi.vercel.app/en/pal/muffly/breeding,0,5,0,7.6
2026-09-26,https://palworld-chi.vercel.app/en/pal/munchill,0,2,0,6.5
2026-09-26,https://palworld-chi.vercel.app/en/pal/necromus/breeding,0,3,0,24.7
2026-09-26,https://palworld-chi.vercel.app/en/pal/needoll,0,2,0,8
2026-09-26,https://palworld-chi.vercel.app/en/pal/needoll/breeding,0,1,0,8
2026-09-26,https://palworld-chi.vercel.app/en/pal/neptilius/location,0,6,0,8.7
2026-09-26,https://palworld-chi.vercel.app/en/pal/ophydia,0,5,0,19
2026-09-26,https://palworld-chi.vercel.app/en/pal/paladius/location,0,6,0,16.3
2026-09-26,https://palworld-chi.vercel.app/en/pal/penking,0,1,0,60
2026-09-26,https://palworld-chi.vercel.app/en/pal/penking/location,0,7,0,7.9
2026-09-26,https://palworld-chi.vercel.app/en/pal/petallia-ignis,0,2,0,7.5
2026-09-26,https://palworld-chi.vercel.app/en/pal/petallia/breeding,0,1,0,8
2026-09-26,https://palworld-chi.vercel.app/en/pal/petallia/location,0,6,0,6.8
2026-09-26,https://palworld-chi.vercel.app/en/pal/pierdon,0,1,0,6
2026-09-26,https://palworld-chi.vercel.app/en/pal/prunelia,0,9,0,12.6
2026-09-26,https://palworld-chi.vercel.app/en/pal/quivern,0,2,0,9
2026-09-26,https://palworld-chi.vercel.app/en/pal/quivern-botan,0,2,0,28
2026-09-26,https://palworld-chi.vercel.app/en/pal/rayhound,0,7,0,18.4
2026-09-26,https://palworld-chi.vercel.app/en/pal/rayhound-cryst,0,4,0,19.2
2026-09-26,https://palworld-chi.vercel.app/en/pal/reptyro,0,1,0,19
2026-09-26,https://palworld-chi.vercel.app/en/pal/reptyro/location,0,2,0,8
2026-09-26,https://palworld-chi.vercel.app/en/pal/ribbuny,0,2,0,45.5
2026-09-26,https://palworld-chi.vercel.app/en/pal/selyne,0,8,0,11.1
2026-09-26,https://palworld-chi.vercel.app/en/pal/shadowbeak,0,1,0,9
2026-09-26,https://palworld-chi.vercel.app/en/pal/shaolong,0,8,0,12.6
2026-09-26,https://palworld-chi.vercel.app/en/pal/shroomer,0,2,0,35
2026-09-26,https://palworld-chi.vercel.app/en/pal/sibelyx-primo,0,3,0,27.3
2026-09-26,https://palworld-chi.vercel.app/en/pal/sibelyx/location,0,3,0,37.7
2026-09-26,https://palworld-chi.vercel.app/en/pal/skutlass,0,4,0,44
2026-09-26,https://palworld-chi.vercel.app/en/pal/smokie,0,1,0,10
2026-09-26,https://palworld-chi.vercel.app/en/pal/smokie/location,0,5,0,6.8
2026-09-26,https://palworld-chi.vercel.app/en/pal/solenne,0,8,0,14
2026-09-26,https://palworld-chi.vercel.app/en/pal/sootseer,0,3,0,30
2026-09-26,https://palworld-chi.vercel.app/en/pal/starryon,0,3,0,27
2026-09-26,https://palworld-chi.vercel.app/en/pal/starryon-primo/location,0,2,0,49
2026-09-26,https://palworld-chi.vercel.app/en/pal/suzaku,0,4,0,9.2
2026-09-26,https://palworld-chi.vercel.app/en/pal/suzaku-aqua,0,1,0,7
2026-09-26,https://palworld-chi.vercel.app/en/pal/tanzee,0,1,0,3
2026-09-26,https://palworld-chi.vercel.app/en/pal/tocotoco,0,1,0,7
2026-09-26,https://palworld-chi.vercel.app/en/pal/tropicaw,0,8,0,9.2
2026-09-26,https://palworld-chi.vercel.app/en/pal/turtacle/breeding,0,3,0,8.7
2026-09-26,https://palworld-chi.vercel.app/en/pal/univolt-cryst,0,1,0,9
2026-09-26,https://palworld-chi.vercel.app/en/pal/venusa,0,1,0,9
2026-09-26,https://palworld-chi.vercel.app/en/pal/warsect-terra,0,1,0,7
2026-09-26,https://palworld-chi.vercel.app/en/pal/xenolord,0,1,0,9
2026-09-27,https://palworld-chi.vercel.app/en/breeding-calculator,0,1,0,3
2026-09-27,https://palworld-chi.vercel.app/en/guide/base,0,1,0,10
2026-09-27,https://palworld-chi.vercel.app/en/guide/endgame,0,18,0,6.3
2026-09-27,https://palworld-chi.vercel.app/en/guide/faq,0,4,0,10
2026-09-27,https://palworld-chi.vercel.app/en/guide/money,0,13,0,8.4
2026-09-27,https://palworld-chi.vercel.app/en/guide/tcg,0,1,0,11
2026-09-27,https://palworld-chi.vercel.app/en/item/skillcard-blastcanon,0,1,0,10
2026-09-27,https://palworld-chi.vercel.app/en/map,0,8,0,68.9
2026-09-27,https://palworld-chi.vercel.app/en/pal/aegidron,0,10,0,27.2
2026-09-27,https://palworld-chi.vercel.app/en/pal/anubis/location,0,4,0,8
2026-09-27,https://palworld-chi.vercel.app/en/pal/astegon/location,0,19,0,8.7
2026-09-27,https://palworld-chi.vercel.app/en/pal/astralym/breeding,0,2,0,6.5
2026-09-27,https://palworld-chi.vercel.app/en/pal/azurobe-cryst,0,1,0,1
2026-09-27,https://palworld-chi.vercel.app/en/pal/beegarde,0,5,0,29
2026-09-27,https://palworld-chi.vercel.app/en/pal/bellanoir-libero,0,4,0,8.5
2026-09-27,https://palworld-chi.vercel.app/en/pal/blazehowl/location,0,7,0,6.9
2026-09-27,https://palworld-chi.vercel.app/en/pal/broncherry/location,0,25,0,11.2
2026-09-27,https://palworld-chi.vercel.app/en/pal/bulldosu,0,1,0,28
2026-09-27,https://palworld-chi.vercel.app/en/pal/bushi,0,2,0,5.5
2026-09-27,https://palworld-chi.vercel.app/en/pal/bushi-noct/location,0,4,0,10.2
2026-09-27,https://palworld-chi.vercel.app/en/pal/cattiva,0,6,0,14.5
2026-09-27,https://palworld-chi.vercel.app/en/pal/celesdir,0,2,0,7.5
2026-09-27,https://palworld-chi.vercel.app/en/pal/celesdir-noct,0,1,0,4
2026-09-27,https://palworld-chi.vercel.app/en/pal/chillet,0,7,0,7.1
2026-09-27,https://palworld-chi.vercel.app/en/pal/cremis,0,2,0,6.5
2026-09-27,https://palworld-chi.vercel.app/en/pal/cryolinx-terra,0,3,0,6.3
2026-09-27,https://palworld-chi.vercel.app/en/pal/dandilord,0,6,0,4.8
2026-09-27,https://palworld-chi.vercel.app/en/pal/direhowl/location,0,5,0,10
2026-09-27,https://palworld-chi.vercel.app/en/pal/dumud/location,0,6,0,5.7
2026-09-27,https://palworld-chi.vercel.app/en/pal/dupin,0,5,0,30.8
2026-09-27,https://palworld-chi.vercel.app/en/pal/dynamoff,0,3,0,54
2026-09-27,https://palworld-chi.vercel.app/en/pal/eidrolon,0,6,0,22
2026-09-27,https://palworld-chi.vercel.app/en/pal/elphidran-aqua,0,9,0,12.2
2026-09-27,https://palworld-chi.vercel.app/en/pal/faleris,0,4,0,4
2026-09-27,https://palworld-chi.vercel.app/en/pal/faleris-aqua,0,2,0,10
2026-09-27,https://palworld-chi.vercel.app/en/pal/flaracle,0,2,0,8.5
2026-09-27,https://palworld-chi.vercel.app/en/pal/foxcicle/location,0,3,0,8.7
2026-09-27,https://palworld-chi.vercel.app/en/pal/foxparks,0,1,0,19
2026-09-27,https://palworld-chi.vercel.app/en/pal/frostallion-noct,0,2,0,10.5
2026-09-27,https://palworld-chi.vercel.app/en/pal/frostallion-noct/location,0,6,0,18
2026-09-27,https://palworld-chi.vercel.app/en/pal/frostplume,0,1,0,10
2026-09-27,https://palworld-chi.vercel.app/en/pal/galeclaw,0,3,0,10
2026-09-27,https://palworld-chi.vercel.app/en/pal/gildra,0,6,0,3.8
2026-09-27,https://palworld-chi.vercel.app/en/pal/gobfin,0,2,0,3
2026-09-27,https://palworld-chi.vercel.app/en/pal/gobfin-ignis,0,3,0,14
2026-09-27,https://palworld-chi.vercel.app/en/pal/grizzbolt/breeding,0,2,0,41
2026-09-27,https://palworld-chi.vercel.app/en/pal/hangyu,0,2,0,15
2026-09-27,https://palworld-chi.vercel.app/en/pal/hartalis,0,13,0,10
2026-09-27,https://palworld-chi.vercel.app/en/pal/helzephyr,0,13,0,6.5
2026-09-27,https://palworld-chi.vercel.app/en/pal/helzephyr-lux,0,1,0,10
2026-09-27,https://palworld-chi.vercel.app/en/pal/helzephyr-lux/location,0,1,0,14
2026-09-27,https://palworld-chi.vercel.app/en/pal/helzephyr/location,0,17,0,7.5
2026-09-27,https://palworld-chi.vercel.app/en/pal/herbil,0,1,0,11
2026-09-27,https://palworld-chi.vercel.app/en/pal/jormuntide/location,0,11,0,9.9
2026-09-27,https://palworld-chi.vercel.app/en/pal/katress-ignis/location,0,7,0,18.3
2026-09-27,https://palworld-chi.vercel.app/en/pal/kingpaca-cryst/location,0,1,0,9
2026-09-27,https://palworld-chi.vercel.app/en/pal/kitsun-noct,0,2,0,31
2026-09-27,https://palworld-chi.vercel.app/en/pal/knocklem,0,9,0,8.4
2026-09-27,https://palworld-chi.vercel.app/en/pal/knocklem-ignis,0,2,0,9.5
2026-09-27,https://palworld-chi.vercel.app/en/pal/lamball,0,3,0,5.7
2026-09-27,https://palworld-chi.vercel.app/en/pal/lapure,0,3,0,27.3
2026-09-27,https://palworld-chi.vercel.app/en/pal/lovander,0,6,0,26.8
2026-09-27,https://palworld-chi.vercel.app/en/pal/lyleen/breeding,0,2,0,33.5
2026-09-27,https://palworld-chi.vercel.app/en/pal/mammorest-cryst/location,0,3,0,7
2026-09-27,https://palworld-chi.vercel.app/en/pal/maraith,0,3,0,11
2026-09-27,https://palworld-chi.vercel.app/en/pal/mossanda/location,0,2,0,7
2026-09-27,https://palworld-chi.vercel.app/en/pal/munchill,0,3,0,5.7
2026-09-27,https://palworld-chi.vercel.app/en/pal/necromus/breeding,0,2,0,23.5
2026-09-27,https://palworld-chi.vercel.app/en/pal/neptilius/location,0,9,0,7.1
2026-09-27,https://palworld-chi.vercel.app/en/pal/ophydia,0,7,0,8.7
2026-09-27,https://palworld-chi.vercel.app/en/pal/paladius/location,0,1,0,5
2026-09-27,https://palworld-chi.vercel.app/en/pal/panthalus/location,0,1,0,13
2026-09-27,https://palworld-chi.vercel.app/en/pal/pengullet,0,1,0,4
2026-09-27,https://palworld-chi.vercel.app/en/pal/penking,0,3,0,5.3
2026-09-27,https://palworld-chi.vercel.app/en/pal/penking/location,0,11,0,9.3
2026-09-27,https://palworld-chi.vercel.app/en/pal/petallia-ignis,0,1,0,8
2026-09-27,https://palworld-chi.vercel.app/en/pal/petallia/location,0,3,0,5.3
2026-09-27,https://palworld-chi.vercel.app/en/pal/pierdon,0,1,0,35
2026-09-27,https://palworld-chi.vercel.app/en/pal/prunelia,0,1,0,47
2026-09-27,https://palworld-chi.vercel.app/en/pal/quivern,0,1,0,7
2026-09-27,https://palworld-chi.vercel.app/en/pal/reptyro,0,3,0,13.7
2026-09-27,https://palworld-chi.vercel.app/en/pal/reptyro/location,0,2,0,7
2026-09-27,https://palworld-chi.vercel.app/en/pal/ribbuny,0,4,0,7.5
2026-09-27,https://palworld-chi.vercel.app/en/pal/ribbuny-botan,0,1,0,4
2026-09-27,https://palworld-chi.vercel.app/en/pal/selyne,0,14,0,10.6
2026-09-27,https://palworld-chi.vercel.app/en/pal/shadowbeak,0,1,0,62
2026-09-27,https://palworld-chi.vercel.app/en/pal/shaolong,0,6,0,14.3
2026-09-27,https://palworld-chi.vercel.app/en/pal/sibelyx/location,0,2,0,31.5
2026-09-27,https://palworld-chi.vercel.app/en/pal/skutlass,0,2,0,4
2026-09-27,https://palworld-chi.vercel.app/en/pal/smokie,0,2,0,13
2026-09-27,https://palworld-chi.vercel.app/en/pal/smokie/location,0,2,0,11
2026-09-27,https://palworld-chi.vercel.app/en/pal/snock-lux,0,1,0,11
2026-09-27,https://palworld-chi.vercel.app/en/pal/solenne,0,2,0,6.5
2026-09-27,https://palworld-chi.vercel.app/en/pal/sootseer,0,2,0,31.5
2026-09-27,https://palworld-chi.vercel.app/en/pal/sparkit,0,4,0,10.8
2026-09-27,https://palworld-chi.vercel.app/en/pal/suzaku,0,1,0,24
2026-09-27,https://palworld-chi.vercel.app/en/pal/suzaku-aqua,0,5,0,5.2
2026-09-27,https://palworld-chi.vercel.app/en/pal/tarantriss,0,1,0,2
2026-09-27,https://palworld-chi.vercel.app/en/pal/tocotoco,0,1,0,2
2026-09-27,https://palworld-chi.vercel.app/en/pal/tropicaw,0,3,0,11.3
2026-09-27,https://palworld-chi.vercel.app/en/pal/univolt-cryst,0,2,0,8
2026-09-27,https://palworld-chi.vercel.app/en/pal/vanwyrm,0,2,0,15.5
2026-09-27,https://palworld-chi.vercel.app/en/pal/venusa,0,1,0,10
2026-09-27,https://palworld-chi.vercel.app/en/pal/warsect-terra,0,2,0,17
2026-09-27,https://palworld-chi.vercel.app/en/pal/xenolord,0,6,0,10.5
2026-09-28,https://palworld-chi.vercel.app/en/breeding-calculator,0,3,0,3.7
2026-09-28,https://palworld-chi.vercel.app/en/guide/breeding,0,1,0,61
2026-09-28,https://palworld-chi.vercel.app/en/guide/endgame,0,30,0,5.3
2026-09-28,https://palworld-chi.vercel.app/en/guide/faq,0,2,0,6
2026-09-28,https://palworld-chi.vercel.app/en/guide/materials,0,15,0,7.2
2026-09-28,https://palworld-chi.vercel.app/en/guide/money,0,17,0,7.3
2026-09-28,https://palworld-chi.vercel.app/en/guide/tcg,0,3,0,8
2026-09-28,https://palworld-chi.vercel.app/en/item/meat-grassmammoth,0,2,0,44.5
2026-09-28,https://palworld-chi.vercel.app/en/items?category=Material,0,1,0,7
2026-09-28,https://palworld-chi.vercel.app/en/map,0,2,0,72
2026-09-28,https://palworld-chi.vercel.app/en/pal/aegidron,0,1,0,52
2026-09-28,https://palworld-chi.vercel.app/en/pal/astegon/location,0,13,0,11.8
2026-09-28,https://palworld-chi.vercel.app/en/pal/astralym/breeding,0,1,0,10
2026-09-28,https://palworld-chi.vercel.app/en/pal/azurobe-cryst,0,2,0,6
2026-09-28,https://palworld-chi.vercel.app/en/pal/beegarde,0,3,0,22.7
2026-09-28,https://palworld-chi.vercel.app/en/pal/blazamut,0,1,0,11
2026-09-28,https://palworld-chi.vercel.app/en/pal/cattiva,0,2,0,10
2026-09-28,https://palworld-chi.vercel.app/en/pal/chillet,0,1,0,9
2026-09-28,https://palworld-chi.vercel.app/en/pal/cinnamoth,0,3,0,8.7
2026-09-28,https://palworld-chi.vercel.app/en/pal/dandilord,0,11,0,9.2
2026-09-28,https://palworld-chi.vercel.app/en/pal/direhowl/location,0,3,0,9.7
2026-09-28,https://palworld-chi.vercel.app/en/pal/dualith,0,1,0,7
2026-09-28,https://palworld-chi.vercel.app/en/pal/dumud/location,0,6,0,5.3
2026-09-28,https://palworld-chi.vercel.app/en/pal/dynamoff,0,11,0,13.2
2026-09-28,https://palworld-chi.vercel.app/en/pal/elphidran-aqua,0,4,0,7.2
2026-09-28,https://palworld-chi.vercel.app/en/pal/faleris,0,4,0,6.5
2026-09-28,https://palworld-chi.vercel.app/en/pal/faleris-aqua,0,1,0,8
2026-09-28,https://palworld-chi.vercel.app/en/pal/flaracle,0,3,0,9.3
2026-09-28,https://palworld-chi.vercel.app/en/pal/foxcicle/location,0,1,0,7
2026-09-28,https://palworld-chi.vercel.app/en/pal/frostallion-noct/location,0,9,0,20.9
2026-09-28,https://palworld-chi.vercel.app/en/pal/galeclaw,0,1,0,10
2026-09-28,https://palworld-chi.vercel.app/en/pal/gildra,0,4,0,1.8
2026-09-28,https://palworld-chi.vercel.app/en/pal/gobfin,0,6,0,8.2
2026-09-28,https://palworld-chi.vercel.app/en/pal/gobfin-ignis,0,10,0,15.5
2026-09-28,https://palworld-chi.vercel.app/en/pal/grizzbolt/breeding,0,1,0,56
2026-09-28,https://palworld-chi.vercel.app/en/pal/hangyu,0,2,0,15.5
2026-09-28,https://palworld-chi.vercel.app/en/pal/hartalis,0,13,0,9.5
2026-09-28,https://palworld-chi.vercel.app/en/pal/helzephyr,0,9,0,5.9
2026-09-28,https://palworld-chi.vercel.app/en/pal/helzephyr-lux/location,0,1,0,6
2026-09-28,https://palworld-chi.vercel.app/en/pal/helzephyr/location,0,7,0,9.7
2026-09-28,https://palworld-chi.vercel.app/en/pal/jolthog-cryst,0,1,0,6
2026-09-28,https://palworld-chi.vercel.app/en/pal/katress-ignis/location,0,7,0,4
2026-09-28,https://palworld-chi.vercel.app/en/pal/kingpaca-cryst,0,1,0,10
2026-09-28,https://palworld-chi.vercel.app/en/pal/kingpaca-cryst/location,0,1,0,2
2026-09-28,https://palworld-chi.vercel.app/en/pal/knocklem,0,4,0,10
2026-09-28,https://palworld-chi.vercel.app/en/pal/knocklem-ignis,0,2,0,11.5
2026-09-28,https://palworld-chi.vercel.app/en/pal/lapure,0,2,0,6
2026-09-28,https://palworld-chi.vercel.app/en/pal/lovander,0,3,0,6.3
2026-09-28,https://palworld-chi.vercel.app/en/pal/maraith,0,3,0,11.7
2026-09-28,https://palworld-chi.vercel.app/en/pal/moldron,0,1,0,9
2026-09-28,https://palworld-chi.vercel.app/en/pal/mossanda/location,0,2,0,9.5
2026-09-28,https://palworld-chi.vercel.app/en/pal/muffly/breeding,0,1,0,4
2026-09-28,https://palworld-chi.vercel.app/en/pal/munchill,0,2,0,5.5
2026-09-28,https://palworld-chi.vercel.app/en/pal/mycora,0,1,0,8
2026-09-28,https://palworld-chi.vercel.app/en/pal/necromus/breeding,0,2,0,8
2026-09-28,https://palworld-chi.vercel.app/en/pal/ophydia,0,6,0,8
2026-09-28,https://palworld-chi.vercel.app/en/pal/paladius/location,0,1,0,8
2026-09-28,https://palworld-chi.vercel.app/en/pal/panthalus/location,0,1,0,6
2026-09-28,https://palworld-chi.vercel.app/en/pal/penking/location,0,5,0,8.6
2026-09-28,https://palworld-chi.vercel.app/en/pal/prunelia,0,2,0,7
2026-09-28,https://palworld-chi.vercel.app/en/pal/quivern,0,3,0,11.3
2026-09-28,https://palworld-chi.vercel.app/en/pal/reptyro,0,2,0,5
2026-09-28,https://palworld-chi.vercel.app/en/pal/reptyro/location,0,3,0,4
2026-09-28,https://palworld-chi.vercel.app/en/pal/ribbuny,0,3,0,9.7
2026-09-28,https://palworld-chi.vercel.app/en/pal/rooby,0,1,0,9
2026-09-28,https://palworld-chi.vercel.app/en/pal/selyne,0,9,0,12.9
2026-09-28,https://palworld-chi.vercel.app/en/pal/shaolong,0,4,0,6
2026-09-28,https://palworld-chi.vercel.app/en/pal/shroomer,0,2,0,10
2026-09-28,https://palworld-chi.vercel.app/en/pal/sibelyx/location,0,6,0,36.3
2026-09-28,https://palworld-chi.vercel.app/en/pal/skutlass,0,3,0,7
2026-09-28,https://palworld-chi.vercel.app/en/pal/smokie,0,5,0,15.4
2026-09-28,https://palworld-chi.vercel.app/en/pal/smokie-cryst,0,1,0,41
2026-09-28,https://palworld-chi.vercel.app/en/pal/solenne,0,1,0,11
2026-09-28,https://palworld-chi.vercel.app/en/pal/sparkit,0,7,0,10.3
2026-09-28,https://palworld-chi.vercel.app/en/pal/suzaku-aqua,0,1,0,8
2026-09-28,https://palworld-chi.vercel.app/en/pal/univolt-cryst,0,5,0,1
2026-09-28,https://palworld-chi.vercel.app/en/pal/vanwyrm,0,1,0,8
2026-09-29,https://palworld-chi.vercel.app/en/guide/endgame,0,16,0,6.8
2026-09-29,https://palworld-chi.vercel.app/en/guide/faq,0,2,0,6.5
2026-09-29,https://palworld-chi.vercel.app/en/guide/materials,0,8,0,7.5
2026-09-29,https://palworld-chi.vercel.app/en/guide/money,0,16,0,8
2026-09-29,https://palworld-chi.vercel.app/en/guide/passives,0,1,0,4
2026-09-29,https://palworld-chi.vercel.app/en/item/bakedmeat-icecrocodile,0,1,0,4
2026-09-29,https://palworld-chi.vercel.app/en/item/cloth2,0,1,0,69
2026-09-29,https://palworld-chi.vercel.app/en/item/meat-grassmammoth,0,1,0,11
2026-09-29,https://palworld-chi.vercel.app/en/item/shield-01,0,1,0,14
2026-09-29,https://palworld-chi.vercel.app/en/map,0,8,0,58.1
2026-09-29,https://palworld-chi.vercel.app/en/pal/aegidron,0,3,0,12
2026-09-29,https://palworld-chi.vercel.app/en/pal/anubis/location,0,1,0,1
2026-09-29,https://palworld-chi.vercel.app/en/pal/astegon/location,0,10,0,8.2
2026-09-29,https://palworld-chi.vercel.app/en/pal/astralym/breeding,0,1,0,2
2026-09-29,https://palworld-chi.vercel.app/en/pal/azurobe-cryst,0,1,0,7
2026-09-29,https://palworld-chi.vercel.app/en/pal/beegarde,0,5,0,28.8
2026-09-29,https://palworld-chi.vercel.app/en/pal/bellanoir-libero,0,1,0,10
2026-09-29,https://palworld-chi.vercel.app/en/pal/blazamut,0,4,0,6.8
2026-09-29,https://palworld-chi.vercel.app/en/pal/bushi,0,3,0,9.7
2026-09-29,https://palworld-chi.vercel.app/en/pal/celesdir,0,3,0,6.7
2026-09-29,https://palworld-chi.vercel.app/en/pal/chillet,0,5,0,8.2
2026-09-29,https://palworld-chi.vercel.app/en/pal/cinnamoth,0,1,0,49
2026-09-29,https://palworld-chi.vercel.app/en/pal/cryolinx-terra,0,4,0,32.5
2026-09-29,https://palworld-chi.vercel.app/en/pal/dandilord,0,8,0,4.2
2026-09-29,https://palworld-chi.vercel.app/en/pal/dazzi-noct,0,3,0,25.7
2026-09-29,https://palworld-chi.vercel.app/en/pal/depresso,0,2,0,20
2026-09-29,https://palworld-chi.vercel.app/en/pal/direhowl/location,0,5,0,7.2
2026-09-29,https://palworld-chi.vercel.app/en/pal/dumud/location,0,4,0,7.5
2026-09-29,https://palworld-chi.vercel.app/en/pal/dynamoff,0,7,0,4.6
2026-09-29,https://palworld-chi.vercel.app/en/pal/eidrolon/location,0,1,0,7
2026-09-29,https://palworld-chi.vercel.app/en/pal/elphidran-aqua,0,1,0,1
2026-09-29,https://palworld-chi.vercel.app/en/pal/faleris,0,2,0,8
2026-09-29,https://palworld-chi.vercel.app/en/pal/faleris-aqua,0,1,0,9
2026-09-29,https://palworld-chi.vercel.app/en/pal/flaracle,0,2,0,4.5
2026-09-29,https://palworld-chi.vercel.app/en/pal/foxcicle/location,0,1,0,53
2026-09-29,https://palworld-chi.vercel.app/en/pal/foxparks,0,2,0,16
2026-09-29,https://palworld-chi.vercel.app/en/pal/frostallion-noct/location,0,9,0,13.4
2026-09-29,https://palworld-chi.vercel.app/en/pal/frostplume,0,5,0,5
2026-09-29,https://palworld-chi.vercel.app/en/pal/gobfin,0,6,0,6.3
2026-09-29,https://palworld-chi.vercel.app/en/pal/gobfin-ignis,0,2,0,16.5
2026-09-29,https://palworld-chi.vercel.app/en/pal/hartalis,0,8,0,13.5
2026-09-29,https://palworld-chi.vercel.app/en/pal/helzephyr,0,3,0,29
2026-09-29,https://palworld-chi.vercel.app/en/pal/helzephyr-lux/location,0,1,0,13
2026-09-29,https://palworld-chi.vercel.app/en/pal/helzephyr/location,0,1,0,10
2026-09-29,https://palworld-chi.vercel.app/en/pal/herbil,0,1,0,11
2026-09-29,https://palworld-chi.vercel.app/en/pal/katress-ignis/location,0,3,0,8.7
2026-09-29,https://palworld-chi.vercel.app/en/pal/kingpaca-cryst/location,0,1,0,8
2026-09-29,https://palworld-chi.vercel.app/en/pal/kitsun-noct,0,2,0,9
2026-09-29,https://palworld-chi.vercel.app/en/pal/knocklem,0,3,0,9
2026-09-29,https://palworld-chi.vercel.app/en/pal/knocklem-ignis,0,1,0,62
2026-09-29,https://palworld-chi.vercel.app/en/pal/lapure,0,1,0,1
2026-09-29,https://palworld-chi.vercel.app/en/pal/lovander,0,9,0,7.3
2026-09-29,https://palworld-chi.vercel.app/en/pal/lyleen/breeding,0,2,0,8.5
2026-09-29,https://palworld-chi.vercel.app/en/pal/mammorest,0,1,0,11
2026-09-29,https://palworld-chi.vercel.app/en/pal/mammorest-cryst/location,0,4,0,7
2026-09-29,https://palworld-chi.vercel.app/en/pal/maraith,0,7,0,10
2026-09-29,https://palworld-chi.vercel.app/en/pal/moldron,0,1,0,51
2026-09-29,https://palworld-chi.vercel.app/en/pal/mossanda/location,0,1,0,5
2026-09-29,https://palworld-chi.vercel.app/en/pal/munchill,0,2,0,6.5
2026-09-29,https://palworld-chi.vercel.app/en/pal/mycora,0,3,0,8.3
2026-09-29,https://palworld-chi.vercel.app/en/pal/necromus/breeding,0,1,0,8
2026-09-29,https://palworld-chi.vercel.app/en/pal/omascul,0,1,0,9
2026-09-29,https://palworld-chi.vercel.app/en/pal/ophydia,0,16,0,9.4
2026-09-29,https://palworld-chi.vercel.app/en/pal/panthalus/location,0,1,0,4
2026-09-29,https://palworld-chi.vercel.app/en/pal/penking,0,3,0,17.3
2026-09-29,https://palworld-chi.vercel.app/en/pal/penking/location,0,2,0,9.5
2026-09-29,https://palworld-chi.vercel.app/en/pal/petallia-ignis,0,1,0,9
2026-09-29,https://palworld-chi.vercel.app/en/pal/petallia/location,0,3,0,6
2026-09-29,https://palworld-chi.vercel.app/en/pal/prunelia,0,2,0,5.5
2026-09-29,https://palworld-chi.vercel.app/en/pal/rayhound,0,1,0,62
2026-09-29,https://palworld-chi.vercel.app/en/pal/rayhound-cryst,0,1,0,75
2026-09-29,https://palworld-chi.vercel.app/en/pal/reptyro/location,0,3,0,9.7
2026-09-29,https://palworld-chi.vercel.app/en/pal/ribbuny,0,1,0,9
2026-09-29,https://palworld-chi.vercel.app/en/pal/rooby,0,1,0,11
2026-09-29,https://palworld-chi.vercel.app/en/pal/selyne,0,2,0,30
2026-09-29,https://palworld-chi.vercel.app/en/pal/shadowbeak,0,1,0,4
2026-09-29,https://palworld-chi.vercel.app/en/pal/shaolong,0,3,0,40
2026-09-29,https://palworld-chi.vercel.app/en/pal/shroomer,0,3,0,6
2026-09-29,https://palworld-chi.vercel.app/en/pal/sibelyx/location,0,6,0,29.3
2026-09-29,https://palworld-chi.vercel.app/en/pal/smokie,0,11,0,9
2026-09-29,https://palworld-chi.vercel.app/en/pal/smokie/location,0,2,0,8
2026-09-29,https://palworld-chi.vercel.app/en/pal/sootseer,0,2,0,8
2026-09-29,https://palworld-chi.vercel.app/en/pal/sparkit,0,3,0,12.7
2026-09-29,https://palworld-chi.vercel.app/en/pal/starryon,0,1,0,7
2026-09-29,https://palworld-chi.vercel.app/en/pal/tanzee,0,3,0,14.3
2026-09-29,https://palworld-chi.vercel.app/en/pal/tropicaw,0,4,0,11
2026-09-29,https://palworld-chi.vercel.app/en/pal/turtacle/breeding,0,2,0,7.5
2026-09-29,https://palworld-chi.vercel.app/en/pal/univolt-cryst,0,4,0,2
2026-09-29,https://palworld-chi.vercel.app/en/pal/vanwyrm,0,1,0,13
2026-09-29,https://palworld-chi.vercel.app/en/pal/venusa,0,1,0,11
2026-09-30,https://palworld-chi.vercel.app/en/guide/beginner,0,2,0,7
2026-09-30,https://palworld-chi.vercel.app/en/guide/breeding,0,1,0,3
2026-09-30,https://palworld-chi.vercel.app/en/guide/faq,0,5,0,18.4
2026-09-30,https://palworld-chi.vercel.app/en/guide/materials,0,6,0,8
2026-09-30,https://palworld-chi.vercel.app/en/guide/money,0,17,0,10
2026-09-30,https://palworld-chi.vercel.app/en/guide/passives,0,1,0,9
2026-09-30,https://palworld-chi.vercel.app/en/guide/tcg,0,1,0,10
2026-09-30,https://palworld-chi.vercel.app/en/item/blueprint-accessory-hchp-1,0,2,0,18.5
2026-09-30,https://palworld-chi.vercel.app/en/item/blueprint-otomo-dfearth-elementboost-1,0,1,0,9
2026-09-30,https://palworld-chi.vercel.app/en/item/otomo-dfelectricity-elementboost-1,0,1,0,7
2026-09-30,https://palworld-chi.vercel.app/en/items?category=Material,0,4,0,4.2
2026-09-30,https://palworld-chi.vercel.app/en/map,0,4,0,50.8
2026-09-30,https://palworld-chi.vercel.app/en/pal/aegidron,0,1,0,53
2026-09-30,https://palworld-chi.vercel.app/en/pal/anubis/location,0,5,0,7
2026-09-30,https://palworld-chi.vercel.app/en/pal/astegon/location,0,4,0,9.8
2026-09-30,https://palworld-chi.vercel.app/en/pal/astralym,0,2,0,9
2026-09-30,https://palworld-chi.vercel.app/en/pal/azurobe-cryst,0,2,0,6
2026-09-30,https://palworld-chi.vercel.app/en/pal/beegarde,0,2,0,12.5
2026-09-30,https://palworld-chi.vercel.app/en/pal/bellanoir-libero,0,6,0,9.2
2026-09-30,https://palworld-chi.vercel.app/en/pal/blazamut/location,0,1,0,7
2026-09-30,https://palworld-chi.vercel.app/en/pal/bulldosu,0,1,0,32
2026-09-30,https://palworld-chi.vercel.app/en/pal/bushi,0,3,0,9.3
2026-09-30,https://palworld-chi.vercel.app/en/pal/cattiva,0,1,0,10
2026-09-30,https://palworld-chi.vercel.app/en/pal/celaray-lux,0,1,0,2
2026-09-30,https://palworld-chi.vercel.app/en/pal/chillet,0,5,0,6.2
2026-09-30,https://palworld-chi.vercel.app/en/pal/cinnamoth,0,1,0,11
2026-09-30,https://palworld-chi.vercel.app/en/pal/cryolinx-terra,0,7,0,13.4
2026-09-30,https://palworld-chi.vercel.app/en/pal/dandilord,0,4,0,27.2
2026-09-30,https://palworld-chi.vercel.app/en/pal/dazzi-noct,0,1,0,17
2026-09-30,https://palworld-chi.vercel.app/en/pal/depresso,0,2,0,16
2026-09-30,https://palworld-chi.vercel.app/en/pal/direhowl/location,0,1,0,8
2026-09-30,https://palworld-chi.vercel.app/en/pal/dumud/location,0,2,0,30
2026-09-30,https://palworld-chi.vercel.app/en/pal/dynamoff,0,8,0,17.2
2026-09-30,https://palworld-chi.vercel.app/en/pal/eidrolon/location,0,1,0,43
2026-09-30,https://palworld-chi.vercel.app/en/pal/eikthyrdeer/location,0,2,0,7
2026-09-30,https://palworld-chi.vercel.app/en/pal/elphidran-aqua,0,7,0,16.4
2026-09-30,https://palworld-chi.vercel.app/en/pal/faleris,0,2,0,11
2026-09-30,https://palworld-chi.vercel.app/en/pal/flaracle,0,1,0,7
2026-09-30,https://palworld-chi.vercel.app/en/pal/foxparks,0,1,0,1
2026-09-30,https://palworld-chi.vercel.app/en/pal/frostallion-noct/location,0,7,0,19.4
2026-09-30,https://palworld-chi.vercel.app/en/pal/frostplume,0,10,0,4.1
2026-09-30,https://palworld-chi.vercel.app/en/pal/galeclaw,0,5,0,1.2
2026-09-30,https://palworld-chi.vercel.app/en/pal/gobfin,0,18,0,4.5
2026-09-30,https://palworld-chi.vercel.app/en/pal/gobfin-ignis,0,4,0,22
2026-09-30,https://palworld-chi.vercel.app/en/pal/hartalis,0,8,0,12.2
2026-09-30,https://palworld-chi.vercel.app/en/pal/helzephyr,0,1,0,75
2026-09-30,https://palworld-chi.vercel.app/en/pal/helzephyr-lux/location,0,1,0,7
2026-09-30,https://palworld-chi.vercel.app/en/pal/helzephyr/location,0,3,0,25
2026-09-30,https://palworld-chi.vercel.app/en/pal/herbil,0,1,0,15
2026-09-30,https://palworld-chi.vercel.app/en/pal/jolthog-cryst,0,1,0,8
2026-09-30,https://palworld-chi.vercel.app/en/pal/kingpaca-cryst/location,0,1,0,11
2026-09-30,https://palworld-chi.vercel.app/en/pal/knocklem,0,7,0,17
2026-09-30,https://palworld-chi.vercel.app/en/pal/lapure,0,1,0,10
2026-09-30,https://palworld-chi.vercel.app/en/pal/lovander,0,12,0,16.6
2026-09-30,https://palworld-chi.vercel.app/en/pal/lunaris,0,1,0,6
2026-09-30,https://palworld-chi.vercel.app/en/pal/lyleen/breeding,0,2,0,34
2026-09-30,https://palworld-chi.vercel.app/en/pal/maraith,0,7,0,11.6
2026-09-30,https://palworld-chi.vercel.app/en/pal/moldron,0,2,0,7.5
2026-09-30,https://palworld-chi.vercel.app/en/pal/mossanda,0,1,0,1
2026-09-30,https://palworld-chi.vercel.app/en/pal/omascul,0,1,0,6
2026-09-30,https://palworld-chi.vercel.app/en/pal/ophydia,0,3,0,5.7
2026-09-30,https://palworld-chi.vercel.app/en/pal/pengullet-lux,0,1,0,2
2026-09-30,https://palworld-chi.vercel.app/en/pal/penking,0,1,0,4
2026-09-30,https://palworld-chi.vercel.app/en/pal/penking/location,0,5,0,8
2026-09-30,https://palworld-chi.vercel.app/en/pal/petallia-ignis,0,3,0,14.3
2026-09-30,https://palworld-chi.vercel.app/en/pal/puffolt,0,1,0,11
2026-09-30,https://palworld-chi.vercel.app/en/pal/quivern,0,2,0,16
2026-09-30,https://palworld-chi.vercel.app/en/pal/rayhound,0,1,0,67
2026-09-30,https://palworld-chi.vercel.app/en/pal/reptyro-cryst,0,1,0,9
2026-09-30,https://palworld-chi.vercel.app/en/pal/reptyro/location,0,1,0,2
2026-09-30,https://palworld-chi.vercel.app/en/pal/ribbuny,0,1,0,7
2026-09-30,https://palworld-chi.vercel.app/en/pal/shadowbeak,0,1,0,7
2026-09-30,https://palworld-chi.vercel.app/en/pal/shaolong,0,2,0,10.5
2026-09-30,https://palworld-chi.vercel.app/en/pal/shroomer,0,5,0,10.6
2026-09-30,https://palworld-chi.vercel.app/en/pal/solmora-lux,0,1,0,4
2026-09-30,https://palworld-chi.vercel.app/en/pal/sparkit,0,6,0,10.3
2026-09-30,https://palworld-chi.vercel.app/en/pal/tanzee,0,2,0,17.5
2026-09-30,https://palworld-chi.vercel.app/en/pal/tropicaw,0,1,0,1
2026-09-30,https://palworld-chi.vercel.app/en/pal/vanwyrm,0,1,0,4
2026-09-30,https://palworld-chi.vercel.app/en/pal/vanwyrm-cryst,0,1,0,10
2026-09-30,https://palworld-chi.vercel.app/en/pal/venusa,0,1,0,10
2026-09-30,https://palworld-chi.vercel.app/en/pal/warsect-terra,0,2,0,9.5
2026-09-30,https://palworld-chi.vercel.app/en/pal/whalaska-ignis,0,1,0,10
2026-09-30,https://palworld-chi.vercel.app/en/pal/xenogard,0,1,0,8
2026-09-30,https://palworld-chi.vercel.app/en/pal/xenolord,0,1,0,10
2026-10-01,https://palworld-chi.vercel.app/en/guide/materials,0,4,0,7.8
2026-10-01,https://palworld-chi.vercel.app/en/guide/money,0,16,0,7.9
2026-10-01,https://palworld-chi.vercel.app/en/item/blueprint-accessory-hchp-1,0,1,0,9
2026-10-01,https://palworld-chi.vercel.app/en/item/meat-grassmammoth,0,2,0,34
2026-10-01,https://palworld-chi.vercel.app/en/map,0,9,0,64.7
2026-10-01,https://palworld-chi.vercel.app/en/pal/aegidron,0,3,0,50.3
2026-10-01,https://palworld-chi.vercel.app/en/pal/anubis/location,0,3,0,8
2026-10-01,https://palworld-chi.vercel.app/en/pal/astegon/location,0,11,0,17.6
2026-10-01,https://palworld-chi.vercel.app/en/pal/azurobe-cryst,0,2,0,63
2026-10-01,https://palworld-chi.vercel.app/en/pal/bellanoir-libero,0,1,0,23
2026-10-01,https://palworld-chi.vercel.app/en/pal/bulldosu,0,1,0,22
2026-10-01,https://palworld-chi.vercel.app/en/pal/bushi,0,2,0,10
2026-10-01,https://palworld-chi.vercel.app/en/pal/cattiva,0,1,0,5
2026-10-01,https://palworld-chi.vercel.app/en/pal/celesdir,0,1,0,47
2026-10-01,https://palworld-chi.vercel.app/en/pal/chillet-ignis,0,1,0,9
2026-10-01,https://palworld-chi.vercel.app/en/pal/cryolinx-terra,0,5,0,7.6
2026-10-01,https://palworld-chi.vercel.app/en/pal/dandilord,0,4,0,7.8
2026-10-01,https://palworld-chi.vercel.app/en/pal/dazzi-noct,0,2,0,30
2026-10-01,https://palworld-chi.vercel.app/en/pal/direhowl/location,0,2,0,9
2026-10-01,https://palworld-chi.vercel.app/en/pal/dumud/location,0,4,0,10.2
2026-10-01,https://palworld-chi.vercel.app/en/pal/dynamoff,0,2,0,5
2026-10-01,https://palworld-chi.vercel.app/en/pal/eidrolon/location,0,1,0,10
2026-10-01,https://palworld-chi.vercel.app/en/pal/eikthyrdeer/location,0,2,0,8.5
2026-10-01,https://palworld-chi.vercel.app/en/pal/elphidran-aqua,0,2,0,9
2026-10-01,https://palworld-chi.vercel.app/en/pal/faleris,0,4,0,42
2026-10-01,https://palworld-chi.vercel.app/en/pal/frostallion-noct/location,0,9,0,16
2026-10-01,https://palworld-chi.vercel.app/en/pal/gildra,0,1,0,29
2026-10-01,https://palworld-chi.vercel.app/en/pal/gobfin,0,3,0,9.7
2026-10-01,https://palworld-chi.vercel.app/en/pal/gobfin-ignis,0,1,0,11
2026-10-01,https://palworld-chi.vercel.app/en/pal/hangyu-cryst,0,1,0,11
2026-10-01,https://palworld-chi.vercel.app/en/pal/hartalis,0,3,0,10
2026-10-01,https://palworld-chi.vercel.app/en/pal/helzephyr,0,1,0,28
2026-10-01,https://palworld-chi.vercel.app/en/pal/helzephyr-lux/location,0,2,0,33
2026-10-01,https://palworld-chi.vercel.app/en/pal/helzephyr/location,0,2,0,12
2026-10-01,https://palworld-chi.vercel.app/en/pal/katress-ignis/location,0,4,0,7
2026-10-01,https://palworld-chi.vercel.app/en/pal/kikit,0,1,0,11
2026-10-01,https://palworld-chi.vercel.app/en/pal/kingpaca-cryst,0,2,0,8
2026-10-01,https://palworld-chi.vercel.app/en/pal/kitsun/location,0,1,0,1
2026-10-01,https://palworld-chi.vercel.app/en/pal/knocklem,0,3,0,8.7
2026-10-01,https://palworld-chi.vercel.app/en/pal/knocklem-ignis,0,2,0,4
2026-10-01,https://palworld-chi.vercel.app/en/pal/lovander,0,5,0,8
2026-10-01,https://palworld-chi.vercel.app/en/pal/lunaris,0,1,0,5
2026-10-01,https://palworld-chi.vercel.app/en/pal/lyleen/breeding,0,2,0,7
2026-10-01,https://palworld-chi.vercel.app/en/pal/munchill,0,2,0,28
2026-10-01,https://palworld-chi.vercel.app/en/pal/ophydia,0,1,0,42
2026-10-01,https://palworld-chi.vercel.app/en/pal/pengullet,0,1,0,9
2026-10-01,https://palworld-chi.vercel.app/en/pal/penking/location,0,3,0,6.7
2026-10-01,https://palworld-chi.vercel.app/en/pal/petallia/location,0,1,0,10
2026-10-01,https://palworld-chi.vercel.app/en/pal/prunelia,0,3,0,20.3
2026-10-01,https://palworld-chi.vercel.app/en/pal/quivern,0,2,0,7
2026-10-01,https://palworld-chi.vercel.app/en/pal/rayhound,0,1,0,60
2026-10-01,https://palworld-chi.vercel.app/en/pal/reptyro-cryst,0,1,0,8
2026-10-01,https://palworld-chi.vercel.app/en/pal/reptyro/location,0,7,0,15.1
2026-10-01,https://palworld-chi.vercel.app/en/pal/selyne,0,1,0,54
2026-10-01,https://palworld-chi.vercel.app/en/pal/shadowbeak,0,2,0,50.5
2026-10-01,https://palworld-chi.vercel.app/en/pal/shaolong,0,2,0,14.5
2026-10-01,https://palworld-chi.vercel.app/en/pal/shroomer,0,4,0,12.8
2026-10-01,https://palworld-chi.vercel.app/en/pal/skutlass,0,1,0,43
2026-10-01,https://palworld-chi.vercel.app/en/pal/snock-lux,0,1,0,1
2026-10-01,https://palworld-chi.vercel.app/en/pal/sparkit,0,1,0,56
2026-10-01,https://palworld-chi.vercel.app/en/pal/splatterina,0,1,0,52
2026-10-01,https://palworld-chi.vercel.app/en/pal/univolt-cryst,0,3,0,30.3
2026-10-01,https://palworld-chi.vercel.app/en/pal/univolt/breeding,0,1,0,9
2026-10-01,https://palworld-chi.vercel.app/en/pal/vanwyrm-cryst,0,1,0,17
2026-10-01,https://palworld-chi.vercel.app/en/pal/venusa,0,1,0,9
2026-10-01,https://palworld-chi.vercel.app/en/pal/warsect,0,1,0,6
2026-10-01,https://palworld-chi.vercel.app/en/pal/warsect-terra,0,2,0,47.5
2026-10-01,https://palworld-chi.vercel.app/en/pal/whalaska-ignis,0,2,0,33.5
2026-10-01,https://palworld-chi.vercel.app/en/pal/xenogard,0,1,0,11
2026-10-01,https://palworld-chi.vercel.app/en/pal/xenolord,0,1,0,9
2026-10-02,https://palworld-chi.vercel.app/en/guide/endgame,0,16,0,6.2
2026-10-02,https://palworld-chi.vercel.app/en/guide/faq,0,3,0,5
2026-10-02,https://palworld-chi.vercel.app/en/guide/materials,0,5,0,7.6
2026-10-02,https://palworld-chi.vercel.app/en/guide/money,0,12,0,8.9
2026-10-02,https://palworld-chi.vercel.app/en/guide/passives,0,1,0,3
2026-10-02,https://palworld-chi.vercel.app/en/guide/tcg,0,1,0,2
2026-10-02,https://palworld-chi.vercel.app/en/guide/world-tree,0,82,0,7.8
2026-10-02,https://palworld-chi.vercel.app/en/item/blueprint-energyshotgun-4,0,1,0,12
2026-10-02,https://palworld-chi.vercel.app/en/item/cloth2,0,1,0,54
2026-10-02,https://palworld-chi.vercel.app/en/item/meat-grassmammoth,0,1,0,65
2026-10-02,https://palworld-chi.vercel.app/en/item/rainbowcrystal,0,1,0,7
2026-10-02,https://palworld-chi.vercel.app/en/map,0,9,0,63.6
2026-10-02,https://palworld-chi.vercel.app/en/pal/anubis,0,1,0,10
2026-10-02,https://palworld-chi.vercel.app/en/pal/anubis/location,0,3,0,7
2026-10-02,https://palworld-chi.vercel.app/en/pal/astegon/location,0,3,0,8
2026-10-02,https://palworld-chi.vercel.app/en/pal/astralym,0,2,0,7.5
2026-10-02,https://palworld-chi.vercel.app/en/pal/astralym/breeding,0,1,0,1
2026-10-02,https://palworld-chi.vercel.app/en/pal/bellanoir-libero,0,1,0,10
2026-10-02,https://palworld-chi.vercel.app/en/pal/blazamut,0,1,0,66
2026-10-02,https://palworld-chi.vercel.app/en/pal/bushi,0,6,0,10.3
2026-10-02,https://palworld-chi.vercel.app/en/pal/cattiva,0,2,0,7
2026-10-02,https://palworld-chi.vercel.app/en/pal/celesdir,0,4,0,40
2026-10-02,https://palworld-chi.vercel.app/en/pal/chillet,0,1,0,73
2026-10-02,https://palworld-chi.vercel.app/en/pal/chillet-ignis,0,1,0,16
2026-10-02,https://palworld-chi.vercel.app/en/pal/cinnamoth,0,2,0,45
2026-10-02,https://palworld-chi.vercel.app/en/pal/croajiro-noct,0,2,0,40.5
2026-10-02,https://palworld-chi.vercel.app/en/pal/dandilord,0,6,0,26.8
2026-10-02,https://palworld-chi.vercel.app/en/pal/depresso,0,3,0,51
2026-10-02,https://palworld-chi.vercel.app/en/pal/direhowl/location,0,14,0,10.9
2026-10-02,https://palworld-chi.vercel.app/en/pal/dynamoff,0,3,0,18.3
2026-10-02,https://palworld-chi.vercel.app/en/pal/faleris,0,3,0,44.7
2026-10-02,https://palworld-chi.vercel.app/en/pal/foxparks,0,1,0,1
2026-10-02,https://palworld-chi.vercel.app/en/pal/frostallion-noct/location,0,8,0,31.6
2026-10-02,https://palworld-chi.vercel.app/en/pal/gobfin,0,5,0,5
2026-10-02,https://palworld-chi.vercel.app/en/pal/gobfin-ignis,0,2,0,13.5
2026-10-02,https://palworld-chi.vercel.app/en/pal/hartalis,0,8,0,19.4
2026-10-02,https://palworld-chi.vercel.app/en/pal/helzephyr,0,1,0,83
2026-10-02,https://palworld-chi.vercel.app/en/pal/helzephyr/location,0,4,0,6.8
2026-10-02,https://palworld-chi.vercel.app/en/pal/herbil,0,2,0,27
2026-10-02,https://palworld-chi.vercel.app/en/pal/jolthog-cryst,0,1,0,7
2026-10-02,https://palworld-chi.vercel.app/en/pal/katress-ignis/location,0,4,0,21.5
2026-10-02,https://palworld-chi.vercel.app/en/pal/knocklem,0,1,0,11
2026-10-02,https://palworld-chi.vercel.app/en/pal/knocklem-ignis,0,1,0,6
2026-10-02,https://palworld-chi.vercel.app/en/pal/lamball,0,1,0,7
2026-10-02,https://palworld-chi.vercel.app/en/pal/lapure,0,3,0,39.7
2026-10-02,https://palworld-chi.vercel.app/en/pal/lifmunk/breeding,0,3,0,21.3
2026-10-02,https://palworld-chi.vercel.app/en/pal/lovander,0,8,0,30.1
2026-10-02,https://palworld-chi.vercel.app/en/pal/lyleen/breeding,0,3,0,6
2026-10-02,https://palworld-chi.vercel.app/en/pal/maraith,0,1,0,11
2026-10-02,https://palworld-chi.vercel.app/en/pal/munchill,0,7,0,5.6
2026-10-02,https://palworld-chi.vercel.app/en/pal/neptilius/location,0,2,0,11
2026-10-02,https://palworld-chi.vercel.app/en/pal/omascul,0,1,0,6
2026-10-02,https://palworld-chi.vercel.app/en/pal/ophydia,0,7,0,11.6
2026-10-02,https://palworld-chi.vercel.app/en/pal/pengullet,0,1,0,8
2026-10-02,https://palworld-chi.vercel.app/en/pal/penking,0,3,0,44
2026-10-02,https://palworld-chi.vercel.app/en/pal/penking/location,0,3,0,40.3
2026-10-02,https://palworld-chi.vercel.app/en/pal/petallia-ignis,0,1,0,32
2026-10-02,https://palworld-chi.vercel.app/en/pal/petallia/breeding,0,1,0,10
2026-10-02,https://palworld-chi.vercel.app/en/pal/petallia/location,0,1,0,7
2026-10-02,https://palworld-chi.vercel.app/en/pal/quivern,0,1,0,8
2026-10-02,https://palworld-chi.vercel.app/en/pal/rayhound,0,2,0,59.5
2026-10-02,https://palworld-chi.vercel.app/en/pal/rayhound-cryst,0,1,0,74
2026-10-02,https://palworld-chi.vercel.app/en/pal/reindrix/location,0,1,0,11
2026-10-02,https://palworld-chi.vercel.app/en/pal/reptyro,0,1,0,20
2026-10-02,https://palworld-chi.vercel.app/en/pal/reptyro-cryst,0,2,0,64
2026-10-02,https://palworld-chi.vercel.app/en/pal/reptyro/location,0,1,0,22
2026-10-02,https://palworld-chi.vercel.app/en/pal/ribbuny,0,1,0,15
2026-10-02,https://palworld-chi.vercel.app/en/pal/selyne,0,2,0,51
2026-10-02,https://palworld-chi.vercel.app/en/pal/shadowbeak,0,4,0,50.5
2026-10-02,https://palworld-chi.vercel.app/en/pal/shaolong,0,5,0,24.2
2026-10-02,https://palworld-chi.vercel.app/en/pal/skutlass,0,2,0,22
2026-10-02,https://palworld-chi.vercel.app/en/pal/smokie,0,1,0,59
2026-10-02,https://palworld-chi.vercel.app/en/pal/sootseer,0,1,0,10
2026-10-02,https://palworld-chi.vercel.app/en/pal/sparkit,0,1,0,19
2026-10-02,https://palworld-chi.vercel.app/en/pal/starryon,0,1,0,59
2026-10-02,https://palworld-chi.vercel.app/en/pal/tropicaw,0,5,0,5.4
2026-10-02,https://palworld-chi.vercel.app/en/pal/turtacle/breeding,0,3,0,60.7
2026-10-02,https://palworld-chi.vercel.app/en/pal/univolt-cryst,0,1,0,2
2026-10-02,https://palworld-chi.vercel.app/en/pal/warsect-terra,0,2,0,8
2026-10-03,https://palworld-chi.vercel.app/en/breeding-calculator,0,1,0,2
2026-10-03,https://palworld-chi.vercel.app/en/guide/faq,0,8,0,25.4
2026-10-03,https://palworld-chi.vercel.app/en/guide/materials,0,5,0,11.8
2026-10-03,https://palworld-chi.vercel.app/en/guide/money,0,11,0,7.3
2026-10-03,https://palworld-chi.vercel.app/en/guide/new-pals,0,1,0,7
2026-10-03,https://palworld-chi.vercel.app/en/guide/passives,0,1,0,3
2026-10-03,https://palworld-chi.vercel.app/en/item/rainbowcrystal,0,1,0,7
2026-10-03,https://palworld-chi.vercel.app/en/map,0,3,0,71.7
2026-10-03,https://palworld-chi.vercel.app/en/pal/aegidron,0,4,0,15.5
2026-10-03,https://palworld-chi.vercel.app/en/pal/amione,0,2,0,10
2026-10-03,https://palworld-chi.vercel.app/en/pal/anubis,0,1,0,8
2026-10-03,https://palworld-chi.vercel.app/en/pal/anubis/location,0,6,0,7.5
2026-10-03,https://palworld-chi.vercel.app/en/pal/astralym,0,1,0,7
2026-10-03,https://palworld-chi.vercel.app/en/pal/astralym/breeding,0,1,0,9
2026-10-03,https://palworld-chi.vercel.app/en/pal/azurobe-cryst,0,2,0,29.5
2026-10-03,https://palworld-chi.vercel.app/en/pal/bellanoir-libero,0,2,0,33
2026-10-03,https://palworld-chi.vercel.app/en/pal/blazamut/location,0,1,0,7
2026-10-03,https://palworld-chi.vercel.app/en/pal/bushi,0,5,0,17
2026-10-03,https://palworld-chi.vercel.app/en/pal/celesdir,0,4,0,9.5
2026-10-03,https://palworld-chi.vercel.app/en/pal/cinnamoth,0,1,0,10
2026-10-03,https://palworld-chi.vercel.app/en/pal/cryolinx-terra,0,1,0,50
2026-10-03,https://palworld-chi.vercel.app/en/pal/dandilord,0,1,0,3
2026-10-03,https://palworld-chi.vercel.app/en/pal/dazzi-noct,0,1,0,22
2026-10-03,https://palworld-chi.vercel.app/en/pal/depresso,0,6,0,23.3
2026-10-03,https://palworld-chi.vercel.app/en/pal/dinossom,0,1,0,11
2026-10-03,https://palworld-chi.vercel.app/en/pal/direhowl/location,0,4,0,6.5
2026-10-03,https://palworld-chi.vercel.app/en/pal/dualith,0,3,0,28.7
2026-10-03,https://palworld-chi.vercel.app/en/pal/dumud/location,0,2,0,10.5
2026-10-03,https://palworld-chi.vercel.app/en/pal/dynamoff,0,1,0,6
2026-10-03,https://palworld-chi.vercel.app/en/pal/eidrolon/location,0,1,0,8
2026-10-03,https://palworld-chi.vercel.app/en/pal/elphidran-aqua,0,4,0,9.2
2026-10-03,https://palworld-chi.vercel.app/en/pal/faleris-aqua,0,1,0,54
2026-10-03,https://palworld-chi.vercel.app/en/pal/fenglope-lux,0,1,0,22
2026-10-03,https://palworld-chi.vercel.app/en/pal/flaracle,0,2,0,10
2026-10-03,https://palworld-chi.vercel.app/en/pal/foxcicle/location,0,2,0,91
2026-10-03,https://palworld-chi.vercel.app/en/pal/foxparks,0,1,0,1
2026-10-03,https://palworld-chi.vercel.app/en/pal/frostallion-noct/location,0,11,0,8.3
2026-10-03,https://palworld-chi.vercel.app/en/pal/frostplume,0,1,0,9
2026-10-03,https://palworld-chi.vercel.app/en/pal/galeclaw,0,3,0,7
2026-10-03,https://palworld-chi.vercel.app/en/pal/gildra,0,6,0,6.5
2026-10-03,https://palworld-chi.vercel.app/en/pal/gloopie/location,0,1,0,10
2026-10-03,https://palworld-chi.vercel.app/en/pal/gobfin,0,3,0,10.3
2026-10-03,https://palworld-chi.vercel.app/en/pal/gobfin-ignis,0,6,0,10.8
2026-10-03,https://palworld-chi.vercel.app/en/pal/hartalis,0,14,0,9.9
2026-10-03,https://palworld-chi.vercel.app/en/pal/helzephyr,0,2,0,47.5
2026-10-03,https://palworld-chi.vercel.app/en/pal/helzephyr/location,0,3,0,10.3
2026-10-03,https://palworld-chi.vercel.app/en/pal/katress-ignis/location,0,1,0,11
2026-10-03,https://palworld-chi.vercel.app/en/pal/kingpaca-cryst,0,1,0,6
2026-10-03,https://palworld-chi.vercel.app/en/pal/knocklem,0,5,0,8
2026-10-03,https://palworld-chi.vercel.app/en/pal/knocklem-ignis,0,4,0,9
2026-10-03,https://palworld-chi.vercel.app/en/pal/lovander,0,4,0,13.5
2026-10-03,https://palworld-chi.vercel.app/en/pal/mammorest,0,1,0,9
2026-10-03,https://palworld-chi.vercel.app/en/pal/munchill,0,6,0,4
2026-10-03,https://palworld-chi.vercel.app/en/pal/omascul,0,3,0,8.3
2026-10-03,https://palworld-chi.vercel.app/en/pal/ophydia,0,3,0,8
2026-10-03,https://palworld-chi.vercel.app/en/pal/panthalus/location,0,1,0,10
2026-10-03,https://palworld-chi.vercel.app/en/pal/pengullet,0,1,0,10
2026-10-03,https://palworld-chi.vercel.app/en/pal/penking,0,1,0,6
2026-10-03,https://palworld-chi.vercel.app/en/pal/pierdon,0,3,0,3
2026-10-03,https://palworld-chi.vercel.app/en/pal/prunelia,0,3,0,9
2026-10-03,https://palworld-chi.vercel.app/en/pal/reptyro,0,2,0,48
2026-10-03,https://palworld-chi.vercel.app/en/pal/reptyro-cryst,0,1,0,10
2026-10-03,https://palworld-chi.vercel.app/en/pal/ribbuny,0,1,0,7
2026-10-03,https://palworld-chi.vercel.app/en/pal/selyne,0,5,0,18.2
2026-10-03,https://palworld-chi.vercel.app/en/pal/shadowbeak,0,2,0,37.5
2026-10-03,https://palworld-chi.vercel.app/en/pal/shaolong,0,2,0,24
2026-10-03,https://palworld-chi.vercel.app/en/pal/shroomer,0,2,0,8
2026-10-03,https://palworld-chi.vercel.app/en/pal/sibelyx/location,0,1,0,17
2026-10-03,https://palworld-chi.vercel.app/en/pal/skutlass,0,1,0,8
2026-10-03,https://palworld-chi.vercel.app/en/pal/snock-lux,0,1,0,4
2026-10-03,https://palworld-chi.vercel.app/en/pal/sootseer,0,1,0,10
2026-10-03,https://palworld-chi.vercel.app/en/pal/splatterina,0,2,0,25.5
2026-10-03,https://palworld-chi.vercel.app/en/pal/tanzee,0,1,0,1
2026-10-03,https://palworld-chi.vercel.app/en/pal/tropicaw,0,2,0,7.5
2026-10-03,https://palworld-chi.vercel.app/en/pal/univolt-cryst,0,2,0,5
2026-10-03,https://palworld-chi.vercel.app/en/pal/univolt/breeding,0,1,0,7
2026-10-03,https://palworld-chi.vercel.app/en/pal/venusa,0,1,0,47
2026-10-03,https://palworld-chi.vercel.app/en/pal/warsect-terra,0,1,0,61
2026-10-03,https://palworld-chi.vercel.app/en/pal/whalaska-ignis,0,2,0,56
2026-10-03,https://palworld-chi.vercel.app/en/pal/xenogard,0,1,0,10
2026-10-03,https://palworld-chi.vercel.app/en/pal/xenolord,0,1,0,8
2026-10-04,https://palworld-chi.vercel.app/en/guide/breeding,0,1,0,92
2026-10-04,https://palworld-chi.vercel.app/en/guide/endgame,0,18,0,5.4
2026-10-04,https://palworld-chi.vercel.app/en/guide/faq,0,4,0,7
2026-10-04,https://palworld-chi.vercel.app/en/guide/materials,0,7,0,6.7
2026-10-04,https://palworld-chi.vercel.app/en/guide/money,0,24,0,7.6
2026-10-04,https://palworld-chi.vercel.app/en/guide/tcg,0,1,0,2
2026-10-04,https://palworld-chi.vercel.app/en/item/blueprint-accessory-hchp-1,0,1,0,9
2026-10-04,https://palworld-chi.vercel.app/en/map,0,10,0,53.9
2026-10-04,https://palworld-chi.vercel.app/en/pal/aegidron,0,4,0,18.8
2026-10-04,https://palworld-chi.vercel.app/en/pal/anubis/location,0,1,0,5
2026-10-04,https://palworld-chi.vercel.app/en/pal/astralym,0,1,0,9
2026-10-04,https://palworld-chi.vercel.app/en/pal/astralym/breeding,0,2,0,3.5
2026-10-04,https://palworld-chi.vercel.app/en/pal/azurobe-cryst,0,3,0,22.3
2026-10-04,https://palworld-chi.vercel.app/en/pal/bellanoir-libero,0,2,0,3
2026-10-04,https://palworld-chi.vercel.app/en/pal/blazamut,0,4,0,31.8
2026-10-04,https://palworld-chi.vercel.app/en/pal/bushi,0,9,0,7.6
2026-10-04,https://palworld-chi.vercel.app/en/pal/celesdir,0,2,0,5
2026-10-04,https://palworld-chi.vercel.app/en/pal/cinnamoth,0,3,0,10
2026-10-04,https://palworld-chi.vercel.app/en/pal/cryolinx-terra,0,1,0,53
2026-10-04,https://palworld-chi.vercel.app/en/pal/dandilord,0,8,0,18
2026-10-04,https://palworld-chi.vercel.app/en/pal/dazzi-noct,0,1,0,18
2026-10-04,https://palworld-chi.vercel.app/en/pal/direhowl/location,0,2,0,9.5
2026-10-04,https://palworld-chi.vercel.app/en/pal/dynamoff,0,1,0,9
2026-10-04,https://palworld-chi.vercel.app/en/pal/faleris,0,2,0,8.5
2026-10-04,https://palworld-chi.vercel.app/en/pal/faleris-aqua,0,1,0,94
2026-10-04,https://palworld-chi.vercel.app/en/pal/felbat,0,1,0,9
2026-10-04,https://palworld-chi.vercel.app/en/pal/fenglope-lux,0,2,0,3.5
2026-10-04,https://palworld-chi.vercel.app/en/pal/flaracle,0,4,0,8.2
2026-10-04,https://palworld-chi.vercel.app/en/pal/foxparks,0,2,0,1
2026-10-04,https://palworld-chi.vercel.app/en/pal/frostallion-noct/location,0,11,0,8.5
2026-10-04,https://palworld-chi.vercel.app/en/pal/galeclaw,0,1,0,10
2026-10-04,https://palworld-chi.vercel.app/en/pal/gloopie/location,0,1,0,75
2026-10-04,https://palworld-chi.vercel.app/en/pal/gobfin,0,1,0,9
2026-10-04,https://palworld-chi.vercel.app/en/pal/gobfin-ignis,0,1,0,53
2026-10-04,https://palworld-chi.vercel.app/en/pal/hangyu,0,1,0,8
2026-10-04,https://palworld-chi.vercel.app/en/pal/hartalis,0,7,0,12
2026-10-04,https://palworld-chi.vercel.app/en/pal/helzephyr,0,7,0,7.1
2026-10-04,https://palworld-chi.vercel.app/en/pal/helzephyr/location,0,2,0,8.5
2026-10-04,https://palworld-chi.vercel.app/en/pal/herbil,0,1,0,26
2026-10-04,https://palworld-chi.vercel.app/en/pal/kikit,0,1,0,6
2026-10-04,https://palworld-chi.vercel.app/en/pal/kingpaca-cryst,0,2,0,5.5
2026-10-04,https://palworld-chi.vercel.app/en/pal/kingpaca-cryst/location,0,1,0,7
2026-10-04,https://palworld-chi.vercel.app/en/pal/kitsun/location,0,1,0,6
2026-10-04,https://palworld-chi.vercel.app/en/pal/knocklem,0,1,0,7
2026-10-04,https://palworld-chi.vercel.app/en/pal/knocklem-ignis,0,1,0,8
2026-10-04,https://palworld-chi.vercel.app/en/pal/lamball,0,1,0,5
2026-10-04,https://palworld-chi.vercel.app/en/pal/lapure,0,1,0,20
2026-10-04,https://palworld-chi.vercel.app/en/pal/lovander,0,8,0,7.6
2026-10-04,https://palworld-chi.vercel.app/en/pal/lyleen/breeding,0,1,0,20
2026-10-04,https://palworld-chi.vercel.app/en/pal/maraith,0,3,0,8.7
2026-10-04,https://palworld-chi.vercel.app/en/pal/moldron,0,1,0,7
2026-10-04,https://palworld-chi.vercel.app/en/pal/moldron-cryst,0,1,0,5
2026-10-04,https://palworld-chi.vercel.app/en/pal/munchill,0,1,0,4
2026-10-04,https://palworld-chi.vercel.app/en/pal/neptilius/location,0,1,0,10
2026-10-04,https://palworld-chi.vercel.app/en/pal/omascul,0,1,0,8
2026-10-04,https://palworld-chi.vercel.app/en/pal/ophydia,0,1,0,4
2026-10-04,https://palworld-chi.vercel.app/en/pal/pengullet,0,2,0,8
2026-10-04,https://palworld-chi.vercel.app/en/pal/penking,0,2,0,8
2026-10-04,https://palworld-chi.vercel.app/en/pal/prunelia,0,2,0,6.5
2026-10-04,https://palworld-chi.vercel.app/en/pal/quivern,0,1,0,4
2026-10-04,https://palworld-chi.vercel.app/en/pal/reptyro,0,2,0,4.5
2026-10-04,https://palworld-chi.vercel.app/en/pal/reptyro-cryst,0,4,0,8.2
2026-10-04,https://palworld-chi.vercel.app/en/pal/ribbuny,0,4,0,8
2026-10-04,https://palworld-chi.vercel.app/en/pal/rooby,0,2,0,15.5
2026-10-04,https://palworld-chi.vercel.app/en/pal/selyne,0,3,0,37.7
2026-10-04,https://palworld-chi.vercel.app/en/pal/shaolong,0,4,0,23.8
2026-10-04,https://palworld-chi.vercel.app/en/pal/shroomer,0,1,0,10
2026-10-04,https://palworld-chi.vercel.app/en/pal/skutlass,0,1,0,7
2026-10-04,https://palworld-chi.vercel.app/en/pal/smokie,0,2,0,9
2026-10-04,https://palworld-chi.vercel.app/en/pal/snock-lux,0,1,0,6
2026-10-04,https://palworld-chi.vercel.app/en/pal/starryon,0,1,0,9
2026-10-04,https://palworld-chi.vercel.app/en/pal/tanzee,0,1,0,15
2026-10-04,https://palworld-chi.vercel.app/en/pal/tocotoco,0,1,0,6
2026-10-04,https://palworld-chi.vercel.app/en/pal/univolt-cryst,0,2,0,3.5
2026-10-04,https://palworld-chi.vercel.app/en/pal/univolt/breeding,0,1,0,7
2026-10-04,https://palworld-chi.vercel.app/en/pal/vanwyrm-cryst,0,2,0,8
2026-10-04,https://palworld-chi.vercel.app/en/pal/venusa,0,1,0,24
2026-10-04,https://palworld-chi.vercel.app/en/pal/xenogard,0,2,0,8.5
2026-10-04,https://palworld-chi.vercel.app/en/pal/xenolord,0,2,0,7
2026-10-04,https://palworld-chi.vercel.app/en/pal/yakumo,0,1,0,6
2026-10-05,https://palworld-chi.vercel.app/en/guide/base,0,1,0,25
2026-10-05,https://palworld-chi.vercel.app/en/guide/faq,0,2,0,14.5
2026-10-05,https://palworld-chi.vercel.app/en/guide/materials,0,7,0,22.1
2026-10-05,https://palworld-chi.vercel.app/en/guide/money,0,11,0,7.8
2026-10-05,https://palworld-chi.vercel.app/en/guide/passives,0,1,0,1
2026-10-05,https://palworld-chi.vercel.app/en/guide/world-tree,0,42,0,8.2
2026-10-05,https://palworld-chi.vercel.app/en/item/elixir-stamina-02,0,1,0,11
2026-10-05,https://palworld-chi.vercel.app/en/map,0,12,0,64.1
2026-10-05,https://palworld-chi.vercel.app/en/pal/aegidron,0,3,0,8.7
2026-10-05,https://palworld-chi.vercel.app/en/pal/anubis/location,0,1,0,8
2026-10-05,https://palworld-chi.vercel.app/en/pal/astralym,0,1,0,10
2026-10-05,https://palworld-chi.vercel.app/en/pal/azurobe-cryst,0,1,0,21
2026-10-05,https://palworld-chi.vercel.app/en/pal/bellanoir-libero,0,2,0,5.5
2026-10-05,https://palworld-chi.vercel.app/en/pal/bushi,0,5,0,9.8
2026-10-05,https://palworld-chi.vercel.app/en/pal/bushi/location,0,1,0,11
2026-10-05,https://palworld-chi.vercel.app/en/pal/celesdir,0,4,0,22
2026-10-05,https://palworld-chi.vercel.app/en/pal/cinnamoth,0,1,0,9
2026-10-05,https://palworld-chi.vercel.app/en/pal/cryolinx-terra,0,1,0,4
2026-10-05,https://palworld-chi.vercel.app/en/pal/dandilord,0,4,0,17
2026-10-05,https://palworld-chi.vercel.app/en/pal/depresso,0,3,0,13
2026-10-05,https://palworld-chi.vercel.app/en/pal/dinossom,0,1,0,9
2026-10-05,https://palworld-chi.vercel.app/en/pal/direhowl/location,0,5,0,5.6
2026-10-05,https://palworld-chi.vercel.app/en/pal/dualith,0,3,0,12.7
2026-10-05,https://palworld-chi.vercel.app/en/pal/dumud,0,1,0,5
2026-10-05,https://palworld-chi.vercel.app/en/pal/fenglope-lux,0,2,0,26.5
2026-10-05,https://palworld-chi.vercel.app/en/pal/flaracle,0,1,0,1
2026-10-05,https://palworld-chi.vercel.app/en/pal/frostallion-noct/location,0,12,0,9.2
2026-10-05,https://palworld-chi.vercel.app/en/pal/frostplume,0,1,0,86
2026-10-05,https://palworld-chi.vercel.app/en/pal/galeclaw,0,2,0,9.5
2026-10-05,https://palworld-chi.vercel.app/en/pal/gloopie/location,0,1,0,6
2026-10-05,https://palworld-chi.vercel.app/en/pal/gobfin,0,2,0,8.5
2026-10-05,https://palworld-chi.vercel.app/en/pal/hangyu,0,1,0,8
2026-10-05,https://palworld-chi.vercel.app/en/pal/hartalis,0,3,0,14
2026-10-05,https://palworld-chi.vercel.app/en/pal/herbil,0,3,0,12.3
2026-10-05,https://palworld-chi.vercel.app/en/pal/knocklem,0,3,0,7.7
2026-10-05,https://palworld-chi.vercel.app/en/pal/knocklem-ignis,0,2,0,45.5
2026-10-05,https://palworld-chi.vercel.app/en/pal/lapure,0,2,0,5
2026-10-05,https://palworld-chi.vercel.app/en/pal/lovander,0,3,0,29.3
2026-10-05,https://palworld-chi.vercel.app/en/pal/lunaris,0,1,0,9
2026-10-05,https://palworld-chi.vercel.app/en/pal/moldron,0,1,0,37
2026-10-05,https://palworld-chi.vercel.app/en/pal/moldron-cryst,0,1,0,5
2026-10-05,https://palworld-chi.vercel.app/en/pal/neptilius/location,0,3,0,6.3
2026-10-05,https://palworld-chi.vercel.app/en/pal/ophydia,0,6,0,13
2026-10-05,https://palworld-chi.vercel.app/en/pal/pengullet,0,1,0,10
2026-10-05,https://palworld-chi.vercel.app/en/pal/penking,0,2,0,7.5
2026-10-05,https://palworld-chi.vercel.app/en/pal/prunelia,0,4,0,6
2026-10-05,https://palworld-chi.vercel.app/en/pal/quivern,0,1,0,3
2026-10-05,https://palworld-chi.vercel.app/en/pal/reptyro,0,2,0,51.5
2026-10-05,https://palworld-chi.vercel.app/en/pal/reptyro-cryst,0,2,0,72.5
2026-10-05,https://palworld-chi.vercel.app/en/pal/selyne,0,1,0,9
2026-10-05,https://palworld-chi.vercel.app/en/pal/shaolong,0,2,0,9.5
2026-10-05,https://palworld-chi.vercel.app/en/pal/shroomer,0,2,0,8.5
2026-10-05,https://palworld-chi.vercel.app/en/pal/smokie,0,3,0,75
2026-10-05,https://palworld-chi.vercel.app/en/pal/smokie-cryst/location,0,1,0,8
2026-10-05,https://palworld-chi.vercel.app/en/pal/sootseer,0,1,0,1
2026-10-05,https://palworld-chi.vercel.app/en/pal/tocotoco,0,1,0,10
2026-10-05,https://palworld-chi.vercel.app/en/pal/tropicaw,0,1,0,10
2026-10-05,https://palworld-chi.vercel.app/en/pal/turtacle/breeding,0,1,0,10
2026-10-05,https://palworld-chi.vercel.app/en/pal/univolt-cryst,0,2,0,27
2026-10-05,https://palworld-chi.vercel.app/en/pal/verdash/breeding,0,1,0,24
2026-10-05,https://palworld-chi.vercel.app/en/pal/warsect-terra,0,2,0,55
2026-10-05,https://palworld-chi.vercel.app/en/pal/warsect-terra/location,0,1,0,4
2026-10-05,https://palworld-chi.vercel.app/en/pal/whalaska-ignis,0,1,0,57
2026-10-05,https://palworld-chi.vercel.app/en/pal/xenogard,0,1,0,8
2026-10-05,https://palworld-chi.vercel.app/en/pal/xenolord,0,3,0,8.7
