date,page,query,clicks,impressions,ctr,position
2026-09-13,https://palworld-chi.vercel.app/en/guide/world-tree,world tree bosses palworld,1,5,0.2,7.2
2026-09-14,https://palworld-chi.vercel.app/en/guide/world-tree,8th key sphere palworld,1,1,1,6
2026-09-14,https://palworld-chi.vercel.app/en/guide/world-tree,world tree bosses palworld,1,8,0.125,8.9
2026-09-14,https://palworld-chi.vercel.app/en/pal/penking/location,penking palworld location,1,1,1,7
2026-09-16,https://palworld-chi.vercel.app/en/pal/blazamut/location,palworld blazamut spawn location,1,1,1,8
2026-09-17,https://palworld-chi.vercel.app/en/guide/world-tree,palworld world tree boss rush,1,1,1,5
2026-09-19,https://palworld-chi.vercel.app/en/pal/anubis,palworld anubis,1,1,1,38
2026-09-24,https://palworld-chi.vercel.app/en/guide/endgame,palworld endgame guide,1,2,0.5,7.5
2026-09-24,https://palworld-chi.vercel.app/en/pal/reptyro/location,reptyro palworld location,1,1,1,11
2026-09-25,https://palworld-chi.vercel.app/en/guide/world-tree,palworld world tree bosses list,1,1,1,7
2026-09-27,https://palworld-chi.vercel.app/en/guide/world-tree,palworld world tree bosses,1,5,0.2,7.2
2026-09-29,https://palworld-chi.vercel.app/en/guide/world-tree,palworld world tree mini bosses,1,1,1,1
2026-09-30,https://palworld-chi.vercel.app/en/guide/endgame,palworld endgame guide,1,2,0.5,6.5
2026-09-30,https://palworld-chi.vercel.app/en/guide/world-tree,world tree boss,1,2,0.5,7
2026-10-01,https://palworld-chi.vercel.app/en/guide/endgame,palworld endgame guide,1,1,1,6
2026-10-03,https://palworld-chi.vercel.app/en/guide/world-tree,palworld world tree mini bosses,1,3,0.3333,3.7
2026-09-08,https://palworld-chi.vercel.app/en/guide/money,palworld 賺錢,0,2,0,7
2026-09-08,https://palworld-chi.vercel.app/en/guide/passives,palworld passives list,0,1,0,75
2026-09-09,https://palworld-chi.vercel.app/en/guide/beginner,팰월드 채집 오브젝트 생성 간격,0,1,0,65
2026-09-09,https://palworld-chi.vercel.app/en/guide/endgame,silver palworld,0,1,0,27
2026-09-11,https://palworld-chi.vercel.app/en/guide/world-tree,world tree final boss weakness,0,1,0,11
2026-09-11,https://palworld-chi.vercel.app/en/pal/blazamut/location,blazamut spawn location,0,1,0,8
2026-09-11,https://palworld-chi.vercel.app/en/pal/bushi-noct/location,bushi noct palworld,0,1,0,60
2026-09-12,https://palworld-chi.vercel.app/en/guide/breeding,palworld breeding,0,1,0,91
2026-09-12,https://palworld-chi.vercel.app/en/guide/endgame,palworld endgame equipment,0,1,0,2
2026-09-12,https://palworld-chi.vercel.app/en/guide/world-tree,all world tree bosses palworld,0,1,0,10
2026-09-12,https://palworld-chi.vercel.app/en/guide/world-tree,palworld world tree,0,1,0,32
2026-09-12,https://palworld-chi.vercel.app/en/guide/world-tree,palworld world tree all bosses,0,1,0,7
2026-09-12,https://palworld-chi.vercel.app/en/guide/world-tree,palworld world tree blueprints,0,1,0,7
2026-09-12,https://palworld-chi.vercel.app/en/guide/world-tree,palworld world tree guide,0,1,0,11
2026-09-12,https://palworld-chi.vercel.app/en/guide/world-tree,what level are the pals in the world tree,0,2,0,8.5
2026-09-12,https://palworld-chi.vercel.app/en/guide/world-tree,what level is the world tree palworld,0,1,0,8
2026-09-12,https://palworld-chi.vercel.app/en/guide/world-tree,world tree boss weakness palworld,0,1,0,11
2026-09-12,https://palworld-chi.vercel.app/en/guide/world-tree,world tree bosses palworld,0,2,0,7
2026-09-12,https://palworld-chi.vercel.app/en/guide/world-tree,world tree guide palworld,0,1,0,10
2026-09-12,https://palworld-chi.vercel.app/en/pal/astegon/location,astegon location,0,1,0,10
2026-09-12,https://palworld-chi.vercel.app/en/pal/astegon/location,astegon location palworld,0,2,0,9.5
2026-09-12,https://palworld-chi.vercel.app/en/pal/astegon/location,astegon palworld location,0,2,0,6
2026-09-12,https://palworld-chi.vercel.app/en/pal/jormuntide/location,jormuntide spawn,0,2,0,11
2026-09-12,https://palworld-chi.vercel.app/en/pal/mossanda/location,mossanda location,0,1,0,50
2026-09-12,https://palworld-chi.vercel.app/en/pal/mossanda/location,mossanda palworld location,0,1,0,46
2026-09-12,https://palworld-chi.vercel.app/en/pal/mossanda/location,where to catch mossanda palworld,0,1,0,10
2026-09-12,https://palworld-chi.vercel.app/en/pal/mossanda/location,where to find mossanda palworld,0,2,0,8.5
2026-09-12,https://palworld-chi.vercel.app/en/pal/neptilius/location,neptilius palworld location,0,2,0,8.5
2026-09-12,https://palworld-chi.vercel.app/en/pal/paladius/location,where to find paladius,0,1,0,14
2026-09-13,https://palworld-chi.vercel.app/en/guide/endgame,palworld end game materials,0,1,0,5
2026-09-13,https://palworld-chi.vercel.app/en/guide/endgame,palworld end game weapons,0,1,0,39
2026-09-13,https://palworld-chi.vercel.app/en/guide/endgame,palworld endgame,0,1,0,8
2026-09-13,https://palworld-chi.vercel.app/en/guide/endgame,palworld endgame gear,0,1,0,5
2026-09-13,https://palworld-chi.vercel.app/en/guide/endgame,palworld endgame guide,0,4,0,6.5
2026-09-13,https://palworld-chi.vercel.app/en/guide/endgame,palworld endgame materials,0,2,0,6
2026-09-13,https://palworld-chi.vercel.app/en/guide/endgame,palworld late game materials,0,1,0,6
2026-09-13,https://palworld-chi.vercel.app/en/guide/money,palworld 金幣,0,2,0,8
2026-09-13,https://palworld-chi.vercel.app/en/guide/world-tree,ground type pals world tree,0,1,0,10
2026-09-13,https://palworld-chi.vercel.app/en/guide/world-tree,palworld final boss world tree,0,1,0,11
2026-09-13,https://palworld-chi.vercel.app/en/guide/world-tree,palworld hard mode world tree,0,1,0,5
2026-09-13,https://palworld-chi.vercel.app/en/guide/world-tree,palworld tower 8,0,1,0,10
2026-09-13,https://palworld-chi.vercel.app/en/guide/world-tree,palworld world tree boss type,0,1,0,7
2026-09-13,https://palworld-chi.vercel.app/en/guide/world-tree,palworld world tree electric pals,0,2,0,8
2026-09-13,https://palworld-chi.vercel.app/en/guide/world-tree,palworld world tree final boss weakness,0,2,0,9.5
2026-09-13,https://palworld-chi.vercel.app/en/guide/world-tree,palworld world tree guide,0,3,0,9
2026-09-13,https://palworld-chi.vercel.app/en/guide/world-tree,palworld world tree mini bosses,0,3,0,6.7
2026-09-13,https://palworld-chi.vercel.app/en/guide/world-tree,palworld world tree progression,0,1,0,11
2026-09-13,https://palworld-chi.vercel.app/en/guide/world-tree,what level for world tree palworld,0,2,0,10
2026-09-13,https://palworld-chi.vercel.app/en/guide/world-tree,world tree awakened pal spawns,0,2,0,9
2026-09-13,https://palworld-chi.vercel.app/en/guide/world-tree,world tree boss pals,0,1,0,11
2026-09-13,https://palworld-chi.vercel.app/en/guide/world-tree,world tree boss palworld,0,4,0,7
2026-09-13,https://palworld-chi.vercel.app/en/guide/world-tree,world tree electric pals,0,1,0,11
2026-09-13,https://palworld-chi.vercel.app/en/guide/world-tree,world tree guide palworld,0,1,0,7
2026-09-13,https://palworld-chi.vercel.app/en/guide/world-tree,world tree towers palworld,0,1,0,11
2026-09-13,https://palworld-chi.vercel.app/en/pal/astegon/location,astegon location,0,9,0,8.9
2026-09-13,https://palworld-chi.vercel.app/en/pal/astegon/location,astegon location palworld,0,5,0,8.2
2026-09-13,https://palworld-chi.vercel.app/en/pal/astegon/location,astegon not spawning palworld,0,1,0,9
2026-09-13,https://palworld-chi.vercel.app/en/pal/astegon/location,astegon palworld location,0,7,0,8.1
2026-09-13,https://palworld-chi.vercel.app/en/pal/astegon/location,astegon palworld spawn,0,1,0,6
2026-09-13,https://palworld-chi.vercel.app/en/pal/astegon/location,how to find astegon palworld,0,1,0,16
2026-09-13,https://palworld-chi.vercel.app/en/pal/astegon/location,palworld astegon location,0,3,0,12.3
2026-09-13,https://palworld-chi.vercel.app/en/pal/astegon/location,palworld astegon spawn,0,1,0,10
2026-09-13,https://palworld-chi.vercel.app/en/pal/blazamut/location,blazamut location,0,1,0,7
2026-09-13,https://palworld-chi.vercel.app/en/pal/blazamut/location,blazamut spawn,0,2,0,9
2026-09-13,https://palworld-chi.vercel.app/en/pal/blazamut/location,blazamut spawn location,0,1,0,10
2026-09-13,https://palworld-chi.vercel.app/en/pal/blazamut/location,blazamut spawn location palworld,0,1,0,10
2026-09-13,https://palworld-chi.vercel.app/en/pal/bushi,bushi palworld,0,1,0,6
2026-09-13,https://palworld-chi.vercel.app/en/pal/bushi-noct/location,palworld bushi noct,0,1,0,65
2026-09-13,https://palworld-chi.vercel.app/en/pal/dandilord,what type is dandilord,0,1,0,10
2026-09-13,https://palworld-chi.vercel.app/en/pal/dupin,dupin palworld,0,2,0,10.5
2026-09-13,https://palworld-chi.vercel.app/en/pal/eidrolon,eidrolon meteor rain,0,1,0,7
2026-09-13,https://palworld-chi.vercel.app/en/pal/eidrolon,eidrolon type,0,2,0,8
2026-09-13,https://palworld-chi.vercel.app/en/pal/eidrolon,liberated pterosaur palworld,0,1,0,9
2026-09-13,https://palworld-chi.vercel.app/en/pal/eikthyrdeer/location,where to find eikthyrdeer,0,1,0,7
2026-09-13,https://palworld-chi.vercel.app/en/pal/foxcicle/location,foxcicle,0,1,0,69
2026-09-13,https://palworld-chi.vercel.app/en/pal/foxcicle/location,foxcicle boss location,0,2,0,10
2026-09-13,https://palworld-chi.vercel.app/en/pal/foxcicle/location,foxicle location,0,1,0,9
2026-09-13,https://palworld-chi.vercel.app/en/pal/foxcicle/location,foxicle spawn,0,1,0,10
2026-09-13,https://palworld-chi.vercel.app/en/pal/foxcicle/location,palworld foxcicle,0,1,0,76
2026-09-13,https://palworld-chi.vercel.app/en/pal/foxcicle/location,palworld foxcicle boss location,0,3,0,8.7
2026-09-13,https://palworld-chi.vercel.app/en/pal/gildra,gildra palworld,0,1,0,28
2026-09-13,https://palworld-chi.vercel.app/en/pal/jormuntide/location,jormuntide location,0,2,0,9.5
2026-09-13,https://palworld-chi.vercel.app/en/pal/jormuntide/location,jormuntide location map,0,1,0,11
2026-09-13,https://palworld-chi.vercel.app/en/pal/jormuntide/location,jormuntide location palworld,0,1,0,10
2026-09-13,https://palworld-chi.vercel.app/en/pal/jormuntide/location,jormuntide spawn,0,3,0,10.3
2026-09-13,https://palworld-chi.vercel.app/en/pal/jormuntide/location,jormuntide spawn location,0,1,0,9
2026-09-13,https://palworld-chi.vercel.app/en/pal/jormuntide/location,palworld jormuntide location,0,4,0,19.2
2026-09-13,https://palworld-chi.vercel.app/en/pal/jormuntide/location,palworld jormuntide spawn,0,1,0,11
2026-09-13,https://palworld-chi.vercel.app/en/pal/knocklem,knocklem,0,1,0,64
2026-09-13,https://palworld-chi.vercel.app/en/pal/lovander,lovander palworld,0,1,0,10
2026-09-13,https://palworld-chi.vercel.app/en/pal/lovander,palword lovander,0,1,0,9
2026-09-13,https://palworld-chi.vercel.app/en/pal/lovander,palworld lovander,0,1,0,61
2026-09-13,https://palworld-chi.vercel.app/en/pal/lullu/location,lullu palworld 1.0 location,0,1,0,8
2026-09-13,https://palworld-chi.vercel.app/en/pal/mammorest,palworld mammorest,0,1,0,43
2026-09-13,https://palworld-chi.vercel.app/en/pal/mossanda/location,palworld where to find mossanda,0,1,0,9
2026-09-13,https://palworld-chi.vercel.app/en/pal/mossanda/location,where can i find mossanda in palworld,0,1,0,9
2026-09-13,https://palworld-chi.vercel.app/en/pal/neptilius/location,neptilius palworld location,0,6,0,7.8
2026-09-13,https://palworld-chi.vercel.app/en/pal/neptilius/location,neptilius spawn palworld,0,1,0,11
2026-09-13,https://palworld-chi.vercel.app/en/pal/neptilius/location,neptilius where to find,0,1,0,7
2026-09-13,https://palworld-chi.vercel.app/en/pal/neptilius/location,palworld neptilius location,0,4,0,8.2
2026-09-13,https://palworld-chi.vercel.app/en/pal/neptilius/location,palworld neptilus location,0,1,0,6
2026-09-13,https://palworld-chi.vercel.app/en/pal/rayhound,palworld rayhound,0,1,0,64
2026-09-13,https://palworld-chi.vercel.app/en/pal/shadowbeak,shadow beak,0,1,0,32
2026-09-13,https://palworld-chi.vercel.app/en/pal/solenne,solenne best moveset,0,1,0,11
2026-09-13,https://palworld-chi.vercel.app/en/pal/xenogard/location,xenogard palworld location,0,1,0,46
2026-09-14,https://palworld-chi.vercel.app/en/guide/endgame,end game palworld,0,1,0,10
2026-09-14,https://palworld-chi.vercel.app/en/guide/endgame,endgame accessories palworld,0,1,0,11
2026-09-14,https://palworld-chi.vercel.app/en/guide/endgame,palworld endgame gear,0,1,0,1
2026-09-14,https://palworld-chi.vercel.app/en/guide/endgame,palworld endgame guide,0,1,0,6
2026-09-14,https://palworld-chi.vercel.app/en/guide/endgame,palworld late game materials,0,1,0,5
2026-09-14,https://palworld-chi.vercel.app/en/guide/world-tree,electric pals world tree,0,2,0,8.5
2026-09-14,https://palworld-chi.vercel.app/en/guide/world-tree,fire pals world tree,0,1,0,10
2026-09-14,https://palworld-chi.vercel.app/en/guide/world-tree,ground pals in the world tree,0,1,0,10
2026-09-14,https://palworld-chi.vercel.app/en/guide/world-tree,palworld 8 türme,0,1,0,10
2026-09-14,https://palworld-chi.vercel.app/en/guide/world-tree,palworld shadowbeak world tree,0,2,0,7
2026-09-14,https://palworld-chi.vercel.app/en/guide/world-tree,palworld world tree awakening,0,1,0,11
2026-09-14,https://palworld-chi.vercel.app/en/guide/world-tree,palworld world tree boss guide,0,1,0,6
2026-09-14,https://palworld-chi.vercel.app/en/guide/world-tree,palworld world tree boss weakness,0,1,0,8
2026-09-14,https://palworld-chi.vercel.app/en/guide/world-tree,palworld world tree electric pals,0,1,0,9
2026-09-14,https://palworld-chi.vercel.app/en/guide/world-tree,palworld world tree level,0,1,0,10
2026-09-14,https://palworld-chi.vercel.app/en/guide/world-tree,world tree boss pals,0,1,0,11
2026-09-14,https://palworld-chi.vercel.app/en/guide/world-tree,world tree palworld wiki,0,1,0,6
2026-09-14,https://palworld-chi.vercel.app/en/pal/astegon/location,astegon location,0,14,0,8.4
2026-09-14,https://palworld-chi.vercel.app/en/pal/astegon/location,astegon location palworld,0,7,0,8.1
2026-09-14,https://palworld-chi.vercel.app/en/pal/astegon/location,astegon palworld location,0,10,0,7.5
2026-09-14,https://palworld-chi.vercel.app/en/pal/astegon/location,astegon palworld location map,0,2,0,23
2026-09-14,https://palworld-chi.vercel.app/en/pal/astegon/location,astegon spawn,0,1,0,9
2026-09-14,https://palworld-chi.vercel.app/en/pal/astegon/location,palworld astegon location,0,5,0,13
2026-09-14,https://palworld-chi.vercel.app/en/pal/astegon/location,palworld astegon spawn,0,1,0,10
2026-09-14,https://palworld-chi.vercel.app/en/pal/blazamut/location,blazamut spawn locations,0,1,0,8
2026-09-14,https://palworld-chi.vercel.app/en/pal/blazamut/location,blazmut location,0,1,0,11
2026-09-14,https://palworld-chi.vercel.app/en/pal/bushi,bushi palword,0,1,0,7
2026-09-14,https://palworld-chi.vercel.app/en/pal/bushi,bushi palworld,0,1,0,7
2026-09-14,https://palworld-chi.vercel.app/en/pal/bushi,pal bushi,0,1,0,11
2026-09-14,https://palworld-chi.vercel.app/en/pal/dinossom,dinossom,0,1,0,61
2026-09-14,https://palworld-chi.vercel.app/en/pal/dogen,palworld dogen,0,1,0,69
2026-09-14,https://palworld-chi.vercel.app/en/pal/dupin,dupin palworld,0,1,0,26
2026-09-14,https://palworld-chi.vercel.app/en/pal/dupin,palworld dupin work,0,1,0,9
2026-09-14,https://palworld-chi.vercel.app/en/pal/dupin,palworld wiki dupin,0,1,0,5
2026-09-14,https://palworld-chi.vercel.app/en/pal/eidrolon,eidrolon aqua palworld,0,1,0,10
2026-09-14,https://palworld-chi.vercel.app/en/pal/eidrolon,eidrolon type,0,1,0,5
2026-09-14,https://palworld-chi.vercel.app/en/pal/eikthyrdeer/location,eikthyrdeer where to find,0,1,0,6
2026-09-14,https://palworld-chi.vercel.app/en/pal/eikthyrdeer/location,where to find eikthyrdeer,0,1,0,9
2026-09-14,https://palworld-chi.vercel.app/en/pal/faleris,faleris,0,1,0,11
2026-09-14,https://palworld-chi.vercel.app/en/pal/foxcicle/location,foxcicle palworld boss location,0,1,0,11
2026-09-14,https://palworld-chi.vercel.app/en/pal/foxcicle/location,palworld foxcicle boss location,0,1,0,6
2026-09-14,https://palworld-chi.vercel.app/en/pal/foxcicle/location,palworld foxcicle location,0,1,0,53
2026-09-14,https://palworld-chi.vercel.app/en/pal/frostallion-noct,frostallion noct location,0,1,0,68
2026-09-14,https://palworld-chi.vercel.app/en/pal/gorirat,palworld gorirat,0,1,0,59
2026-09-14,https://palworld-chi.vercel.app/en/pal/hartalis,hartalis,0,1,0,34
2026-09-14,https://palworld-chi.vercel.app/en/pal/hartalis,palworld hartalis,0,1,0,28
2026-09-14,https://palworld-chi.vercel.app/en/pal/icelyn,icelyn,0,1,0,106
2026-09-14,https://palworld-chi.vercel.app/en/pal/jormuntide/location,jormuntide location,0,7,0,8.1
2026-09-14,https://palworld-chi.vercel.app/en/pal/jormuntide/location,jormuntide location palworld,0,1,0,10
2026-09-14,https://palworld-chi.vercel.app/en/pal/jormuntide/location,jormuntide palworld location,0,2,0,9
2026-09-14,https://palworld-chi.vercel.app/en/pal/jormuntide/location,jormuntide spawn,0,2,0,14.5
2026-09-14,https://palworld-chi.vercel.app/en/pal/jormuntide/location,jormuntidelocation,0,1,0,9
2026-09-14,https://palworld-chi.vercel.app/en/pal/jormuntide/location,palworld jormuntide location,0,14,0,9.6
2026-09-14,https://palworld-chi.vercel.app/en/pal/jormuntide/location,palworld jormuntide spawn,0,1,0,11
2026-09-14,https://palworld-chi.vercel.app/en/pal/kikit,palworld kikit,0,1,0,60
2026-09-14,https://palworld-chi.vercel.app/en/pal/kitsun-noct,kitsun noct cave entrance,0,1,0,48
2026-09-14,https://palworld-chi.vercel.app/en/pal/lovander,lovander palworld,0,1,0,61
2026-09-14,https://palworld-chi.vercel.app/en/pal/lovander,lovander palworld description,0,1,0,69
2026-09-14,https://palworld-chi.vercel.app/en/pal/lovander,lovander sus,0,1,0,45
2026-09-14,https://palworld-chi.vercel.app/en/pal/lullu/location,lullu palworld 1.0 location,0,1,0,9
2026-09-14,https://palworld-chi.vercel.app/en/pal/mossanda/location,mossanda forest palworld,0,1,0,45
2026-09-14,https://palworld-chi.vercel.app/en/pal/neptilius/location,neptilius location palworld,0,1,0,8
2026-09-14,https://palworld-chi.vercel.app/en/pal/neptilius/location,neptilius palworld location,0,7,0,13.4
2026-09-14,https://palworld-chi.vercel.app/en/pal/neptilius/location,neptilius spawn palworld,0,1,0,9
2026-09-14,https://palworld-chi.vercel.app/en/pal/neptilius/location,palworld neptilius island,0,1,0,10
2026-09-14,https://palworld-chi.vercel.app/en/pal/neptilius/location,palworld neptilius location,0,3,0,8
2026-09-14,https://palworld-chi.vercel.app/en/pal/neptilius/location,palworld where to get neptilius,0,1,0,9
2026-09-14,https://palworld-chi.vercel.app/en/pal/neptilius/location,where do i get neptilius,0,1,0,9
2026-09-14,https://palworld-chi.vercel.app/en/pal/neptilius/location,where is neptilus,0,1,0,7
2026-09-14,https://palworld-chi.vercel.app/en/pal/neptilius/location,where to find neptilius palworld,0,4,0,7
2026-09-14,https://palworld-chi.vercel.app/en/pal/penking/location,palworld penking location,0,1,0,9
2026-09-14,https://palworld-chi.vercel.app/en/pal/penking/location,palworld penking location map,0,2,0,10.5
2026-09-14,https://palworld-chi.vercel.app/en/pal/penking/location,penking location palworld,0,2,0,8.5
2026-09-14,https://palworld-chi.vercel.app/en/pal/ragnahawk,ragnahawk,0,2,0,38.5
2026-09-14,https://palworld-chi.vercel.app/en/pal/reindrix/location,palworld reindrix,0,1,0,61
2026-09-14,https://palworld-chi.vercel.app/en/pal/shadowbeak,shadowbeak,0,2,0,8
2026-09-14,https://palworld-chi.vercel.app/en/pal/tocotoco,toca toca palworld,0,1,0,10
2026-09-14,https://palworld-chi.vercel.app/en/pal/xenogard/location,xenogard location palworld 1.0,0,1,0,10
2026-09-15,https://palworld-chi.vercel.app/en/guide/endgame,80,0,1,0,3
2026-09-15,https://palworld-chi.vercel.app/en/guide/endgame,pal world end game,0,1,0,8
2026-09-15,https://palworld-chi.vercel.app/en/guide/endgame,palworld end game armor,0,1,0,11
2026-09-15,https://palworld-chi.vercel.app/en/guide/endgame,palworld endgame,0,1,0,10
2026-09-15,https://palworld-chi.vercel.app/en/guide/endgame,palworld endgame accessories,0,4,0,8
2026-09-15,https://palworld-chi.vercel.app/en/guide/endgame,palworld endgame gear,0,1,0,5
2026-09-15,https://palworld-chi.vercel.app/en/guide/endgame,palworld endgame guide,0,4,0,6.5
2026-09-15,https://palworld-chi.vercel.app/en/guide/world-tree,all bosses in the world tree palworld,0,1,0,7
2026-09-15,https://palworld-chi.vercel.app/en/guide/world-tree,all pals found in the world tree,0,2,0,26.5
2026-09-15,https://palworld-chi.vercel.app/en/guide/world-tree,ground pals world tree,0,1,0,11
2026-09-15,https://palworld-chi.vercel.app/en/guide/world-tree,palworld world tree,0,3,0,27.7
2026-09-15,https://palworld-chi.vercel.app/en/guide/world-tree,palworld world tree boss guide,0,1,0,11
2026-09-15,https://palworld-chi.vercel.app/en/guide/world-tree,palworld world tree boss locations,0,1,0,8
2026-09-15,https://palworld-chi.vercel.app/en/guide/world-tree,palworld world tree mini bosses,0,1,0,4
2026-09-15,https://palworld-chi.vercel.app/en/guide/world-tree,palworld world tree pals,0,1,0,24
2026-09-15,https://palworld-chi.vercel.app/en/guide/world-tree,palworld world tree quest,0,1,0,10
2026-09-15,https://palworld-chi.vercel.app/en/guide/world-tree,palworld world tree wiki,0,2,0,5.5
2026-09-15,https://palworld-chi.vercel.app/en/guide/world-tree,world tree boss pals,0,1,0,9
2026-09-15,https://palworld-chi.vercel.app/en/guide/world-tree,world tree bosses palworld,0,2,0,5
2026-09-15,https://palworld-chi.vercel.app/en/guide/world-tree,world tree guide palworld,0,1,0,9
2026-09-15,https://palworld-chi.vercel.app/en/guide/world-tree,world tree palworld wiki,0,2,0,6.5
2026-09-15,https://palworld-chi.vercel.app/en/pal/astegon/location,astegon location,0,6,0,8.8
2026-09-15,https://palworld-chi.vercel.app/en/pal/astegon/location,astegon location palworld,0,2,0,7.5
2026-09-15,https://palworld-chi.vercel.app/en/pal/astegon/location,astegon palworld location,0,13,0,10.4
2026-09-15,https://palworld-chi.vercel.app/en/pal/astegon/location,palworld astegon location,0,4,0,9.8
2026-09-15,https://palworld-chi.vercel.app/en/pal/beegarde,beegarde palworld,0,1,0,65
2026-09-15,https://palworld-chi.vercel.app/en/pal/blazamut,blazamut palworld,0,1,0,64
2026-09-15,https://palworld-chi.vercel.app/en/pal/blazamut,palworld blazamut,0,2,0,49.5
2026-09-15,https://palworld-chi.vercel.app/en/pal/bushi,palworld bushi,0,2,0,40
2026-09-15,https://palworld-chi.vercel.app/en/pal/cinnamoth,palworld cinnamoth,0,1,0,27
2026-09-15,https://palworld-chi.vercel.app/en/pal/dandilord,dandilord wiki,0,1,0,9
2026-09-15,https://palworld-chi.vercel.app/en/pal/dazzi-noct,dazzi noct,0,1,0,55
2026-09-15,https://palworld-chi.vercel.app/en/pal/eidrolon,eidrolo,0,1,0,11
2026-09-15,https://palworld-chi.vercel.app/en/pal/eidrolon,eidrolon meteor rain,0,1,0,7
2026-09-15,https://palworld-chi.vercel.app/en/pal/eikthyrdeer/location,where to find eikthyrdeer,0,1,0,7
2026-09-15,https://palworld-chi.vercel.app/en/pal/faleris,faleris,0,1,0,10
2026-09-15,https://palworld-chi.vercel.app/en/pal/faleris,faleris palworld,0,1,0,52
2026-09-15,https://palworld-chi.vercel.app/en/pal/flaracle,flarecle palworld,0,1,0,8
2026-09-15,https://palworld-chi.vercel.app/en/pal/gorirat,gorirat terra palworld,0,1,0,66
2026-09-15,https://palworld-chi.vercel.app/en/pal/hartalis,what kind of pal is hartalis,0,1,0,10
2026-09-15,https://palworld-chi.vercel.app/en/pal/jormuntide/location,jormentide location,0,1,0,10
2026-09-15,https://palworld-chi.vercel.app/en/pal/jormuntide/location,jormuntide location,0,5,0,7.4
2026-09-15,https://palworld-chi.vercel.app/en/pal/jormuntide/location,jormuntide location map,0,1,0,9
2026-09-15,https://palworld-chi.vercel.app/en/pal/jormuntide/location,jormuntide location palworld,0,3,0,9.3
2026-09-15,https://palworld-chi.vercel.app/en/pal/jormuntide/location,jormuntide palworld location,0,1,0,6
2026-09-15,https://palworld-chi.vercel.app/en/pal/jormuntide/location,palworld jormuntide location,0,6,0,9
2026-09-15,https://palworld-chi.vercel.app/en/pal/kitsun-noct,kitsun noct cave entrance,0,1,0,45
2026-09-15,https://palworld-chi.vercel.app/en/pal/kitsun-noct,kitsun noct palworld,0,2,0,50.5
2026-09-15,https://palworld-chi.vercel.app/en/pal/knocklem,palworld knocklem,0,1,0,61
2026-09-15,https://palworld-chi.vercel.app/en/pal/lapure,lapure build,0,1,0,6
2026-09-15,https://palworld-chi.vercel.app/en/pal/lapure,long sleeved hurray palworld,0,1,0,9
2026-09-15,https://palworld-chi.vercel.app/en/pal/lovander,love lander palworld,0,1,0,10
2026-09-15,https://palworld-chi.vercel.app/en/pal/lovander,palworld lovander,0,2,0,33
2026-09-15,https://palworld-chi.vercel.app/en/pal/lullu/location,스폰 위치,0,1,0,3
2026-09-15,https://palworld-chi.vercel.app/en/pal/mammorest,palworld mammorest,0,3,0,45.7
2026-09-15,https://palworld-chi.vercel.app/en/pal/neptilius/location,neptilius boss location,0,1,0,10
2026-09-15,https://palworld-chi.vercel.app/en/pal/neptilius/location,neptilius island,0,1,0,7
2026-09-15,https://palworld-chi.vercel.app/en/pal/neptilius/location,neptilius island palworld,0,2,0,7.5
2026-09-15,https://palworld-chi.vercel.app/en/pal/neptilius/location,neptilius palworld location,0,1,0,7
2026-09-15,https://palworld-chi.vercel.app/en/pal/neptilius/location,neptillius location,0,1,0,8
2026-09-15,https://palworld-chi.vercel.app/en/pal/neptilius/location,palworld neptilius location,0,7,0,8.1
2026-09-15,https://palworld-chi.vercel.app/en/pal/neptilius/location,palworld where to get neptilius,0,2,0,8
2026-09-15,https://palworld-chi.vercel.app/en/pal/neptilius/location,where to find neptilius,0,1,0,10
2026-09-15,https://palworld-chi.vercel.app/en/pal/neptilius/location,where to find neptilius palworld,0,4,0,7
2026-09-15,https://palworld-chi.vercel.app/en/pal/neptilius/location,where to get neptilius palworld,0,1,0,8
2026-09-15,https://palworld-chi.vercel.app/en/pal/ophydia,palworld ophydia speed,0,1,0,11
2026-09-15,https://palworld-chi.vercel.app/en/pal/penking,palworld penking,0,2,0,38.5
2026-09-15,https://palworld-chi.vercel.app/en/pal/penking/location,alpha penking location,0,1,0,9
2026-09-15,https://palworld-chi.vercel.app/en/pal/penking/location,palworld penking location map,0,1,0,10
2026-09-15,https://palworld-chi.vercel.app/en/pal/penking/location,palworld where to find penking,0,2,0,10
2026-09-15,https://palworld-chi.vercel.app/en/pal/penking/location,penking location,0,1,0,7
2026-09-15,https://palworld-chi.vercel.app/en/pal/penking/location,penking location palworld,0,2,0,9.5
2026-09-15,https://palworld-chi.vercel.app/en/pal/penking/location,where to catch penking,0,2,0,10
2026-09-15,https://palworld-chi.vercel.app/en/pal/quivern,quivern world tree,0,1,0,11
2026-09-15,https://palworld-chi.vercel.app/en/pal/ragnahawk,ragnahawk,0,1,0,62
2026-09-15,https://palworld-chi.vercel.app/en/pal/rayhound,palworld rayhound,0,1,0,37
2026-09-15,https://palworld-chi.vercel.app/en/pal/shadowbeak,palworld shadowbeak,0,2,0,34.5
2026-09-15,https://palworld-chi.vercel.app/en/pal/shadowbeak,shadowbeak,0,1,0,24
2026-09-15,https://palworld-chi.vercel.app/en/pal/shadowbeak,shadowbeak palworld,0,1,0,34
2026-09-15,https://palworld-chi.vercel.app/en/pal/skutlass,skutlass partner skill,0,1,0,10
2026-09-16,https://palworld-chi.vercel.app/en/guide/breeding,pal breeding,0,1,0,75
2026-09-16,https://palworld-chi.vercel.app/en/guide/endgame,palworld end game accessories,0,1,0,9
2026-09-16,https://palworld-chi.vercel.app/en/guide/endgame,palworld endgame checklist,0,1,0,7
2026-09-16,https://palworld-chi.vercel.app/en/guide/endgame,palworld endgame equipment,0,2,0,3.5
2026-09-16,https://palworld-chi.vercel.app/en/guide/endgame,palworld endgame gear,0,1,0,5
2026-09-16,https://palworld-chi.vercel.app/en/guide/endgame,palworld endgame guide,0,1,0,6
2026-09-16,https://palworld-chi.vercel.app/en/guide/mobile,palworld mobile,0,1,0,8
2026-09-16,https://palworld-chi.vercel.app/en/guide/world-tree,all bosses world tree palworld,0,1,0,6
2026-09-16,https://palworld-chi.vercel.app/en/guide/world-tree,palworld all bosses in world tree,0,1,0,10
2026-09-16,https://palworld-chi.vercel.app/en/guide/world-tree,palworld best world tree pals,0,1,0,24
2026-09-16,https://palworld-chi.vercel.app/en/guide/world-tree,palworld boss world tree,0,1,0,9
2026-09-16,https://palworld-chi.vercel.app/en/guide/world-tree,palworld final boss world tree,0,1,0,10
2026-09-16,https://palworld-chi.vercel.app/en/guide/world-tree,palworld world tree,0,1,0,27
2026-09-16,https://palworld-chi.vercel.app/en/guide/world-tree,palworld world tree all bosses,0,3,0,6.3
2026-09-16,https://palworld-chi.vercel.app/en/guide/world-tree,palworld world tree boss weakness,0,1,0,9
2026-09-16,https://palworld-chi.vercel.app/en/guide/world-tree,palworld world tree level,0,1,0,10
2026-09-16,https://palworld-chi.vercel.app/en/guide/world-tree,palworld world tree quests,0,2,0,8
2026-09-16,https://palworld-chi.vercel.app/en/guide/world-tree,palworld world tree tower boss,0,1,0,9
2026-09-16,https://palworld-chi.vercel.app/en/guide/world-tree,world tree boss palworld,0,2,0,9
2026-09-16,https://palworld-chi.vercel.app/en/guide/world-tree,world tree boss weakness palworld,0,1,0,11
2026-09-16,https://palworld-chi.vercel.app/en/guide/world-tree,world tree bosses palworld,0,2,0,7
2026-09-16,https://palworld-chi.vercel.app/en/guide/world-tree,world tree final boss weakness,0,1,0,9
2026-09-16,https://palworld-chi.vercel.app/en/guide/world-tree,world tree pal types,0,1,0,9
2026-09-16,https://palworld-chi.vercel.app/en/items?category=Material,palworld wiki item,0,1,0,10
2026-09-16,https://palworld-chi.vercel.app/en/pal/astegon/location,astegon location,0,11,0,8.5
2026-09-16,https://palworld-chi.vercel.app/en/pal/astegon/location,astegon location palworld,0,6,0,6.7
2026-09-16,https://palworld-chi.vercel.app/en/pal/astegon/location,astegon palworld location,0,4,0,8.2
2026-09-16,https://palworld-chi.vercel.app/en/pal/astegon/location,astegon palworld location map,0,1,0,9
2026-09-16,https://palworld-chi.vercel.app/en/pal/astegon/location,astegon spawn palworld,0,1,0,10
2026-09-16,https://palworld-chi.vercel.app/en/pal/astegon/location,palworld astegon location,0,4,0,7.5
2026-09-16,https://palworld-chi.vercel.app/en/pal/astegon/location,where does astegon spawn,0,1,0,9
2026-09-16,https://palworld-chi.vercel.app/en/pal/astegon/location,where to find astegon,0,1,0,11
2026-09-16,https://palworld-chi.vercel.app/en/pal/blazamut,blazamut,0,1,0,72
2026-09-16,https://palworld-chi.vercel.app/en/pal/blazamut/location,palworld blazamut spawn,0,1,0,10
2026-09-16,https://palworld-chi.vercel.app/en/pal/bushi,bushi palworld,0,3,0,40.7
2026-09-16,https://palworld-chi.vercel.app/en/pal/bushi-noct/location,where to find bushi,0,1,0,51
2026-09-16,https://palworld-chi.vercel.app/en/pal/cinnamoth,cinamoth,0,1,0,9
2026-09-16,https://palworld-chi.vercel.app/en/pal/cinnamoth,cineoth palworld,0,1,0,9
2026-09-16,https://palworld-chi.vercel.app/en/pal/cinnamoth,palworld cinnamoth condensed,0,1,0,9
2026-09-16,https://palworld-chi.vercel.app/en/pal/dupin,doopin palworld,0,1,0,7
2026-09-16,https://palworld-chi.vercel.app/en/pal/dupin,palworld wiki dupin,0,1,0,10
2026-09-16,https://palworld-chi.vercel.app/en/pal/eidrolon,eirdrolon,0,1,0,8
2026-09-16,https://palworld-chi.vercel.app/en/pal/eidrolon,eldrolon,0,1,0,8
2026-09-16,https://palworld-chi.vercel.app/en/pal/faleris,faleris,0,5,0,9.4
2026-09-16,https://palworld-chi.vercel.app/en/pal/fenglope,fenglope,0,1,0,65
2026-09-16,https://palworld-chi.vercel.app/en/pal/frostallion-noct/location,where does frostallion noct spawn,0,1,0,11
2026-09-16,https://palworld-chi.vercel.app/en/pal/frostallion-noct/location,where to find frostallion noct,0,1,0,9
2026-09-16,https://palworld-chi.vercel.app/en/pal/gobfin,gobfin,0,1,0,11
2026-09-16,https://palworld-chi.vercel.app/en/pal/hartalis,hartalis palworld,0,2,0,28
2026-09-16,https://palworld-chi.vercel.app/en/pal/jetragon,jetragon palworld,0,1,0,33
2026-09-16,https://palworld-chi.vercel.app/en/pal/jormuntide/location,jormuntide location,0,9,0,9
2026-09-16,https://palworld-chi.vercel.app/en/pal/jormuntide/location,jormuntide location palworld,0,1,0,9
2026-09-16,https://palworld-chi.vercel.app/en/pal/jormuntide/location,jormuntide palworld location,0,1,0,8
2026-09-16,https://palworld-chi.vercel.app/en/pal/jormuntide/location,palworld jormuntide location,0,7,0,8.4
2026-09-16,https://palworld-chi.vercel.app/en/pal/jormuntide/location,palworld jormuntide spawn location,0,2,0,10
2026-09-16,https://palworld-chi.vercel.app/en/pal/katress-ignis/location,palworld katress ignis location,0,1,0,50
2026-09-16,https://palworld-chi.vercel.app/en/pal/kikit,palworld kikit,0,1,0,56
2026-09-16,https://palworld-chi.vercel.app/en/pal/kingpaca-cryst/location,kingpaca cryst location,0,2,0,8.5
2026-09-16,https://palworld-chi.vercel.app/en/pal/kingpaca-cryst/location,kingpaca cryst location palworld,0,1,0,8
2026-09-16,https://palworld-chi.vercel.app/en/pal/kingpaca-cryst/location,palworld kingpaca cryst location,0,1,0,8
2026-09-16,https://palworld-chi.vercel.app/en/pal/kitsun-noct,palworld kitsun noct,0,1,0,52
2026-09-16,https://palworld-chi.vercel.app/en/pal/loupmoon,loop moon palworld,0,1,0,11
2026-09-16,https://palworld-chi.vercel.app/en/pal/lovander,lovander palworld,0,1,0,27
2026-09-16,https://palworld-chi.vercel.app/en/pal/mossanda/location,mossanda location palworld,0,1,0,50
2026-09-16,https://palworld-chi.vercel.app/en/pal/mossanda/location,mossanda palworld location map,0,1,0,53
2026-09-16,https://palworld-chi.vercel.app/en/pal/mossanda/location,where to find mossanda,0,1,0,39
2026-09-16,https://palworld-chi.vercel.app/en/pal/neptilius/location,neptilius palworld location,0,1,0,8
2026-09-16,https://palworld-chi.vercel.app/en/pal/neptilius/location,neptilius spawn palworld,0,1,0,10
2026-09-16,https://palworld-chi.vercel.app/en/pal/neptilius/location,neptillius location,0,1,0,9
2026-09-16,https://palworld-chi.vercel.app/en/pal/neptilius/location,palworld where to get neptilius,0,1,0,8
2026-09-16,https://palworld-chi.vercel.app/en/pal/neptilius/location,where can i find neptilius palworld,0,1,0,8
2026-09-16,https://palworld-chi.vercel.app/en/pal/neptilius/location,where to find neptilius,0,1,0,8
2026-09-16,https://palworld-chi.vercel.app/en/pal/neptilius/location,where to get neptilius,0,1,0,7
2026-09-16,https://palworld-chi.vercel.app/en/pal/penking,palworld penking,0,1,0,39
2026-09-16,https://palworld-chi.vercel.app/en/pal/penking,pengking,0,1,0,51
2026-09-16,https://palworld-chi.vercel.app/en/pal/penking/location,palworld penking location map,0,2,0,11
2026-09-16,https://palworld-chi.vercel.app/en/pal/penking/location,penking location,0,3,0,7.3
2026-09-16,https://palworld-chi.vercel.app/en/pal/penking/location,penking location palworld,0,1,0,10
2026-09-16,https://palworld-chi.vercel.app/en/pal/penking/location,penking palworld location,0,1,0,7
2026-09-16,https://palworld-chi.vercel.app/en/pal/penking/location,where to find penking palworld,0,1,0,29
2026-09-16,https://palworld-chi.vercel.app/en/pal/rayhound,palworld rayhound,0,1,0,59
2026-09-16,https://palworld-chi.vercel.app/en/pal/rayhound,rayhound,0,1,0,67
2026-09-16,https://palworld-chi.vercel.app/en/pal/relaxaurus-lux,palworld relaxaurus lux location,0,1,0,61
2026-09-16,https://palworld-chi.vercel.app/en/pal/reptyro/location,palworld reptyro location,0,1,0,8
2026-09-16,https://palworld-chi.vercel.app/en/pal/reptyro/location,reptyro location,0,3,0,8.3
2026-09-16,https://palworld-chi.vercel.app/en/pal/reptyro/location,reptyro location palworld,0,2,0,9
2026-09-16,https://palworld-chi.vercel.app/en/pal/reptyro/location,reptyro pal location,0,1,0,10
2026-09-16,https://palworld-chi.vercel.app/en/pal/shadowbeak,palworld shadowbeak,0,1,0,11
2026-09-16,https://palworld-chi.vercel.app/en/pal/shadowbeak,shadowbeak,0,2,0,30.5
2026-09-16,https://palworld-chi.vercel.app/en/pal/sibelyx/location,palworld sibelyx location,0,1,0,55
2026-09-16,https://palworld-chi.vercel.app/en/pal/tocotoco,palworld tocotoco,0,1,0,11
2026-09-16,https://palworld-chi.vercel.app/en/pal/xenogard/location,palworld 1.0 xenogard location,0,1,0,6
2026-09-17,https://palworld-chi.vercel.app/en/guide/endgame,palworld end game guide,0,2,0,8
2026-09-17,https://palworld-chi.vercel.app/en/guide/endgame,palworld endgame equipment,0,1,0,4
2026-09-17,https://palworld-chi.vercel.app/en/guide/endgame,palworld endgame gear,0,2,0,2.5
2026-09-17,https://palworld-chi.vercel.app/en/guide/world-tree,all bosses in world tree palworld,0,1,0,9
2026-09-17,https://palworld-chi.vercel.app/en/guide/world-tree,electric pals world tree,0,2,0,7
2026-09-17,https://palworld-chi.vercel.app/en/guide/world-tree,palworld world tree bosses,0,1,0,7
2026-09-17,https://palworld-chi.vercel.app/en/guide/world-tree,world tree boss,0,1,0,11
2026-09-17,https://palworld-chi.vercel.app/en/guide/world-tree,world tree electric pals,0,1,0,9
2026-09-17,https://palworld-chi.vercel.app/en/guide/world-tree,world tree palworld wiki,0,1,0,6
2026-09-17,https://palworld-chi.vercel.app/en/guide/world-tree,world tree towers,0,2,0,6
2026-09-17,https://palworld-chi.vercel.app/en/pal/anubis,anubis palworld,0,1,0,29
2026-09-17,https://palworld-chi.vercel.app/en/pal/anubis,palworld anubis,0,1,0,34
2026-09-17,https://palworld-chi.vercel.app/en/pal/astegon/location,astegon location,0,4,0,8.2
2026-09-17,https://palworld-chi.vercel.app/en/pal/astegon/location,astegon location palworld,0,5,0,7.8
2026-09-17,https://palworld-chi.vercel.app/en/pal/astegon/location,astegon not spawning,0,1,0,6
2026-09-17,https://palworld-chi.vercel.app/en/pal/astegon/location,astegon palworld,0,1,0,63
2026-09-17,https://palworld-chi.vercel.app/en/pal/astegon/location,astegon palworld location,0,5,0,9.6
2026-09-17,https://palworld-chi.vercel.app/en/pal/astegon/location,palworld astegon location,0,3,0,8.7
2026-09-17,https://palworld-chi.vercel.app/en/pal/astegon/location,where to find astegon,0,1,0,9
2026-09-17,https://palworld-chi.vercel.app/en/pal/beegarde,beegarde palworld,0,1,0,73
2026-09-17,https://palworld-chi.vercel.app/en/pal/blazamut/location,palworld blazamut spawn location,0,1,0,10
2026-09-17,https://palworld-chi.vercel.app/en/pal/bushi,palworld bushi,0,1,0,42
2026-09-17,https://palworld-chi.vercel.app/en/pal/cinnamoth,cinamoth,0,1,0,11
2026-09-17,https://palworld-chi.vercel.app/en/pal/cinnamoth,cinnamoth location,0,1,0,62
2026-09-17,https://palworld-chi.vercel.app/en/pal/cinnamoth,palworld moth,0,2,0,9
2026-09-17,https://palworld-chi.vercel.app/en/pal/cinnamoth,palworld mysterious scales,0,1,0,11
2026-09-17,https://palworld-chi.vercel.app/en/pal/dandilord,dandilord dance,0,1,0,29
2026-09-17,https://palworld-chi.vercel.app/en/pal/dupin,palworld dupin,0,1,0,28
2026-09-17,https://palworld-chi.vercel.app/en/pal/eidrolon,eidrolon type,0,1,0,6
2026-09-17,https://palworld-chi.vercel.app/en/pal/faleris,faeleris,0,1,0,9
2026-09-17,https://palworld-chi.vercel.app/en/pal/frostallion-noct/location,frostallion noct coordinates,0,1,0,11
2026-09-17,https://palworld-chi.vercel.app/en/pal/frostallion-noct/location,palworld frostallion noct boss location,0,1,0,11
2026-09-17,https://palworld-chi.vercel.app/en/pal/frostplume,frostplume location,0,1,0,52
2026-09-17,https://palworld-chi.vercel.app/en/pal/grizzbolt/breeding,palworld how to breed grizzbolt,0,1,0,58
2026-09-17,https://palworld-chi.vercel.app/en/pal/helzephyr,helzephyr speed,0,1,0,67
2026-09-17,https://palworld-chi.vercel.app/en/pal/icelyn,icelyn,0,1,0,48
2026-09-17,https://palworld-chi.vercel.app/en/pal/jetragon,palworld jetragon,0,1,0,41
2026-09-17,https://palworld-chi.vercel.app/en/pal/jormuntide/location,jormuntide location,0,1,0,10
2026-09-17,https://palworld-chi.vercel.app/en/pal/jormuntide/location,jormuntide palworld location,0,2,0,6.5
2026-09-17,https://palworld-chi.vercel.app/en/pal/jormuntide/location,palworld jormuntide location,0,5,0,9.8
2026-09-17,https://palworld-chi.vercel.app/en/pal/kingpaca-cryst/location,kingpaca cryst location,0,1,0,8
2026-09-17,https://palworld-chi.vercel.app/en/pal/kingpaca-cryst/location,kingpaca cryst palworld location,0,1,0,10
2026-09-17,https://palworld-chi.vercel.app/en/pal/kingpaca-cryst/location,palworld kingpaca cryst location,0,1,0,10
2026-09-17,https://palworld-chi.vercel.app/en/pal/kitsun-noct,how to get to kitsun noct,0,1,0,54
2026-09-17,https://palworld-chi.vercel.app/en/pal/lapure,lapure build,0,1,0,5
2026-09-17,https://palworld-chi.vercel.app/en/pal/lovander,lovander,0,1,0,66
2026-09-17,https://palworld-chi.vercel.app/en/pal/neptilius/location,where neptilius palworld,0,1,0,8
2026-09-17,https://palworld-chi.vercel.app/en/pal/omascul,omascul passive,0,1,0,8
2026-09-17,https://palworld-chi.vercel.app/en/pal/penking/location,palworld penking location map,0,1,0,11
2026-09-17,https://palworld-chi.vercel.app/en/pal/penking/location,penking location palworld,0,1,0,10
2026-09-17,https://palworld-chi.vercel.app/en/pal/penking/location,penking location palworld 1.0,0,1,0,10
2026-09-17,https://palworld-chi.vercel.app/en/pal/penking/location,penking spawn,0,1,0,10
2026-09-17,https://palworld-chi.vercel.app/en/pal/penking/location,where to find penking,0,1,0,8
2026-09-17,https://palworld-chi.vercel.app/en/pal/penking/location,where to get penking palworld,0,2,0,9
2026-09-17,https://palworld-chi.vercel.app/en/pal/ragnahawk,ragnahawk,0,1,0,60
2026-09-17,https://palworld-chi.vercel.app/en/pal/rayhound,how to breed rayhound in palworld,0,1,0,59
2026-09-17,https://palworld-chi.vercel.app/en/pal/reptyro/location,palworld reptyro location,0,1,0,11
2026-09-17,https://palworld-chi.vercel.app/en/pal/reptyro/location,reptyro palworld location 1.0,0,2,0,5
2026-09-17,https://palworld-chi.vercel.app/en/pal/reptyro/location,where to get reptyro palworld,0,1,0,9
2026-09-17,https://palworld-chi.vercel.app/en/pal/reptyro/location/,reptyro palworld location,0,1,0,1
2026-09-17,https://palworld-chi.vercel.app/en/pal/sootseer,sudsere pal,0,2,0,9.5
2026-09-17,https://palworld-chi.vercel.app/en/pal/sootseer,sudsere palworld,0,1,0,11
2026-09-17,https://palworld-chi.vercel.app/en/pal/sootseer,suitar palworld,0,1,0,10
2026-09-17,https://palworld-chi.vercel.app/en/pal/xenogard/location,how to get xenogard,0,1,0,11
2026-09-18,https://palworld-chi.vercel.app/en/guide/breeding,breed palworld,0,1,0,82
2026-09-18,https://palworld-chi.vercel.app/en/guide/breeding,breeding palworld,0,1,0,93
2026-09-18,https://palworld-chi.vercel.app/en/guide/endgame,palword end game,0,1,0,6
2026-09-18,https://palworld-chi.vercel.app/en/guide/endgame,palworld best end game gear,0,1,0,9
2026-09-18,https://palworld-chi.vercel.app/en/guide/endgame,palworld endgame,0,2,0,15
2026-09-18,https://palworld-chi.vercel.app/en/guide/endgame,palworld endgame gear,0,1,0,1
2026-09-18,https://palworld-chi.vercel.app/en/guide/endgame,palworld endgame guide,0,1,0,4
2026-09-18,https://palworld-chi.vercel.app/en/guide/endgame,palworld endgame tips,0,1,0,7
2026-09-18,https://palworld-chi.vercel.app/en/guide/world-tree,palworld world tree bosses,0,2,0,7
2026-09-18,https://palworld-chi.vercel.app/en/guide/world-tree,palworld world tree hard mode,0,1,0,9
2026-09-18,https://palworld-chi.vercel.app/en/guide/world-tree,palworld world tree level,0,1,0,9
2026-09-18,https://palworld-chi.vercel.app/en/guide/world-tree,world tree boss pals,0,1,0,9
2026-09-18,https://palworld-chi.vercel.app/en/guide/world-tree,world tree bosses palworld,0,1,0,6
2026-09-18,https://palworld-chi.vercel.app/en/guide/world-tree,world tree palworld bosses,0,1,0,8
2026-09-18,https://palworld-chi.vercel.app/en/pal/anubis,anubis palworld,0,1,0,26
2026-09-18,https://palworld-chi.vercel.app/en/pal/astegon/location,astegon location,0,6,0,8.5
2026-09-18,https://palworld-chi.vercel.app/en/pal/astegon/location,astegon location palworld,0,4,0,10
2026-09-18,https://palworld-chi.vercel.app/en/pal/astegon/location,astegon spawn location,0,1,0,11
2026-09-18,https://palworld-chi.vercel.app/en/pal/astegon/location,palworld astegon location,0,2,0,9
2026-09-18,https://palworld-chi.vercel.app/en/pal/blazamut-ryu,blazamut ryu,0,1,0,62
2026-09-18,https://palworld-chi.vercel.app/en/pal/blazamut/location,blazamut location,0,1,0,28
2026-09-18,https://palworld-chi.vercel.app/en/pal/bushi,bushi palworld,0,1,0,9
2026-09-18,https://palworld-chi.vercel.app/en/pal/bushi,bushi palworld type,0,1,0,5
2026-09-18,https://palworld-chi.vercel.app/en/pal/dupin,palworld duppin,0,1,0,25
2026-09-18,https://palworld-chi.vercel.app/en/pal/fenglope,fengelope,0,1,0,65
2026-09-18,https://palworld-chi.vercel.app/en/pal/flaracle,flarcale,0,1,0,8
2026-09-18,https://palworld-chi.vercel.app/en/pal/hartalis,hartalis palworld,0,1,0,27
2026-09-18,https://palworld-chi.vercel.app/en/pal/hoodle,hoodle palworld,0,1,0,34
2026-09-18,https://palworld-chi.vercel.app/en/pal/icelyn,icelyn palworld,0,1,0,28
2026-09-18,https://palworld-chi.vercel.app/en/pal/jormuntide/location,jormuntide location,0,4,0,8.5
2026-09-18,https://palworld-chi.vercel.app/en/pal/jormuntide/location,jormuntide palworld location,0,2,0,9.5
2026-09-18,https://palworld-chi.vercel.app/en/pal/jormuntide/location,palworld jormuntide location,0,5,0,8.8
2026-09-18,https://palworld-chi.vercel.app/en/pal/katress-ignis/location,katress ignis palworld location,0,1,0,26
2026-09-18,https://palworld-chi.vercel.app/en/pal/kitsun-noct,how to find kitsun noct palworld,0,1,0,44
2026-09-18,https://palworld-chi.vercel.app/en/pal/lovander,palworld lovander,0,1,0,66
2026-09-18,https://palworld-chi.vercel.app/en/pal/muffly/breeding,primo-tcg-website.vercel.app,0,1,0,22
2026-09-18,https://palworld-chi.vercel.app/en/pal/neptilius/location,where can i find neptilius palworld,0,2,0,9
2026-09-18,https://palworld-chi.vercel.app/en/pal/omascul,omascu,0,1,0,10
2026-09-18,https://palworld-chi.vercel.app/en/pal/omascul,omaskul,0,1,0,11
2026-09-18,https://palworld-chi.vercel.app/en/pal/penking/location,palworld king penguin location,0,1,0,8
2026-09-18,https://palworld-chi.vercel.app/en/pal/penking/location,palworld penking location map,0,1,0,10
2026-09-18,https://palworld-chi.vercel.app/en/pal/penking/location,penking boss location,0,1,0,9
2026-09-18,https://palworld-chi.vercel.app/en/pal/penking/location,penking location palworld,0,2,0,8.5
2026-09-18,https://palworld-chi.vercel.app/en/pal/penking/location,where to find penking palworld,0,2,0,9.5
2026-09-18,https://palworld-chi.vercel.app/en/pal/shroomer/breeding,primo-tcg-website.vercel.app,0,2,0,10
2026-09-18,https://palworld-chi.vercel.app/en/pal/sibelyx-primo,primo-tcg-website.vercel.app,0,2,0,5
2026-09-18,https://palworld-chi.vercel.app/en/pal/solenne,palworld 182,0,1,0,10
2026-09-18,https://palworld-chi.vercel.app/en/pal/sootseer,sootseer breeding,0,1,0,73
2026-09-18,https://palworld-chi.vercel.app/en/pal/starryon,starryon palworld,0,1,0,61
2026-09-18,https://palworld-chi.vercel.app/en/pal/starryon-primo/location,primo-tcg-website.vercel.app,0,2,0,4
2026-09-18,https://palworld-chi.vercel.app/en/pal/turtacle/breeding,primo-tcg-website.vercel.app,0,2,0,20.5
2026-09-19,https://palworld-chi.vercel.app/en/guide/endgame,palworld endgame,0,3,0,13
2026-09-19,https://palworld-chi.vercel.app/en/guide/endgame,palworld endgame guide,0,1,0,6
2026-09-19,https://palworld-chi.vercel.app/en/guide/endgame,palworld endgame tips,0,1,0,8
2026-09-19,https://palworld-chi.vercel.app/en/guide/world-tree,palworld world tree boss drops,0,1,0,7
2026-09-19,https://palworld-chi.vercel.app/en/guide/world-tree,palworld world tree level,0,1,0,11
2026-09-19,https://palworld-chi.vercel.app/en/guide/world-tree,palworld world tree levels,0,1,0,7
2026-09-19,https://palworld-chi.vercel.app/en/guide/world-tree,palworld world tree towers,0,1,0,11
2026-09-19,https://palworld-chi.vercel.app/en/guide/world-tree,world tree palworld wiki,0,1,0,9
2026-09-19,https://palworld-chi.vercel.app/en/pal/aegidron,aegidron,0,1,0,36
2026-09-19,https://palworld-chi.vercel.app/en/pal/anubis,anubis palworld,0,2,0,32
2026-09-19,https://palworld-chi.vercel.app/en/pal/astegon/location,astegon,0,1,0,66
2026-09-19,https://palworld-chi.vercel.app/en/pal/astegon/location,astegon location,0,8,0,8.5
2026-09-19,https://palworld-chi.vercel.app/en/pal/astegon/location,astegon location palworld,0,2,0,10.5
2026-09-19,https://palworld-chi.vercel.app/en/pal/astegon/location,astegon palworld,0,1,0,68
2026-09-19,https://palworld-chi.vercel.app/en/pal/astegon/location,astegon palworld location,0,9,0,8.9
2026-09-19,https://palworld-chi.vercel.app/en/pal/astegon/location,astegon palworld location map,0,1,0,10
2026-09-19,https://palworld-chi.vercel.app/en/pal/astegon/location,astegon palworld spawn,0,1,0,8
2026-09-19,https://palworld-chi.vercel.app/en/pal/astegon/location,astegon spawn,0,1,0,8
2026-09-19,https://palworld-chi.vercel.app/en/pal/astegon/location,palworld astegon location,0,3,0,8.3
2026-09-19,https://palworld-chi.vercel.app/en/pal/astegon/location,palworld astegon spawn,0,1,0,8
2026-09-19,https://palworld-chi.vercel.app/en/pal/astegon/location,what level is astegon,0,1,0,10
2026-09-19,https://palworld-chi.vercel.app/en/pal/beegarde,beegarde palworld,0,1,0,60
2026-09-19,https://palworld-chi.vercel.app/en/pal/blazamut,blazamut palworld,0,1,0,70
2026-09-19,https://palworld-chi.vercel.app/en/pal/blazamut/location,palworld blazamut location map,0,1,0,50
2026-09-19,https://palworld-chi.vercel.app/en/pal/chikipi/location,chikipi palworld location,0,1,0,11
2026-09-19,https://palworld-chi.vercel.app/en/pal/cinnamoth,cineot palworld,0,2,0,8.5
2026-09-19,https://palworld-chi.vercel.app/en/pal/cinnamoth,cinnamoth palworld,0,1,0,99
2026-09-19,https://palworld-chi.vercel.app/en/pal/dupin,dupin,0,1,0,11
2026-09-19,https://palworld-chi.vercel.app/en/pal/eidrolon,eidrolon palworld,0,1,0,48
2026-09-19,https://palworld-chi.vercel.app/en/pal/elphidran-aqua,palworld elphidran aqua location,0,1,0,63
2026-09-19,https://palworld-chi.vercel.app/en/pal/frostplume,palworld frostplume location,0,1,0,51
2026-09-19,https://palworld-chi.vercel.app/en/pal/hartalis,hartilis palworld,0,1,0,30
2026-09-19,https://palworld-chi.vercel.app/en/pal/jetragon,jetragon,0,1,0,56
2026-09-19,https://palworld-chi.vercel.app/en/pal/jormuntide/location,jormuntide location,0,2,0,8
2026-09-19,https://palworld-chi.vercel.app/en/pal/jormuntide/location,jormuntide palworld location,0,4,0,9.5
2026-09-19,https://palworld-chi.vercel.app/en/pal/jormuntide/location,palworld jormuntide location,0,6,0,9.5
2026-09-19,https://palworld-chi.vercel.app/en/pal/kingpaca-cryst/location,kingpaca cryst not spawning,0,1,0,10
2026-09-19,https://palworld-chi.vercel.app/en/pal/kingpaca-cryst/location,palworld kingpaca cryst location,0,1,0,10
2026-09-19,https://palworld-chi.vercel.app/en/pal/lovander,lovander palworld,0,2,0,49.5
2026-09-19,https://palworld-chi.vercel.app/en/pal/maraith,maraith location palworld,0,1,0,63
2026-09-19,https://palworld-chi.vercel.app/en/pal/neptilius/location,neptilus location,0,1,0,11
2026-09-19,https://palworld-chi.vercel.app/en/pal/neptilius/location,where to catch neptilius palworld,0,1,0,8
2026-09-19,https://palworld-chi.vercel.app/en/pal/neptilius/location,where to find neptilius palworld,0,1,0,9
2026-09-19,https://palworld-chi.vercel.app/en/pal/omascul,omacul,0,1,0,8
2026-09-19,https://palworld-chi.vercel.app/en/pal/omascul,omascule,0,1,0,9
2026-09-19,https://palworld-chi.vercel.app/en/pal/omascul,omaskul,0,2,0,9.5
2026-09-19,https://palworld-chi.vercel.app/en/pal/penking/location,palworld where to find penking,0,2,0,9
2026-09-19,https://palworld-chi.vercel.app/en/pal/penking/location,where is penking palworld,0,1,0,8
2026-09-19,https://palworld-chi.vercel.app/en/pal/penking/location,where to catch penking palworld,0,1,0,10
2026-09-19,https://palworld-chi.vercel.app/en/pal/penking/location,where to find penking,0,1,0,11
2026-09-19,https://palworld-chi.vercel.app/en/pal/ragnahawk,ragnahawk,0,1,0,31
2026-09-19,https://palworld-chi.vercel.app/en/pal/rayhound,rayhound breeding,0,1,0,57
2026-09-19,https://palworld-chi.vercel.app/en/pal/reptyro/location,give me coordinates,0,1,0,6
2026-09-19,https://palworld-chi.vercel.app/en/pal/shadowbeak,palworld shadowbeak,0,1,0,28
2026-09-19,https://palworld-chi.vercel.app/en/pal/shadowbeak,shadowbeak palworld,0,1,0,63
2026-09-19,https://palworld-chi.vercel.app/en/pal/shadowbeak,what element is shadowbeak,0,1,0,11
2026-09-19,https://palworld-chi.vercel.app/en/pal/sootseer,seethers palworld,0,1,0,9
2026-09-19,https://palworld-chi.vercel.app/en/pal/suzaku,suzaku palworld,0,1,0,58
2026-09-20,https://palworld-chi.vercel.app/en/guide/beginner,palworld 攻略,0,1,0,9
2026-09-20,https://palworld-chi.vercel.app/en/guide/endgame,palworld end game accessories,0,1,0,11
2026-09-20,https://palworld-chi.vercel.app/en/guide/endgame,palworld end game materials,0,1,0,6
2026-09-20,https://palworld-chi.vercel.app/en/guide/endgame,palworld endgame,0,1,0,8
2026-09-20,https://palworld-chi.vercel.app/en/guide/endgame,palworld endgame materials,0,1,0,4
2026-09-20,https://palworld-chi.vercel.app/en/guide/endgame,palworld late game materials,0,2,0,3.5
2026-09-20,https://palworld-chi.vercel.app/en/guide/materials,other materials palworld,0,1,0,10
2026-09-20,https://palworld-chi.vercel.app/en/guide/world-tree,bosses world tree,0,1,0,7
2026-09-20,https://palworld-chi.vercel.app/en/guide/world-tree,palworld shadowbeak world tree,0,1,0,11
2026-09-20,https://palworld-chi.vercel.app/en/guide/world-tree,palworld world tree guide,0,1,0,9
2026-09-20,https://palworld-chi.vercel.app/en/guide/world-tree,palworld world tree level,0,1,0,10
2026-09-20,https://palworld-chi.vercel.app/en/guide/world-tree,palworld world tree requirements,0,1,0,9
2026-09-20,https://palworld-chi.vercel.app/en/guide/world-tree,shadowbeak world tree,0,1,0,11
2026-09-20,https://palworld-chi.vercel.app/en/guide/world-tree,world tree boss drops,0,1,0,5
2026-09-20,https://palworld-chi.vercel.app/en/guide/world-tree,world tree boss pals,0,1,0,11
2026-09-20,https://palworld-chi.vercel.app/en/guide/world-tree,world tree level palworld,0,1,0,11
2026-09-20,https://palworld-chi.vercel.app/en/guide/world-tree,world tree palworld wiki,0,1,0,6
2026-09-20,https://palworld-chi.vercel.app/en/guide/world-tree,world tree tower boss palworld,0,1,0,10
2026-09-20,https://palworld-chi.vercel.app/en/pal/anubis,anubis palword,0,2,0,9
2026-09-20,https://palworld-chi.vercel.app/en/pal/anubis,palworld anubis,0,1,0,29
2026-09-20,https://palworld-chi.vercel.app/en/pal/astegon/location,astegon location,0,11,0,9
2026-09-20,https://palworld-chi.vercel.app/en/pal/astegon/location,astegon location palworld,0,2,0,8
2026-09-20,https://palworld-chi.vercel.app/en/pal/astegon/location,astegon palworld location,0,13,0,8.5
2026-09-20,https://palworld-chi.vercel.app/en/pal/astegon/location,astegon spawn,0,1,0,8
2026-09-20,https://palworld-chi.vercel.app/en/pal/astegon/location,pal astegon location,0,1,0,11
2026-09-20,https://palworld-chi.vercel.app/en/pal/astegon/location,palworld astegon location,0,4,0,8.8
2026-09-20,https://palworld-chi.vercel.app/en/pal/astegon/location,where does astegon spawn,0,1,0,8
2026-09-20,https://palworld-chi.vercel.app/en/pal/astegon/location,where to find astegon,0,1,0,11
2026-09-20,https://palworld-chi.vercel.app/en/pal/beegarde,bee guard palworld,0,1,0,63
2026-09-20,https://palworld-chi.vercel.app/en/pal/blazamut-ryu,blazamut ryu,0,1,0,58
2026-09-20,https://palworld-chi.vercel.app/en/pal/blazamut/location,blazamut location,0,1,0,9
2026-09-20,https://palworld-chi.vercel.app/en/pal/blazamut/location,blazamut spawn,0,1,0,53
2026-09-20,https://palworld-chi.vercel.app/en/pal/blazamut/location,blazamut spawn location,0,2,0,9
2026-09-20,https://palworld-chi.vercel.app/en/pal/bushi,bushi palworld,0,1,0,53
2026-09-20,https://palworld-chi.vercel.app/en/pal/cinnamoth,palworld cinnamoth,0,1,0,29
2026-09-20,https://palworld-chi.vercel.app/en/pal/dinossom-lux,palworld dinossom lux,0,1,0,37
2026-09-20,https://palworld-chi.vercel.app/en/pal/eidrolon,eidrolon meteor rain,0,1,0,9
2026-09-20,https://palworld-chi.vercel.app/en/pal/faleris-aqua,faleris aqua saddle level,0,1,0,60
2026-09-20,https://palworld-chi.vercel.app/en/pal/faleris-aqua,felaris aqua,0,1,0,57
2026-09-20,https://palworld-chi.vercel.app/en/pal/felbat/location,where to find felbat palworld 1.0,0,1,0,9
2026-09-20,https://palworld-chi.vercel.app/en/pal/flaracle,flareacle,0,1,0,10
2026-09-20,https://palworld-chi.vercel.app/en/pal/flaracle,flatacle,0,2,0,10
2026-09-20,https://palworld-chi.vercel.app/en/pal/frostallion-noct/location,frostallion noct palworld location,0,1,0,10
2026-09-20,https://palworld-chi.vercel.app/en/pal/galeclaw,galeclaw,0,1,0,11
2026-09-20,https://palworld-chi.vercel.app/en/pal/hartalis,197 palworld,0,1,0,8
2026-09-20,https://palworld-chi.vercel.app/en/pal/hartalis,hartails palworld,0,1,0,31
2026-09-20,https://palworld-chi.vercel.app/en/pal/jormuntide/location,jormuntide location,0,5,0,9.4
2026-09-20,https://palworld-chi.vercel.app/en/pal/jormuntide/location,jormuntide locations palworld,0,2,0,11
2026-09-20,https://palworld-chi.vercel.app/en/pal/jormuntide/location,jormuntide pal location,0,1,0,10
2026-09-20,https://palworld-chi.vercel.app/en/pal/jormuntide/location,jormuntide palworld location,0,7,0,9.1
2026-09-20,https://palworld-chi.vercel.app/en/pal/jormuntide/location,palworld jormuntide location,0,3,0,9.3
2026-09-20,https://palworld-chi.vercel.app/en/pal/kingpaca-cryst/location,kingpaca cryst location,0,2,0,10
2026-09-20,https://palworld-chi.vercel.app/en/pal/kingpaca-cryst/location,palworld kingpaca cryst location,0,1,0,9
2026-09-20,https://palworld-chi.vercel.app/en/pal/lovander,palworld lovander,0,1,0,30
2026-09-20,https://palworld-chi.vercel.app/en/pal/lunaris,lunaris palworld,0,1,0,63
2026-09-20,https://palworld-chi.vercel.app/en/pal/neptilius/location,palworld neptilius location,0,2,0,7
2026-09-20,https://palworld-chi.vercel.app/en/pal/neptilius/location,palworld neptilius where to find,0,1,0,7
2026-09-20,https://palworld-chi.vercel.app/en/pal/neptilius/location,where can i find neptilius palworld,0,1,0,11
2026-09-20,https://palworld-chi.vercel.app/en/pal/neptilius/location,where is neptillius,0,1,0,6
2026-09-20,https://palworld-chi.vercel.app/en/pal/omascul,omascal,0,1,0,11
2026-09-20,https://palworld-chi.vercel.app/en/pal/omascul,omnis skull palworld,0,1,0,10
2026-09-20,https://palworld-chi.vercel.app/en/pal/penking,palworld penking,0,3,0,31.3
2026-09-20,https://palworld-chi.vercel.app/en/pal/penking,penking palworld,0,1,0,29
2026-09-20,https://palworld-chi.vercel.app/en/pal/penking/location,penking location palworld,0,3,0,8
2026-09-20,https://palworld-chi.vercel.app/en/pal/penking/location,penking palworld location,0,1,0,11
2026-09-20,https://palworld-chi.vercel.app/en/pal/penking/location,where can i find penking in palworld,0,1,0,8
2026-09-20,https://palworld-chi.vercel.app/en/pal/penking/location,where to find penking,0,1,0,9
2026-09-20,https://palworld-chi.vercel.app/en/pal/petallia/location,palworld 1.0 petallia location,0,2,0,9
2026-09-20,https://palworld-chi.vercel.app/en/pal/petallia/location,palworld petallia location,0,3,0,5.7
2026-09-20,https://palworld-chi.vercel.app/en/pal/petallia/location,petallia palworld location 1.0,0,1,0,9
2026-09-20,https://palworld-chi.vercel.app/en/pal/prixter-lux/location,palworld prixter lux boss not spawning,0,1,0,4
2026-09-20,https://palworld-chi.vercel.app/en/pal/ragnahawk,ragnahawk,0,1,0,10
2026-09-20,https://palworld-chi.vercel.app/en/pal/reptyro/location,palworld reptyro location,0,1,0,8
2026-09-20,https://palworld-chi.vercel.app/en/pal/reptyro/location,reptyro location,0,1,0,9
2026-09-20,https://palworld-chi.vercel.app/en/pal/reptyro/location,reptyro location palworld,0,1,0,7
2026-09-20,https://palworld-chi.vercel.app/en/pal/reptyro/location,reptyro palworld location,0,2,0,9
2026-09-20,https://palworld-chi.vercel.app/en/pal/shadowbeak,palworld shadowbeak,0,1,0,34
2026-09-20,https://palworld-chi.vercel.app/en/pal/shadowbeak,shadowbeak,0,1,0,30
2026-09-20,https://palworld-chi.vercel.app/en/pal/solenne,palworld wiki solenne,0,1,0,8
2026-09-20,https://palworld-chi.vercel.app/en/pal/sootseer,sootseer palworld location,0,1,0,57
2026-09-20,https://palworld-chi.vercel.app/en/pal/starryon,starryon mount,0,1,0,11
2026-09-20,https://palworld-chi.vercel.app/en/pal/suzaku,palworld suzaku,0,1,0,63
2026-09-21,https://palworld-chi.vercel.app/en/breeding-calculator,palworld breeding calculator 1.0,0,2,0,51
2026-09-21,https://palworld-chi.vercel.app/en/guide/endgame,palworld endgame,0,2,0,11
2026-09-21,https://palworld-chi.vercel.app/en/guide/endgame,palworld endgame guide,0,1,0,6
2026-09-21,https://palworld-chi.vercel.app/en/guide/materials,other materials palworld,0,1,0,11
2026-09-21,https://palworld-chi.vercel.app/en/guide/materials,palworld other materials,0,1,0,7
2026-09-21,https://palworld-chi.vercel.app/en/guide/world-tree,palworld world tree bosses,0,1,0,9
2026-09-21,https://palworld-chi.vercel.app/en/guide/world-tree,palworld world tree bosses list,0,1,0,11
2026-09-21,https://palworld-chi.vercel.app/en/guide/world-tree,palworld world tree wiki,0,1,0,5
2026-09-21,https://palworld-chi.vercel.app/en/guide/world-tree,world tree bosses,0,1,0,7
2026-09-21,https://palworld-chi.vercel.app/en/guide/world-tree,world tree palworld level,0,1,0,8
2026-09-21,https://palworld-chi.vercel.app/en/pal/anubis,anubis palworld,0,1,0,9
2026-09-21,https://palworld-chi.vercel.app/en/pal/anubis,palworld anubis,0,1,0,36
2026-09-21,https://palworld-chi.vercel.app/en/pal/astegon/location,astegon location,0,6,0,9.8
2026-09-21,https://palworld-chi.vercel.app/en/pal/astegon/location,astegon location palworld,0,4,0,9.2
2026-09-21,https://palworld-chi.vercel.app/en/pal/astegon/location,astegon palworld,0,2,0,59.5
2026-09-21,https://palworld-chi.vercel.app/en/pal/astegon/location,astegon palworld location,0,2,0,10
2026-09-21,https://palworld-chi.vercel.app/en/pal/astegon/location,astegon palworld location map,0,1,0,8
2026-09-21,https://palworld-chi.vercel.app/en/pal/astegon/location,astegon palworld spawn,0,1,0,8
2026-09-21,https://palworld-chi.vercel.app/en/pal/astegon/location,palworld astegon location,0,9,0,9
2026-09-21,https://palworld-chi.vercel.app/en/pal/astegon/location,palworld astegon location map,0,1,0,11
2026-09-21,https://palworld-chi.vercel.app/en/pal/beegarde,beegarde,0,1,0,27
2026-09-21,https://palworld-chi.vercel.app/en/pal/blazamut/location,blazamut spawn,0,1,0,9
2026-09-21,https://palworld-chi.vercel.app/en/pal/bushi,pal bushi,0,1,0,6
2026-09-21,https://palworld-chi.vercel.app/en/pal/eidrolon,eidrolon,0,1,0,52
2026-09-21,https://palworld-chi.vercel.app/en/pal/eidrolon,eidrolon aqua,0,1,0,11
2026-09-21,https://palworld-chi.vercel.app/en/pal/faleris,faleris,0,3,0,10
2026-09-21,https://palworld-chi.vercel.app/en/pal/faleris,faleris palworld,0,1,0,52
2026-09-21,https://palworld-chi.vercel.app/en/pal/faleris-aqua,faleris aqua,0,1,0,57
2026-09-21,https://palworld-chi.vercel.app/en/pal/felbat/location,palworld 1.0 where to find felbat,0,1,0,4
2026-09-21,https://palworld-chi.vercel.app/en/pal/felbat/location,where to find felbat palworld 1.0,0,1,0,9
2026-09-21,https://palworld-chi.vercel.app/en/pal/foxparks-cryst,foxparks cryst location,0,1,0,50
2026-09-21,https://palworld-chi.vercel.app/en/pal/frostallion-noct/location,palworld 1.0 frostallion noct location,0,1,0,8
2026-09-21,https://palworld-chi.vercel.app/en/pal/frostallion-noct/location,palworld frostallion noct boss location,0,1,0,8
2026-09-21,https://palworld-chi.vercel.app/en/pal/frostallion-noct/location,where to find frostallion noct palworld,0,1,0,65
2026-09-21,https://palworld-chi.vercel.app/en/pal/galeclaw,galeclaw,0,2,0,10
2026-09-21,https://palworld-chi.vercel.app/en/pal/hartalis,no 197 palworld,0,1,0,9
2026-09-21,https://palworld-chi.vercel.app/en/pal/hartalis,palworld hartalis,0,1,0,30
2026-09-21,https://palworld-chi.vercel.app/en/pal/helzephyr-lux,palworld helzephyr lux,0,1,0,71
2026-09-21,https://palworld-chi.vercel.app/en/pal/helzephyr-lux/location,palworld helzephyr lux,0,1,0,58
2026-09-21,https://palworld-chi.vercel.app/en/pal/jormuntide/location,jormuntide location,0,3,0,26.3
2026-09-21,https://palworld-chi.vercel.app/en/pal/jormuntide/location,jormuntide location palworld,0,2,0,10
2026-09-21,https://palworld-chi.vercel.app/en/pal/jormuntide/location,jormuntide palworld location,0,1,0,11
2026-09-21,https://palworld-chi.vercel.app/en/pal/jormuntide/location,palworld jormuntide location,0,4,0,11
2026-09-21,https://palworld-chi.vercel.app/en/pal/katress-ignis/location,katress ignis palworld,0,1,0,59
2026-09-21,https://palworld-chi.vercel.app/en/pal/kingpaca-cryst/location,palworld kingpaca cryst location,0,1,0,10
2026-09-21,https://palworld-chi.vercel.app/en/pal/kingpaca-cryst/location,where to find kingpaca cryst palworld,0,2,0,9
2026-09-21,https://palworld-chi.vercel.app/en/pal/kitsun-noct,kitsune noct,0,1,0,55
2026-09-21,https://palworld-chi.vercel.app/en/pal/lovander,lovander palworld,0,1,0,57
2026-09-21,https://palworld-chi.vercel.app/en/pal/lunaris,lunaris palworld,0,2,0,61
2026-09-21,https://palworld-chi.vercel.app/en/pal/mycora,mycora,0,1,0,39
2026-09-21,https://palworld-chi.vercel.app/en/pal/neptilius/location,neptilius where,0,1,0,6
2026-09-21,https://palworld-chi.vercel.app/en/pal/neptilius/location,palworld neptilius finden,0,1,0,9
2026-09-21,https://palworld-chi.vercel.app/en/pal/omascul,amascul,0,1,0,9
2026-09-21,https://palworld-chi.vercel.app/en/pal/omascul,omascu,0,1,0,10
2026-09-21,https://palworld-chi.vercel.app/en/pal/penking/location,penking location palworld,0,1,0,7
2026-09-21,https://palworld-chi.vercel.app/en/pal/penking/location,where to catch penking,0,1,0,11
2026-09-21,https://palworld-chi.vercel.app/en/pal/penking/location,where to find penking,0,1,0,16
2026-09-21,https://palworld-chi.vercel.app/en/pal/penking/location,where to find penking palworld,0,1,0,9
2026-09-21,https://palworld-chi.vercel.app/en/pal/petallia/location,petallia location palworld 1.0,0,2,0,9.5
2026-09-21,https://palworld-chi.vercel.app/en/pal/petallia/location,petallia palworld 1.0 location,0,1,0,8
2026-09-21,https://palworld-chi.vercel.app/en/pal/petallia/location,petallia palworld location 1.0,0,2,0,9
2026-09-21,https://palworld-chi.vercel.app/en/pal/prixter-lux/location,prixter lux boss not spawning,0,1,0,5
2026-09-21,https://palworld-chi.vercel.app/en/pal/rayhound,rayhound palworld,0,1,0,85
2026-09-21,https://palworld-chi.vercel.app/en/pal/rayhound/location,rayhound palworld,0,2,0,70.5
2026-09-21,https://palworld-chi.vercel.app/en/pal/reptyro/location,palworld 1.0 reptyro location,0,1,0,11
2026-09-21,https://palworld-chi.vercel.app/en/pal/reptyro/location,reptyro location,0,4,0,9.8
2026-09-21,https://palworld-chi.vercel.app/en/pal/reptyro/location,reptyro location palworld,0,1,0,7
2026-09-21,https://palworld-chi.vercel.app/en/pal/reptyro/location,reptyro palworld location,0,3,0,7.7
2026-09-21,https://palworld-chi.vercel.app/en/pal/reptyro/location,where to find reptyro,0,1,0,11
2026-09-21,https://palworld-chi.vercel.app/en/pal/skutlass,palworld scutless,0,1,0,9
2026-09-21,https://palworld-chi.vercel.app/en/pal/solenne,palworld wiki solenne,0,1,0,10
2026-09-21,https://palworld-chi.vercel.app/en/pal/sootseer,sootseer,0,1,0,60
2026-09-22,https://palworld-chi.vercel.app/en/breeding-calculator,palworld breeding calculator 1.0 update,0,1,0,59
2026-09-22,https://palworld-chi.vercel.app/en/guide/endgame,palworld endgame,0,3,0,10.3
2026-09-22,https://palworld-chi.vercel.app/en/guide/endgame,palworld endgame guide,0,2,0,12
2026-09-22,https://palworld-chi.vercel.app/en/guide/materials,pal codex,0,1,0,2
2026-09-22,https://palworld-chi.vercel.app/en/guide/materials,palworld other materials,0,2,0,10.5
2026-09-22,https://palworld-chi.vercel.app/en/guide/world-tree,palworld world tree boss drops,0,1,0,6
2026-09-22,https://palworld-chi.vercel.app/en/guide/world-tree,palworld world tree bosses,0,3,0,6.7
2026-09-22,https://palworld-chi.vercel.app/en/guide/world-tree,world tree palworld level,0,1,0,9
2026-09-22,https://palworld-chi.vercel.app/en/pal/astegon/location,astegon location,0,5,0,9.2
2026-09-22,https://palworld-chi.vercel.app/en/pal/astegon/location,astegon palworld,0,1,0,67
2026-09-22,https://palworld-chi.vercel.app/en/pal/astegon/location,astegon palworld location,0,1,0,11
2026-09-22,https://palworld-chi.vercel.app/en/pal/astegon/location,astegon spawn,0,1,0,8
2026-09-22,https://palworld-chi.vercel.app/en/pal/astegon/location,palworld astegon location,0,4,0,8.8
2026-09-22,https://palworld-chi.vercel.app/en/pal/astegon/location,where is astegon,0,1,0,10
2026-09-22,https://palworld-chi.vercel.app/en/pal/blazamut/location,blazamut spawn location,0,1,0,9
2026-09-22,https://palworld-chi.vercel.app/en/pal/broncherry/location,broncherry location,0,3,0,8.7
2026-09-22,https://palworld-chi.vercel.app/en/pal/broncherry/location,broncherry location palworld,0,1,0,7
2026-09-22,https://palworld-chi.vercel.app/en/pal/broncherry/location,broncherry locations,0,1,0,11
2026-09-22,https://palworld-chi.vercel.app/en/pal/broncherry/location,palworld broncherry boss not spawning,0,1,0,6
2026-09-22,https://palworld-chi.vercel.app/en/pal/broncherry/location,palworld broncherry location,0,1,0,8
2026-09-22,https://palworld-chi.vercel.app/en/pal/broncherry/location,where to find broncherry,0,3,0,8.3
2026-09-22,https://palworld-chi.vercel.app/en/pal/bushi,bushi palworld,0,1,0,10
2026-09-22,https://palworld-chi.vercel.app/en/pal/chikipi/location,chikipi location,0,1,0,11
2026-09-22,https://palworld-chi.vercel.app/en/pal/chikipi/location,chikipi location palworld,0,1,0,10
2026-09-22,https://palworld-chi.vercel.app/en/pal/chikipi/location,chikipi palworld location,0,2,0,10.5
2026-09-22,https://palworld-chi.vercel.app/en/pal/chikipi/location,where to find chikipi palworld,0,1,0,11
2026-09-22,https://palworld-chi.vercel.app/en/pal/cinnamoth,cinamoth,0,1,0,9
2026-09-22,https://palworld-chi.vercel.app/en/pal/cinnamoth,palworld moth,0,1,0,8
2026-09-22,https://palworld-chi.vercel.app/en/pal/direhowl/location,where to find direhowl palworld 1.0,0,1,0,8
2026-09-22,https://palworld-chi.vercel.app/en/pal/faleris,faleis,0,1,0,71
2026-09-22,https://palworld-chi.vercel.app/en/pal/faleris,faleris,0,5,0,9.4
2026-09-22,https://palworld-chi.vercel.app/en/pal/felbat/location,where to find felbat palworld 1.0,0,1,0,9
2026-09-22,https://palworld-chi.vercel.app/en/pal/flaracle,flarecle,0,2,0,6
2026-09-22,https://palworld-chi.vercel.app/en/pal/frostallion-noct/location,frostallion noct,0,1,0,62
2026-09-22,https://palworld-chi.vercel.app/en/pal/frostallion-noct/location,palworld frostallion noct breeding,0,1,0,49
2026-09-22,https://palworld-chi.vercel.app/en/pal/galeclaw,galeclaw,0,1,0,8
2026-09-22,https://palworld-chi.vercel.app/en/pal/gobfin,gobfin,0,1,0,9
2026-09-22,https://palworld-chi.vercel.app/en/pal/hartalis,hartalis,0,1,0,8
2026-09-22,https://palworld-chi.vercel.app/en/pal/jormuntide/location,jormuntide location,0,3,0,9.3
2026-09-22,https://palworld-chi.vercel.app/en/pal/jormuntide/location,jormuntide palworld location,0,2,0,9
2026-09-22,https://palworld-chi.vercel.app/en/pal/jormuntide/location,palworld jormuntide location,0,1,0,11
2026-09-22,https://palworld-chi.vercel.app/en/pal/kingpaca-cryst/location,palworld kingpaca cryst location,0,1,0,9
2026-09-22,https://palworld-chi.vercel.app/en/pal/kitsun/location,kitsun,0,1,0,65
2026-09-22,https://palworld-chi.vercel.app/en/pal/lovander,lovander palworld location,0,1,0,66
2026-09-22,https://palworld-chi.vercel.app/en/pal/lunaris,palworld lunaris,0,1,0,10
2026-09-22,https://palworld-chi.vercel.app/en/pal/neptilius/location,neptilius where to find,0,1,0,8
2026-09-22,https://palworld-chi.vercel.app/en/pal/neptilius/location,where to catch neptilius palworld,0,1,0,7
2026-09-22,https://palworld-chi.vercel.app/en/pal/neptilius/location,where to find neptilius palworld,0,1,0,9
2026-09-22,https://palworld-chi.vercel.app/en/pal/omascul,omnis skull palworld,0,1,0,9
2026-09-22,https://palworld-chi.vercel.app/en/pal/penking/location,penking location palworld,0,2,0,8.5
2026-09-22,https://palworld-chi.vercel.app/en/pal/penking/location,where to catch penking,0,1,0,9
2026-09-22,https://palworld-chi.vercel.app/en/pal/penking/location,where to find penking,0,1,0,9
2026-09-22,https://palworld-chi.vercel.app/en/pal/penking/location,where to get penking,0,1,0,9
2026-09-22,https://palworld-chi.vercel.app/en/pal/petallia/location,petallia palworld 1.0 location,0,5,0,6.2
2026-09-22,https://palworld-chi.vercel.app/en/pal/prixter-lux/location,prixter lux boss not spawning,0,1,0,4
2026-09-22,https://palworld-chi.vercel.app/en/pal/reptyro/location,palworld reptyro location,0,1,0,7
2026-09-22,https://palworld-chi.vercel.app/en/pal/reptyro/location,reptyro location,0,2,0,9.5
2026-09-22,https://palworld-chi.vercel.app/en/pal/shadowbeak,palworld shadowbeak,0,1,0,61
2026-09-22,https://palworld-chi.vercel.app/en/pal/xenogard/location,palworld how to get xenogard,0,1,0,47
2026-09-23,https://palworld-chi.vercel.app/en/guide/beginner,palworld 攻略,0,1,0,9
2026-09-23,https://palworld-chi.vercel.app/en/guide/endgame,palworld endgame,0,2,0,8
2026-09-23,https://palworld-chi.vercel.app/en/guide/endgame,palworld endgame guide,0,1,0,1
2026-09-23,https://palworld-chi.vercel.app/en/guide/endgame,palworld world tree endgame,0,1,0,8
2026-09-23,https://palworld-chi.vercel.app/en/guide/materials,material palworld,0,1,0,11
2026-09-23,https://palworld-chi.vercel.app/en/guide/world-tree,all bosses world tree,0,1,0,6
2026-09-23,https://palworld-chi.vercel.app/en/guide/world-tree,palworld world tree bosses,0,1,0,9
2026-09-23,https://palworld-chi.vercel.app/en/guide/world-tree,palworld world tree level,0,3,0,7.3
2026-09-23,https://palworld-chi.vercel.app/en/guide/world-tree,palworld world tree mini bosses,0,1,0,6
2026-09-23,https://palworld-chi.vercel.app/en/guide/world-tree,palworld world tree requirements,0,1,0,10
2026-09-23,https://palworld-chi.vercel.app/en/pal/astegon/location,astegon location,0,1,0,10
2026-09-23,https://palworld-chi.vercel.app/en/pal/astegon/location,astegon location palworld,0,2,0,7.5
2026-09-23,https://palworld-chi.vercel.app/en/pal/astegon/location,astegon palworld,0,1,0,70
2026-09-23,https://palworld-chi.vercel.app/en/pal/astegon/location,astegon palworld location,0,1,0,7
2026-09-23,https://palworld-chi.vercel.app/en/pal/astegon/location,palworld astegon location,0,3,0,7.7
2026-09-23,https://palworld-chi.vercel.app/en/pal/beegarde,beegarde type,0,1,0,7
2026-09-23,https://palworld-chi.vercel.app/en/pal/beegarde,palworld beegarde,0,1,0,63
2026-09-23,https://palworld-chi.vercel.app/en/pal/blazamut/location,blazamut location,0,1,0,48
2026-09-23,https://palworld-chi.vercel.app/en/pal/blazamut/location,blazamut palworld location,0,1,0,10
2026-09-23,https://palworld-chi.vercel.app/en/pal/broncherry/location,broncherry location,0,9,0,7.7
2026-09-23,https://palworld-chi.vercel.app/en/pal/broncherry/location,broncherry location palworld,0,7,0,7.9
2026-09-23,https://palworld-chi.vercel.app/en/pal/broncherry/location,palworld 1.0 broncherry location,0,1,0,8
2026-09-23,https://palworld-chi.vercel.app/en/pal/broncherry/location,palworld broncherry location,0,5,0,9.2
2026-09-23,https://palworld-chi.vercel.app/en/pal/broncherry/location,where to find broncherry,0,1,0,6
2026-09-23,https://palworld-chi.vercel.app/en/pal/caprity,caprity,0,1,0,5
2026-09-23,https://palworld-chi.vercel.app/en/pal/chikipi/location,best place to catch chikipi,0,1,0,8
2026-09-23,https://palworld-chi.vercel.app/en/pal/chikipi/location,chikipi location,0,1,0,9
2026-09-23,https://palworld-chi.vercel.app/en/pal/cinnamoth,cinamoth,0,1,0,10
2026-09-23,https://palworld-chi.vercel.app/en/pal/cinnamoth,palworld cinnamon,0,1,0,10
2026-09-23,https://palworld-chi.vercel.app/en/pal/dinossom-lux,palworld dinossom lux,0,1,0,37
2026-09-23,https://palworld-chi.vercel.app/en/pal/direhowl/location,direhowl location palworld 1.0,0,1,0,1
2026-09-23,https://palworld-chi.vercel.app/en/pal/dumud/location,best place to find dumud palworld,0,1,0,9
2026-09-23,https://palworld-chi.vercel.app/en/pal/dumud/location,dumud spawn palworld,0,1,0,47
2026-09-23,https://palworld-chi.vercel.app/en/pal/dumud/location,where to find dumud palworld 1.0,0,1,0,8
2026-09-23,https://palworld-chi.vercel.app/en/pal/eikthyrdeer/location,eikthyrdeer palworld location,0,1,0,56
2026-09-23,https://palworld-chi.vercel.app/en/pal/faleris,faleris,0,4,0,10
2026-09-23,https://palworld-chi.vercel.app/en/pal/felbat/location,felbat location,0,1,0,10
2026-09-23,https://palworld-chi.vercel.app/en/pal/felbat/location,felbat location palworld 1.0,0,1,0,8
2026-09-23,https://palworld-chi.vercel.app/en/pal/felbat/location,palworld felbat location 1.0,0,1,0,9
2026-09-23,https://palworld-chi.vercel.app/en/pal/foxcicle/location,foxicle spawn,0,1,0,9
2026-09-23,https://palworld-chi.vercel.app/en/pal/frostallion-noct/location,frostallion noct alpha location,0,1,0,10
2026-09-23,https://palworld-chi.vercel.app/en/pal/frostallion-noct/location,frostallion noct location,0,1,0,9
2026-09-23,https://palworld-chi.vercel.app/en/pal/frostallion-noct/location,frostallion noct where,0,1,0,10
2026-09-23,https://palworld-chi.vercel.app/en/pal/frostallion-noct/location,where to find frostallion noct,0,1,0,6
2026-09-23,https://palworld-chi.vercel.app/en/pal/galeclaw,galeclaw,0,1,0,10
2026-09-23,https://palworld-chi.vercel.app/en/pal/galeclaw,palworld galeclaw,0,1,0,45
2026-09-23,https://palworld-chi.vercel.app/en/pal/gobfin,gobfin,0,1,0,9
2026-09-23,https://palworld-chi.vercel.app/en/pal/gorirat,gorirat palworld location,0,1,0,67
2026-09-23,https://palworld-chi.vercel.app/en/pal/grizzbolt/breeding,grizzbolt breeding chart,0,1,0,60
2026-09-23,https://palworld-chi.vercel.app/en/pal/hartalis,hartalis,0,4,0,14
2026-09-23,https://palworld-chi.vercel.app/en/pal/helzephyr,helzephyr palworld,0,1,0,66
2026-09-23,https://palworld-chi.vercel.app/en/pal/helzephyr,helzephyr palworld location,0,1,0,76
2026-09-23,https://palworld-chi.vercel.app/en/pal/helzephyr-lux/location,helzephyr palworld location,0,1,0,50
2026-09-23,https://palworld-chi.vercel.app/en/pal/jetragon/breeding,jetragon breeding palworld,0,1,0,10
2026-09-23,https://palworld-chi.vercel.app/en/pal/jolthog-cryst,palworld jolthog cryst,0,1,0,49
2026-09-23,https://palworld-chi.vercel.app/en/pal/jormuntide/location,jormantide location,0,1,0,10
2026-09-23,https://palworld-chi.vercel.app/en/pal/jormuntide/location,jormuntide location,0,3,0,9.3
2026-09-23,https://palworld-chi.vercel.app/en/pal/jormuntide/location,jormuntide location palworld,0,1,0,9
2026-09-23,https://palworld-chi.vercel.app/en/pal/jormuntide/location,jormuntide palworld location,0,1,0,16
2026-09-23,https://palworld-chi.vercel.app/en/pal/jormuntide/location,jormuntide spawn,0,1,0,10
2026-09-23,https://palworld-chi.vercel.app/en/pal/jormuntide/location,palworld jormuntide location,0,3,0,9.3
2026-09-23,https://palworld-chi.vercel.app/en/pal/kingpaca-cryst/location,kingpaca cryst location,0,1,0,11
2026-09-23,https://palworld-chi.vercel.app/en/pal/kingpaca-cryst/location,palworld kingpaca cryst location,0,2,0,9.5
2026-09-23,https://palworld-chi.vercel.app/en/pal/kitsun-noct,how to get to kitsun noct,0,1,0,52
2026-09-23,https://palworld-chi.vercel.app/en/pal/kitsun/location,how to get kitsun palworld,0,1,0,60
2026-09-23,https://palworld-chi.vercel.app/en/pal/knocklem,knocklem,0,1,0,10
2026-09-23,https://palworld-chi.vercel.app/en/pal/lapure,palworld lapurr,0,1,0,10
2026-09-23,https://palworld-chi.vercel.app/en/pal/lovander,lovander palworld,0,1,0,57
2026-09-23,https://palworld-chi.vercel.app/en/pal/lovander,palworld lovander,0,1,0,58
2026-09-23,https://palworld-chi.vercel.app/en/pal/necromus/breeding,necromos,0,1,0,49
2026-09-23,https://palworld-chi.vercel.app/en/pal/neptilius/location,neptilius location palworld,0,1,0,11
2026-09-23,https://palworld-chi.vercel.app/en/pal/neptilius/location,neptilius palworld location,0,3,0,8
2026-09-23,https://palworld-chi.vercel.app/en/pal/neptilius/location,palworld neptilius location,0,1,0,9
2026-09-23,https://palworld-chi.vercel.app/en/pal/neptilius/location,where is neptilius,0,1,0,9
2026-09-23,https://palworld-chi.vercel.app/en/pal/neptilius/location,where is neptilius palworld,0,1,0,7
2026-09-23,https://palworld-chi.vercel.app/en/pal/neptilius/location,where to find neptilius,0,1,0,7
2026-09-23,https://palworld-chi.vercel.app/en/pal/neptilius/location,where to get neptilius,0,3,0,7.7
2026-09-23,https://palworld-chi.vercel.app/en/pal/omascul,omascal,0,1,0,10
2026-09-23,https://palworld-chi.vercel.app/en/pal/paladius/location,where to find paladius,0,4,0,9.8
2026-09-23,https://palworld-chi.vercel.app/en/pal/penking/location,palworld penking location,0,1,0,54
2026-09-23,https://palworld-chi.vercel.app/en/pal/penking/location,penking palworld location,0,1,0,8
2026-09-23,https://palworld-chi.vercel.app/en/pal/penking/location,where is penking palworld,0,1,0,9
2026-09-23,https://palworld-chi.vercel.app/en/pal/penking/location,where to find penking,0,1,0,7
2026-09-23,https://palworld-chi.vercel.app/en/pal/penking/location,where to find penkings,0,1,0,10
2026-09-23,https://palworld-chi.vercel.app/en/pal/petallia/location,petalia spawn location,0,1,0,9
2026-09-23,https://palworld-chi.vercel.app/en/pal/petallia/location,petallia location palworld 1.0,0,1,0,10
2026-09-23,https://palworld-chi.vercel.app/en/pal/petallia/location,petallia palworld 1.0 location,0,1,0,10
2026-09-23,https://palworld-chi.vercel.app/en/pal/petallia/location,petallia spawn location palworld,0,1,0,11
2026-09-23,https://palworld-chi.vercel.app/en/pal/prixter-lux/location,prixter lux boss not spawning,0,1,0,5
2026-09-23,https://palworld-chi.vercel.app/en/pal/prunelia,prunelia,0,1,0,7
2026-09-23,https://palworld-chi.vercel.app/en/pal/rayhound-cryst,rayhound,0,1,0,63
2026-09-23,https://palworld-chi.vercel.app/en/pal/rayhound/location,rayhound,0,2,0,82.5
2026-09-23,https://palworld-chi.vercel.app/en/pal/reptyro/location,palworld reptyro location,0,1,0,11
2026-09-23,https://palworld-chi.vercel.app/en/pal/reptyro/location,reptyro location,0,1,0,10
2026-09-23,https://palworld-chi.vercel.app/en/pal/reptyro/location,yes,0,1,0,3
2026-09-23,https://palworld-chi.vercel.app/en/pal/shadowbeak,shadowbeak palworld,0,2,0,62.5
2026-09-23,https://palworld-chi.vercel.app/en/pal/sootseer,sootseer palworld,0,1,0,62
2026-09-23,https://palworld-chi.vercel.app/en/pal/yakumo,yakumo,0,1,0,11
2026-09-24,https://palworld-chi.vercel.app/en/guide/base,palworld 基地,0,1,0,5
2026-09-24,https://palworld-chi.vercel.app/en/guide/endgame,palworld 1.0 endgame guide,0,1,0,6
2026-09-24,https://palworld-chi.vercel.app/en/guide/endgame,palworld endgame accessories,0,1,0,8
2026-09-24,https://palworld-chi.vercel.app/en/guide/endgame,palworld endgame checklist,0,1,0,5
2026-09-24,https://palworld-chi.vercel.app/en/guide/materials,palworld crafting recipes,0,1,0,60
2026-09-24,https://palworld-chi.vercel.app/en/guide/materials,palworld other materials,0,1,0,9
2026-09-24,https://palworld-chi.vercel.app/en/guide/world-tree,bosses world tree,0,1,0,7
2026-09-24,https://palworld-chi.vercel.app/en/guide/world-tree,exact locations,0,1,0,4
2026-09-24,https://palworld-chi.vercel.app/en/guide/world-tree,how many bosses are in the world tree palworld,0,1,0,7
2026-09-24,https://palworld-chi.vercel.app/en/guide/world-tree,how to unlock the world tree in palworld,0,2,0,18.5
2026-09-24,https://palworld-chi.vercel.app/en/guide/world-tree,lily and lyleen weakness,0,1,0,19
2026-09-24,https://palworld-chi.vercel.app/en/guide/world-tree,palworld rotmist root,0,1,0,7
2026-09-24,https://palworld-chi.vercel.app/en/guide/world-tree,palworld world tree bosses,0,1,0,5
2026-09-24,https://palworld-chi.vercel.app/en/guide/world-tree,palworld world tree chests,0,1,0,8
2026-09-24,https://palworld-chi.vercel.app/en/guide/world-tree,palworld world tree guardian,0,3,0,9
2026-09-24,https://palworld-chi.vercel.app/en/guide/world-tree,palworld world tree level,0,2,0,6
2026-09-24,https://palworld-chi.vercel.app/en/guide/world-tree,palworld world tree wiki,0,1,0,10
2026-09-24,https://palworld-chi.vercel.app/en/guide/world-tree,world tree bosses,0,1,0,11
2026-09-24,https://palworld-chi.vercel.app/en/guide/world-tree,world tree bosses palworld,0,2,0,2
2026-09-24,https://palworld-chi.vercel.app/en/guide/world-tree,world tree level palworld,0,1,0,5
2026-09-24,https://palworld-chi.vercel.app/en/map,pal map,0,1,0,62
2026-09-24,https://palworld-chi.vercel.app/en/map,palworld interactive map,0,2,0,61.5
2026-09-24,https://palworld-chi.vercel.app/en/map,palworld level map,0,1,0,74
2026-09-24,https://palworld-chi.vercel.app/en/map,帕魯全地圖,0,1,0,81
2026-09-24,https://palworld-chi.vercel.app/en/pal/aegidron,aegidron palworld,0,1,0,17
2026-09-24,https://palworld-chi.vercel.app/en/pal/astegon/location,astegon location,0,3,0,9.3
2026-09-24,https://palworld-chi.vercel.app/en/pal/astegon/location,astegon location palworld,0,2,0,9
2026-09-24,https://palworld-chi.vercel.app/en/pal/astegon/location,astegon palworld location,0,7,0,9.9
2026-09-24,https://palworld-chi.vercel.app/en/pal/astegon/location,astegon spawn,0,2,0,8.5
2026-09-24,https://palworld-chi.vercel.app/en/pal/astegon/location,palworld astegon location,0,8,0,8.5
2026-09-24,https://palworld-chi.vercel.app/en/pal/astegon/location,palworld astegon spawn,0,1,0,9
2026-09-24,https://palworld-chi.vercel.app/en/pal/astegon/location,where does astegon spawn,0,1,0,11
2026-09-24,https://palworld-chi.vercel.app/en/pal/astralym/breeding,astralym,0,1,0,25
2026-09-24,https://palworld-chi.vercel.app/en/pal/azurobe-cryst,azure palworld,0,1,0,41
2026-09-24,https://palworld-chi.vercel.app/en/pal/azurobe-cryst,azurobe cryst,0,1,0,43
2026-09-24,https://palworld-chi.vercel.app/en/pal/azurobe-cryst,palworld azurobe,0,1,0,3
2026-09-24,https://palworld-chi.vercel.app/en/pal/beegarde,beegarde pal world,0,1,0,16
2026-09-24,https://palworld-chi.vercel.app/en/pal/beegarde,palworld beegarde,0,1,0,63
2026-09-24,https://palworld-chi.vercel.app/en/pal/blazamut/location,blazamut spawn location,0,2,0,14.5
2026-09-24,https://palworld-chi.vercel.app/en/pal/blazamut/location,palworld blazamut location,0,1,0,9
2026-09-24,https://palworld-chi.vercel.app/en/pal/blazamut/location,palworld blazamut spawn,0,1,0,10
2026-09-24,https://palworld-chi.vercel.app/en/pal/broncherry/location,boncherry location,0,1,0,9
2026-09-24,https://palworld-chi.vercel.app/en/pal/broncherry/location,broncherry cryst location,0,1,0,8
2026-09-24,https://palworld-chi.vercel.app/en/pal/broncherry/location,broncherry location,0,12,0,8.5
2026-09-24,https://palworld-chi.vercel.app/en/pal/broncherry/location,broncherry location palworld,0,2,0,9
2026-09-24,https://palworld-chi.vercel.app/en/pal/broncherry/location,broncherry palworld location,0,3,0,8.3
2026-09-24,https://palworld-chi.vercel.app/en/pal/broncherry/location,broncherry spawn location,0,1,0,47
2026-09-24,https://palworld-chi.vercel.app/en/pal/broncherry/location,palworld 1.0 broncherry location,0,3,0,8.3
2026-09-24,https://palworld-chi.vercel.app/en/pal/broncherry/location,palworld broncherry location,0,3,0,8.7
2026-09-24,https://palworld-chi.vercel.app/en/pal/celesdir,celesdir,0,2,0,18.5
2026-09-24,https://palworld-chi.vercel.app/en/pal/celesdir,celesdir palworld,0,1,0,28
2026-09-24,https://palworld-chi.vercel.app/en/pal/celesdir-noct,palworld celesdir location,0,1,0,17
2026-09-24,https://palworld-chi.vercel.app/en/pal/cinnamoth,cinnamoth forest palworld,0,1,0,57
2026-09-24,https://palworld-chi.vercel.app/en/pal/cinnamoth,palworld cineoth,0,1,0,11
2026-09-24,https://palworld-chi.vercel.app/en/pal/cryolinx-terra,cryolinx,0,1,0,29
2026-09-24,https://palworld-chi.vercel.app/en/pal/dandilord,dandelord,0,1,0,55
2026-09-24,https://palworld-chi.vercel.app/en/pal/dandilord,dandilord,0,1,0,10
2026-09-24,https://palworld-chi.vercel.app/en/pal/dazzi-noct,dazzi palworld,0,1,0,18
2026-09-24,https://palworld-chi.vercel.app/en/pal/direhowl/location,coordinates,0,1,0,2
2026-09-24,https://palworld-chi.vercel.app/en/pal/dualith,dualith,0,1,0,5
2026-09-24,https://palworld-chi.vercel.app/en/pal/dumud/location,dumuds palworld location,0,1,0,11
2026-09-24,https://palworld-chi.vercel.app/en/pal/eidrolon,eidolon palworld,0,1,0,52
2026-09-24,https://palworld-chi.vercel.app/en/pal/eidrolon,eidrolon palworld,0,1,0,55
2026-09-24,https://palworld-chi.vercel.app/en/pal/eikthyrdeer-terra,capture eikthyrdeer terra,0,1,0,34
2026-09-24,https://palworld-chi.vercel.app/en/pal/elphidran-aqua,palworld elphidran,0,2,0,3
2026-09-24,https://palworld-chi.vercel.app/en/pal/faleris,faleris,0,1,0,10
2026-09-24,https://palworld-chi.vercel.app/en/pal/foxcicle/location,foxcicle,0,3,0,20.7
2026-09-24,https://palworld-chi.vercel.app/en/pal/foxparks-cryst,foxparks cryst palworld,0,1,0,49
2026-09-24,https://palworld-chi.vercel.app/en/pal/frostallion-noct,frostallion nocty,0,2,0,52.5
2026-09-24,https://palworld-chi.vercel.app/en/pal/frostallion-noct/location,frostallion noct spawn,0,1,0,9
2026-09-24,https://palworld-chi.vercel.app/en/pal/frostallion-noct/location,where to find frostallion noct,0,1,0,6
2026-09-24,https://palworld-chi.vercel.app/en/pal/frostplume,frostplume,0,1,0,46
2026-09-24,https://palworld-chi.vercel.app/en/pal/galeclaw,galeclaw type,0,1,0,9
2026-09-24,https://palworld-chi.vercel.app/en/pal/gobfin,palworld gobfin,0,1,0,6
2026-09-24,https://palworld-chi.vercel.app/en/pal/hartalis,hartalis,0,4,0,8.5
2026-09-24,https://palworld-chi.vercel.app/en/pal/incineram-noct/location,palworld incineram noct,0,1,0,4
2026-09-24,https://palworld-chi.vercel.app/en/pal/jolthog-cryst,palworld jolthog,0,2,0,6
2026-09-24,https://palworld-chi.vercel.app/en/pal/jormuntide/location,jormuntide location,0,2,0,9
2026-09-24,https://palworld-chi.vercel.app/en/pal/jormuntide/location,palworld jormuntide location,0,1,0,11
2026-09-24,https://palworld-chi.vercel.app/en/pal/kitsun-noct,kitsun noct,0,1,0,61
2026-09-24,https://palworld-chi.vercel.app/en/pal/knocklem-ignis,knocklem ignis,0,1,0,51
2026-09-24,https://palworld-chi.vercel.app/en/pal/lovander,palworld lovander,0,1,0,65
2026-09-24,https://palworld-chi.vercel.app/en/pal/lullu/location,lullu palworld,0,3,0,10
2026-09-24,https://palworld-chi.vercel.app/en/pal/melpaca,palworld melpaca,0,1,0,62
2026-09-24,https://palworld-chi.vercel.app/en/pal/munchill,munchill palworld,0,1,0,2
2026-09-24,https://palworld-chi.vercel.app/en/pal/mycora,mycora,0,2,0,3.5
2026-09-24,https://palworld-chi.vercel.app/en/pal/neptilius/location,neptilius palworld location,0,2,0,8.5
2026-09-24,https://palworld-chi.vercel.app/en/pal/neptilius/location,neptilius palworld spawn,0,1,0,5
2026-09-24,https://palworld-chi.vercel.app/en/pal/neptilius/location,palworld neptilius location,0,1,0,7
2026-09-24,https://palworld-chi.vercel.app/en/pal/neptilius/location,where to find neptilius,0,1,0,5
2026-09-24,https://palworld-chi.vercel.app/en/pal/neptilius/location,where to get neptilius,0,1,0,8
2026-09-24,https://palworld-chi.vercel.app/en/pal/neptilius/location,where to get neptilius palworld,0,2,0,9
2026-09-24,https://palworld-chi.vercel.app/en/pal/neptilius/location,wo finde ich neptilius in palworld,0,1,0,7
2026-09-24,https://palworld-chi.vercel.app/en/pal/penking/location,palworld penking fundort,0,1,0,11
2026-09-24,https://palworld-chi.vercel.app/en/pal/penking/location,palworld where to find penking,0,1,0,8
2026-09-24,https://palworld-chi.vercel.app/en/pal/penking/location,penking location palworld,0,1,0,9
2026-09-24,https://palworld-chi.vercel.app/en/pal/petallia/location,petallia palworld 1.0 location,0,1,0,7
2026-09-24,https://palworld-chi.vercel.app/en/pal/prunelia,palworld prunelia,0,1,0,13
2026-09-24,https://palworld-chi.vercel.app/en/pal/prunelia,prunelia,0,1,0,57
2026-09-24,https://palworld-chi.vercel.app/en/pal/puffolt/location,where to find puffolt palworld 1.0,0,1,0,8
2026-09-24,https://palworld-chi.vercel.app/en/pal/quivern-botan,quivern botan palworld,0,1,0,9
2026-09-24,https://palworld-chi.vercel.app/en/pal/renjishi,renjishi palworld,0,2,0,56.5
2026-09-24,https://palworld-chi.vercel.app/en/pal/reptyro,reptyro palworld,0,1,0,22
2026-09-24,https://palworld-chi.vercel.app/en/pal/reptyro/location,palworld reptyro location,0,1,0,10
2026-09-24,https://palworld-chi.vercel.app/en/pal/reptyro/location,reptyro location,0,3,0,7.7
2026-09-24,https://palworld-chi.vercel.app/en/pal/reptyro/location,reptyro noct location,0,1,0,10
2026-09-24,https://palworld-chi.vercel.app/en/pal/ribbuny,palworld ribbuny,0,1,0,7
2026-09-24,https://palworld-chi.vercel.app/en/pal/selyne,selyne palworld,0,1,0,5
2026-09-24,https://palworld-chi.vercel.app/en/pal/shadowbeak,shadowbeak,0,1,0,31
2026-09-24,https://palworld-chi.vercel.app/en/pal/shaolong,xiaolong palworld,0,1,0,9
2026-09-24,https://palworld-chi.vercel.app/en/pal/solenne,solenne palworld,0,1,0,14
2026-09-24,https://palworld-chi.vercel.app/en/pal/tropicaw,tropicaw palworld,0,1,0,1
2026-09-24,https://palworld-chi.vercel.app/en/pal/warsect-terra,warsect terra,0,1,0,10
2026-09-24,https://palworld-chi.vercel.app/en/pal/xenolord,palworld no 196,0,1,0,10
2026-09-24,https://palworld-chi.vercel.app/en/pal/yakumo,yakumo palworld,0,2,0,25
2026-09-25,https://palworld-chi.vercel.app/en/guide/endgame,palworld ancient material synthesizer paloxite,0,3,0,5.7
2026-09-25,https://palworld-chi.vercel.app/en/guide/endgame,palworld end game tips,0,1,0,8
2026-09-25,https://palworld-chi.vercel.app/en/guide/endgame,palworld endgame gear,0,1,0,4
2026-09-25,https://palworld-chi.vercel.app/en/guide/endgame,palworld endgame guide,0,1,0,7
2026-09-25,https://palworld-chi.vercel.app/en/guide/endgame,palworld endgame materials,0,1,0,1
2026-09-25,https://palworld-chi.vercel.app/en/guide/endgame,palworld endgame tips,0,1,0,7
2026-09-25,https://palworld-chi.vercel.app/en/guide/materials,palworld crafting materials,0,1,0,64
2026-09-25,https://palworld-chi.vercel.app/en/guide/money,farm money palworld,0,1,0,10
2026-09-25,https://palworld-chi.vercel.app/en/guide/money,money farm palworld,0,1,0,10
2026-09-25,https://palworld-chi.vercel.app/en/guide/money,money palworld,0,1,0,10
2026-09-25,https://palworld-chi.vercel.app/en/guide/money,palworld how to farm money,0,2,0,9.5
2026-09-25,https://palworld-chi.vercel.app/en/guide/money,palworld late game money farm,0,1,0,10
2026-09-25,https://palworld-chi.vercel.app/en/guide/money,palworld money farm,0,1,0,11
2026-09-25,https://palworld-chi.vercel.app/en/guide/money,palworld what to do with money,0,1,0,20
2026-09-25,https://palworld-chi.vercel.app/en/guide/world-tree,palworld world tree boss,0,1,0,10
2026-09-25,https://palworld-chi.vercel.app/en/guide/world-tree,palworld world tree boss locations,0,1,0,11
2026-09-25,https://palworld-chi.vercel.app/en/guide/world-tree,palworld world tree bosses,0,2,0,6
2026-09-25,https://palworld-chi.vercel.app/en/guide/world-tree,palworld world tree bosses location,0,1,0,8
2026-09-25,https://palworld-chi.vercel.app/en/guide/world-tree,palworld world tree field bosses,0,2,0,7.5
2026-09-25,https://palworld-chi.vercel.app/en/guide/world-tree,palworld world tree mini bosses,0,1,0,1
2026-09-25,https://palworld-chi.vercel.app/en/guide/world-tree,palworld world tree wiki,0,2,0,8
2026-09-25,https://palworld-chi.vercel.app/en/guide/world-tree,what level is the world tree palworld,0,2,0,3
2026-09-25,https://palworld-chi.vercel.app/en/guide/world-tree,world tree alpha bosses,0,1,0,10
2026-09-25,https://palworld-chi.vercel.app/en/guide/world-tree,world tree bosses,0,1,0,40
2026-09-25,https://palworld-chi.vercel.app/en/guide/world-tree,world tree guardian palworld,0,1,0,7
2026-09-25,https://palworld-chi.vercel.app/en/guide/world-tree,world tree level palworld,0,1,0,5
2026-09-25,https://palworld-chi.vercel.app/en/guide/world-tree,world tree palworld level,0,2,0,6.5
2026-09-25,https://palworld-chi.vercel.app/en/guide/world-tree,world tree palworld wiki,0,1,0,11
2026-09-25,https://palworld-chi.vercel.app/en/item/cloth2,primo-tcg-website.vercel.app,0,1,0,44
2026-09-25,https://palworld-chi.vercel.app/en/item/meat-grassmammoth,mammorest meat,0,2,0,5.5
2026-09-25,https://palworld-chi.vercel.app/en/map,palworld 1.0 interactive map,0,1,0,64
2026-09-25,https://palworld-chi.vercel.app/en/map,palworld interactive map,0,3,0,7.7
2026-09-25,https://palworld-chi.vercel.app/en/map,palworld resource map,0,1,0,65
2026-09-25,https://palworld-chi.vercel.app/en/map,primo-tcg-website.vercel.app,0,1,0,71
2026-09-25,https://palworld-chi.vercel.app/en/pal/aegidron,aegidron palworld,0,4,0,7
2026-09-25,https://palworld-chi.vercel.app/en/pal/astegon/location,astegon location,0,2,0,8.5
2026-09-25,https://palworld-chi.vercel.app/en/pal/astegon/location,astegon location palworld,0,1,0,10
2026-09-25,https://palworld-chi.vercel.app/en/pal/astegon/location,astegon palworld location,0,3,0,8.7
2026-09-25,https://palworld-chi.vercel.app/en/pal/astegon/location,astegon spawn location,0,1,0,9
2026-09-25,https://palworld-chi.vercel.app/en/pal/astegon/location,palworld astegon location,0,3,0,8
2026-09-25,https://palworld-chi.vercel.app/en/pal/beegarde,beegarde,0,3,0,13.7
2026-09-25,https://palworld-chi.vercel.app/en/pal/beegarde,pal world beegarde,0,1,0,11
2026-09-25,https://palworld-chi.vercel.app/en/pal/broncherry/location,broncherry location,0,9,0,8.1
2026-09-25,https://palworld-chi.vercel.app/en/pal/broncherry/location,broncherry location 1.0,0,1,0,10
2026-09-25,https://palworld-chi.vercel.app/en/pal/broncherry/location,broncherry location palworld,0,1,0,10
2026-09-25,https://palworld-chi.vercel.app/en/pal/broncherry/location,broncherry location palworld 1.0,0,2,0,9.5
2026-09-25,https://palworld-chi.vercel.app/en/pal/broncherry/location,broncherry locations,0,1,0,11
2026-09-25,https://palworld-chi.vercel.app/en/pal/broncherry/location,broncherry palworld location,0,1,0,8
2026-09-25,https://palworld-chi.vercel.app/en/pal/broncherry/location,broncherry palworld spawn,0,1,0,8
2026-09-25,https://palworld-chi.vercel.app/en/pal/broncherry/location,broncherry where,0,1,0,8
2026-09-25,https://palworld-chi.vercel.app/en/pal/broncherry/location,bronchery location,0,1,0,5
2026-09-25,https://palworld-chi.vercel.app/en/pal/broncherry/location,palworld broncherry location,0,4,0,8.8
2026-09-25,https://palworld-chi.vercel.app/en/pal/broncherry/location,palworld broncherry location 1.0,0,2,0,10
2026-09-25,https://palworld-chi.vercel.app/en/pal/broncherry/location,where to find broncherry,0,2,0,6
2026-09-25,https://palworld-chi.vercel.app/en/pal/bulldosu,bulldosu,0,1,0,1
2026-09-25,https://palworld-chi.vercel.app/en/pal/bushi-noct/location,bushi noct palworld,0,1,0,23
2026-09-25,https://palworld-chi.vercel.app/en/pal/celesdir,where to find celesdir,0,1,0,51
2026-09-25,https://palworld-chi.vercel.app/en/pal/celesdir-noct,celesdir noct,0,4,0,2
2026-09-25,https://palworld-chi.vercel.app/en/pal/celesdir-noct,celesdir noct palworld location,0,1,0,6
2026-09-25,https://palworld-chi.vercel.app/en/pal/cinnamoth,cinnamoth palworld 1.0,0,1,0,57
2026-09-25,https://palworld-chi.vercel.app/en/pal/cinnamoth,palworld moth,0,1,0,11
2026-09-25,https://palworld-chi.vercel.app/en/pal/cryolinx-terra,palworld cryolinx,0,1,0,27
2026-09-25,https://palworld-chi.vercel.app/en/pal/dandilord,dandilord,0,3,0,5.3
2026-09-25,https://palworld-chi.vercel.app/en/pal/dandilord,palworld dandilord,0,1,0,54
2026-09-25,https://palworld-chi.vercel.app/en/pal/dandilord,where to get dandilord palworld,0,1,0,15
2026-09-25,https://palworld-chi.vercel.app/en/pal/dazzi-noct,dazzi noct boss location,0,1,0,48
2026-09-25,https://palworld-chi.vercel.app/en/pal/dazzi-noct,palworld dazzi,0,1,0,5
2026-09-25,https://palworld-chi.vercel.app/en/pal/direhowl/location,palworld where to find direhowl,0,1,0,7
2026-09-25,https://palworld-chi.vercel.app/en/pal/dualith,palworld dualith,0,3,0,15
2026-09-25,https://palworld-chi.vercel.app/en/pal/dualith-noct,palworld dualith,0,3,0,20.3
2026-09-25,https://palworld-chi.vercel.app/en/pal/dumud/location,where to find dumud palworld 1.0,0,1,0,6
2026-09-25,https://palworld-chi.vercel.app/en/pal/dupin,dupin palworld,0,1,0,11
2026-09-25,https://palworld-chi.vercel.app/en/pal/dynamoff,dynamoff,0,3,0,3.7
2026-09-25,https://palworld-chi.vercel.app/en/pal/dynamoff,dynamoff breeding,0,1,0,77
2026-09-25,https://palworld-chi.vercel.app/en/pal/dynamoff,dynamoff location,0,2,0,3.5
2026-09-25,https://palworld-chi.vercel.app/en/pal/dynamoff,dynamoff palworld,0,2,0,6
2026-09-25,https://palworld-chi.vercel.app/en/pal/dynamoff,palworld dynamoff,0,2,0,9
2026-09-25,https://palworld-chi.vercel.app/en/pal/eidrolon,eidrolon,0,1,0,50
2026-09-25,https://palworld-chi.vercel.app/en/pal/eidrolon,eidrolon palworld,0,1,0,47
2026-09-25,https://palworld-chi.vercel.app/en/pal/elphidran-aqua,palworld elphidran,0,3,0,2.3
2026-09-25,https://palworld-chi.vercel.app/en/pal/elphidran-aqua,palworld elphidran aqua,0,2,0,14
2026-09-25,https://palworld-chi.vercel.app/en/pal/faleris,faleris,0,2,0,7
2026-09-25,https://palworld-chi.vercel.app/en/pal/felbat/location,felbat location 1.0,0,1,0,8
2026-09-25,https://palworld-chi.vercel.app/en/pal/felbat/location,where to catch felbat palworld 1.0,0,1,0,10
2026-09-25,https://palworld-chi.vercel.app/en/pal/felbat/location,where to find felbat palworld 1.0,0,1,0,9
2026-09-25,https://palworld-chi.vercel.app/en/pal/finsider/location,finsider,0,2,0,15
2026-09-25,https://palworld-chi.vercel.app/en/pal/flaracle,flaracle,0,1,0,1
2026-09-25,https://palworld-chi.vercel.app/en/pal/flaracle,palworld flaracle location,0,1,0,8
2026-09-25,https://palworld-chi.vercel.app/en/pal/frostallion-noct/location,frostallion noct location,0,1,0,5
2026-09-25,https://palworld-chi.vercel.app/en/pal/frostplume,frostplume,0,1,0,4
2026-09-25,https://palworld-chi.vercel.app/en/pal/galeclaw,galeclaw,0,2,0,11
2026-09-25,https://palworld-chi.vercel.app/en/pal/gildra,gildra palworld,0,1,0,49
2026-09-25,https://palworld-chi.vercel.app/en/pal/gobfin,gobfin,0,1,0,7
2026-09-25,https://palworld-chi.vercel.app/en/pal/gobfin,palworld gobfin,0,2,0,6.5
2026-09-25,https://palworld-chi.vercel.app/en/pal/grizzbolt/breeding,primo-tcg-website.vercel.app,0,1,0,33
2026-09-25,https://palworld-chi.vercel.app/en/pal/hartalis,hartalis,0,4,0,24.8
2026-09-25,https://palworld-chi.vercel.app/en/pal/hartalis,palworld hartalis,0,2,0,28
2026-09-25,https://palworld-chi.vercel.app/en/pal/helzephyr-lux/location,helzephyr lux,0,2,0,19.5
2026-09-25,https://palworld-chi.vercel.app/en/pal/helzephyr-lux/location,helzephyr lux palworld,0,1,0,55
2026-09-25,https://palworld-chi.vercel.app/en/pal/helzephyr-lux/location,helzephyr lux palworld location,0,1,0,36
2026-09-25,https://palworld-chi.vercel.app/en/pal/helzephyr-lux/location,palworld helzephyr lux,0,1,0,12
2026-09-25,https://palworld-chi.vercel.app/en/pal/helzephyr-lux/location,palworld helzephyr lux location,0,2,0,8.5
2026-09-25,https://palworld-chi.vercel.app/en/pal/incineram-noct/location,palworld incineram noct,0,1,0,6
2026-09-25,https://palworld-chi.vercel.app/en/pal/jolthog-cryst,jolthog cryst,0,1,0,6
2026-09-25,https://palworld-chi.vercel.app/en/pal/jolthog-cryst,palworld jolthog,0,1,0,7
2026-09-25,https://palworld-chi.vercel.app/en/pal/jormuntide/location,jormuntide location,0,3,0,8
2026-09-25,https://palworld-chi.vercel.app/en/pal/jormuntide/location,palworld jormuntide location,0,1,0,11
2026-09-25,https://palworld-chi.vercel.app/en/pal/jormuntide/location,palworld jormuntide location map,0,1,0,10
2026-09-25,https://palworld-chi.vercel.app/en/pal/kingpaca-cryst/location,kingpaca cryst location palworld 1.0,0,1,0,9
2026-09-25,https://palworld-chi.vercel.app/en/pal/kitsun-noct,kitsun noct,0,1,0,14
2026-09-25,https://palworld-chi.vercel.app/en/pal/kitsun/location,kitsun,0,1,0,65
2026-09-25,https://palworld-chi.vercel.app/en/pal/kitsun/location,kitsun location,0,1,0,3
2026-09-25,https://palworld-chi.vercel.app/en/pal/knocklem,knocklem,0,3,0,13.3
2026-09-25,https://palworld-chi.vercel.app/en/pal/knocklem-ignis,knocklem ignis,0,2,0,17
2026-09-25,https://palworld-chi.vercel.app/en/pal/lapure,leure palworld,0,1,0,35
2026-09-25,https://palworld-chi.vercel.app/en/pal/lapure,primo-tcg-website.vercel.app,0,1,0,37
2026-09-25,https://palworld-chi.vercel.app/en/pal/lovander,where to find lovander,0,1,0,70
2026-09-25,https://palworld-chi.vercel.app/en/pal/lyleen/breeding,primo-tcg-website.vercel.app,0,3,0,8
2026-09-25,https://palworld-chi.vercel.app/en/pal/maraith,palworld maraith,0,4,0,10.5
2026-09-25,https://palworld-chi.vercel.app/en/pal/moldron,moldron palworld,0,2,0,49
2026-09-25,https://palworld-chi.vercel.app/en/pal/moldron-cryst,moldron cryst palworld,0,1,0,44
2026-09-25,https://palworld-chi.vercel.app/en/pal/moldron-cryst,moldron palworld,0,1,0,62
2026-09-25,https://palworld-chi.vercel.app/en/pal/munchill,munchill palworld,0,5,0,3.4
2026-09-25,https://palworld-chi.vercel.app/en/pal/mycora,mycora,0,2,0,19
2026-09-25,https://palworld-chi.vercel.app/en/pal/neptilius/location,neptilius island palworld,0,1,0,8
2026-09-25,https://palworld-chi.vercel.app/en/pal/neptilius/location,neptilius palworld location,0,1,0,8
2026-09-25,https://palworld-chi.vercel.app/en/pal/neptilius/location,where can i find neptilius palworld,0,1,0,7
2026-09-25,https://palworld-chi.vercel.app/en/pal/neptilius/location,where can you find neptilius in palworld,0,1,0,8
2026-09-25,https://palworld-chi.vercel.app/en/pal/paladius/location,palworld paladius location,0,2,0,18
2026-09-25,https://palworld-chi.vercel.app/en/pal/penking/location,palworld penking location map,0,1,0,11
2026-09-25,https://palworld-chi.vercel.app/en/pal/penking/location,penking location palworld,0,1,0,8
2026-09-25,https://palworld-chi.vercel.app/en/pal/penking/location,where is penking palworld,0,1,0,11
2026-09-25,https://palworld-chi.vercel.app/en/pal/penking/location,where to find penking palworld,0,1,0,9
2026-09-25,https://palworld-chi.vercel.app/en/pal/petallia/location,petallia palworld 1.0 location,0,1,0,1
2026-09-25,https://palworld-chi.vercel.app/en/pal/pierdon,pierdon,0,1,0,2
2026-09-25,https://palworld-chi.vercel.app/en/pal/prunelia,prunelia,0,2,0,6.5
2026-09-25,https://palworld-chi.vercel.app/en/pal/quivern-botan,quivern botan,0,1,0,1
2026-09-25,https://palworld-chi.vercel.app/en/pal/rayhound,rayhound,0,1,0,10
2026-09-25,https://palworld-chi.vercel.app/en/pal/rayhound-cryst,rayhound,0,2,0,19
2026-09-25,https://palworld-chi.vercel.app/en/pal/renjishi,palworld renjishi,0,2,0,39.5
2026-09-25,https://palworld-chi.vercel.app/en/pal/renjishi,renjishi palworld,0,1,0,4
2026-09-25,https://palworld-chi.vercel.app/en/pal/renjishi,renjishi palworld location,0,3,0,61
2026-09-25,https://palworld-chi.vercel.app/en/pal/renjishi,what level is renjishi,0,1,0,16
2026-09-25,https://palworld-chi.vercel.app/en/pal/reptyro,palworld reptyro,0,1,0,17
2026-09-25,https://palworld-chi.vercel.app/en/pal/ribbuny,palworld ribbuny,0,3,0,6
2026-09-25,https://palworld-chi.vercel.app/en/pal/selyne,palworld wiki selyne,0,1,0,11
2026-09-25,https://palworld-chi.vercel.app/en/pal/selyne,selyne,0,1,0,10
2026-09-25,https://palworld-chi.vercel.app/en/pal/selyne,selyne palworld,0,1,0,22
2026-09-25,https://palworld-chi.vercel.app/en/pal/shadowbeak,shadowbeak palworld,0,1,0,66
2026-09-25,https://palworld-chi.vercel.app/en/pal/shroomer,shroomer palworld location,0,1,0,10
2026-09-25,https://palworld-chi.vercel.app/en/pal/sibelyx-primo,palworld sibelyx,0,1,0,22
2026-09-25,https://palworld-chi.vercel.app/en/pal/sibelyx-primo,primo-tcg-website.vercel.app,0,3,0,5
2026-09-25,https://palworld-chi.vercel.app/en/pal/sibelyx/location,sibelyx palworld location,0,1,0,5
2026-09-25,https://palworld-chi.vercel.app/en/pal/sibelyx/location,where to get sibelyx palworld,0,1,0,8
2026-09-25,https://palworld-chi.vercel.app/en/pal/skutlass,skutlass palworld,0,1,0,1
2026-09-25,https://palworld-chi.vercel.app/en/pal/smokie/location,palworld smokie location,0,2,0,3.5
2026-09-25,https://palworld-chi.vercel.app/en/pal/snock-lux,snock lux,0,1,0,1
2026-09-25,https://palworld-chi.vercel.app/en/pal/solenne,solenne palworld,0,3,0,8
2026-09-25,https://palworld-chi.vercel.app/en/pal/starryon,primo-tcg-website.vercel.app,0,1,0,41
2026-09-25,https://palworld-chi.vercel.app/en/pal/starryon-primo/location,primo-tcg-website.vercel.app,0,3,0,4
2026-09-25,https://palworld-chi.vercel.app/en/pal/tanzee,palworld tanzee,0,1,0,20
2026-09-25,https://palworld-chi.vercel.app/en/pal/tanzee,tanzee location palworld,0,1,0,13
2026-09-25,https://palworld-chi.vercel.app/en/pal/tropicaw,tropicaw palworld,0,3,0,6
2026-09-25,https://palworld-chi.vercel.app/en/pal/univolt-cryst,univolt cryst,0,1,0,1
2026-09-25,https://palworld-chi.vercel.app/en/pal/univolt-cryst,univolt cryst breeding,0,1,0,56
2026-09-25,https://palworld-chi.vercel.app/en/pal/vanwyrm,vanwyrm,0,1,0,14
2026-09-25,https://palworld-chi.vercel.app/en/pal/venusa,palworld venusa,0,1,0,13
2026-09-25,https://palworld-chi.vercel.app/en/pal/warsect-terra,palworld warsect,0,1,0,14
2026-09-25,https://palworld-chi.vercel.app/en/pal/warsect-terra,warsect pal,0,1,0,26
2026-09-25,https://palworld-chi.vercel.app/en/pal/xenolord,palworld no 196,0,1,0,7
2026-09-26,https://palworld-chi.vercel.app/en/guide/endgame,paloxite ingot,0,1,0,9
2026-09-26,https://palworld-chi.vercel.app/en/guide/endgame,palworld ancient material synthesizer paloxite,0,2,0,6
2026-09-26,https://palworld-chi.vercel.app/en/guide/endgame,palworld end game guide,0,1,0,8
2026-09-26,https://palworld-chi.vercel.app/en/guide/endgame,palworld endgame,0,1,0,3
2026-09-26,https://palworld-chi.vercel.app/en/guide/endgame,palworld endgame checklist,0,1,0,8
2026-09-26,https://palworld-chi.vercel.app/en/guide/endgame,palworld endgame gear,0,1,0,4
2026-09-26,https://palworld-chi.vercel.app/en/guide/endgame,palworld endgame guide,0,1,0,4
2026-09-26,https://palworld-chi.vercel.app/en/guide/endgame,palworld post game,0,1,0,22
2026-09-26,https://palworld-chi.vercel.app/en/guide/endgame,palworld world tree endgame,0,1,0,1
2026-09-26,https://palworld-chi.vercel.app/en/guide/money,money farming palworld,0,1,0,8
2026-09-26,https://palworld-chi.vercel.app/en/guide/money,palworld money farm,0,2,0,11
2026-09-26,https://palworld-chi.vercel.app/en/guide/world-tree,all bosses in world tree,0,1,0,5
2026-09-26,https://palworld-chi.vercel.app/en/guide/world-tree,bosses in world tree,0,1,0,7
2026-09-26,https://palworld-chi.vercel.app/en/guide/world-tree,bosses world tree palworld,0,1,0,8
2026-09-26,https://palworld-chi.vercel.app/en/guide/world-tree,dragon pals world tree palworld,0,1,0,1
2026-09-26,https://palworld-chi.vercel.app/en/guide/world-tree,palworld tree of life,0,1,0,30
2026-09-26,https://palworld-chi.vercel.app/en/guide/world-tree,palworld world tree bosses,0,6,0,5
2026-09-26,https://palworld-chi.vercel.app/en/guide/world-tree,palworld world tree level,0,1,0,5
2026-09-26,https://palworld-chi.vercel.app/en/guide/world-tree,palworld world tree mini bosses,0,1,0,4
2026-09-26,https://palworld-chi.vercel.app/en/guide/world-tree,palworld world tree towers,0,1,0,10
2026-09-26,https://palworld-chi.vercel.app/en/guide/world-tree,the world tree is completely shrouded in a mysterious energy,0,1,0,9
2026-09-26,https://palworld-chi.vercel.app/en/guide/world-tree,world tree boss drops,0,1,0,10
2026-09-26,https://palworld-chi.vercel.app/en/guide/world-tree,world tree bosses,0,2,0,7.5
2026-09-26,https://palworld-chi.vercel.app/en/guide/world-tree,world tree bosses palworld,0,1,0,21
2026-09-26,https://palworld-chi.vercel.app/en/guide/world-tree,world tree guardian,0,2,0,6.5
2026-09-26,https://palworld-chi.vercel.app/en/guide/world-tree,world tree guardian palworld,0,1,0,9
2026-09-26,https://palworld-chi.vercel.app/en/guide/world-tree,world tree palworld level,0,1,0,5
2026-09-26,https://palworld-chi.vercel.app/en/item/elixir-stamina-02,stamina remedy palworld,0,2,0,65
2026-09-26,https://palworld-chi.vercel.app/en/item/meat-grassmammoth,mammorest meat farm,0,1,0,38
2026-09-26,https://palworld-chi.vercel.app/en/item/shield-01,palworld best shield,0,1,0,49
2026-09-26,https://palworld-chi.vercel.app/en/map,mapa interativo palworld,0,1,0,77
2026-09-26,https://palworld-chi.vercel.app/en/map,mapa palworld 1.0,0,2,0,70
2026-09-26,https://palworld-chi.vercel.app/en/map,palworld interactive map,0,5,0,9
2026-09-26,https://palworld-chi.vercel.app/en/map,palworld levels map,0,1,0,69
2026-09-26,https://palworld-chi.vercel.app/en/map,plaword,0,1,0,30
2026-09-26,https://palworld-chi.vercel.app/en/pal/aegidron,aegidron palworld,0,8,0,6.2
2026-09-26,https://palworld-chi.vercel.app/en/pal/aegidron,aegidron palworld location,0,1,0,55
2026-09-26,https://palworld-chi.vercel.app/en/pal/aegidron,aegidrons,0,1,0,10
2026-09-26,https://palworld-chi.vercel.app/en/pal/astegon/location,astegon location,0,3,0,10
2026-09-26,https://palworld-chi.vercel.app/en/pal/astegon/location,astegon location palworld,0,3,0,9
2026-09-26,https://palworld-chi.vercel.app/en/pal/astegon/location,astegon palworld spawn,0,1,0,10
2026-09-26,https://palworld-chi.vercel.app/en/pal/astegon/location,astegon spawn location,0,1,0,10
2026-09-26,https://palworld-chi.vercel.app/en/pal/astegon/location,palworld astegon spawn,0,1,0,8
2026-09-26,https://palworld-chi.vercel.app/en/pal/astralym/breeding,palworld astralym züchten,0,1,0,11
2026-09-26,https://palworld-chi.vercel.app/en/pal/beegarde,beegarde,0,5,0,28.6
2026-09-26,https://palworld-chi.vercel.app/en/pal/bellanoir-libero,bellanoir libero stats,0,2,0,37.5
2026-09-26,https://palworld-chi.vercel.app/en/pal/bellanoir-libero,bellanoir type,0,1,0,18
2026-09-26,https://palworld-chi.vercel.app/en/pal/blazehowl/location,blazehowl palworld 1.0 location,0,2,0,7.5
2026-09-26,https://palworld-chi.vercel.app/en/pal/blazehowl/location,palworld blazehowl location map,0,1,0,52
2026-09-26,https://palworld-chi.vercel.app/en/pal/blazehowl/location,where to find blaze howl palworld,0,1,0,15
2026-09-26,https://palworld-chi.vercel.app/en/pal/broncherry/location,broncherry location,0,5,0,8
2026-09-26,https://palworld-chi.vercel.app/en/pal/broncherry/location,broncherry location 1.0,0,1,0,8
2026-09-26,https://palworld-chi.vercel.app/en/pal/broncherry/location,broncherry location palworld,0,4,0,9.2
2026-09-26,https://palworld-chi.vercel.app/en/pal/broncherry/location,broncherry palworld location,0,3,0,8.7
2026-09-26,https://palworld-chi.vercel.app/en/pal/broncherry/location,palworld broncherry location,0,6,0,9
2026-09-26,https://palworld-chi.vercel.app/en/pal/broncherry/location,where to find broncherry,0,1,0,6
2026-09-26,https://palworld-chi.vercel.app/en/pal/broncherry/location,where to find broncherry palworld 1.0,0,1,0,11
2026-09-26,https://palworld-chi.vercel.app/en/pal/broncherry/location,where to find broncherrys,0,1,0,6
2026-09-26,https://palworld-chi.vercel.app/en/pal/bulldosu,bulldosu location,0,1,0,36
2026-09-26,https://palworld-chi.vercel.app/en/pal/bushi,bushi palworld,0,1,0,8
2026-09-26,https://palworld-chi.vercel.app/en/pal/celesdir,celesdir noct breeding,0,1,0,72
2026-09-26,https://palworld-chi.vercel.app/en/pal/celesdir,primo egg calculator,0,1,0,95
2026-09-26,https://palworld-chi.vercel.app/en/pal/celesdir-noct,celesdir noct,0,6,0,2
2026-09-26,https://palworld-chi.vercel.app/en/pal/celesdir-noct,celesdir noct location,0,2,0,27.5
2026-09-26,https://palworld-chi.vercel.app/en/pal/celesdir-noct,palworld celesdir noct,0,1,0,57
2026-09-26,https://palworld-chi.vercel.app/en/pal/cinnamoth,cinnamoth,0,1,0,72
2026-09-26,https://palworld-chi.vercel.app/en/pal/cinnamoth,mysterious scales palworld,0,1,0,10
2026-09-26,https://palworld-chi.vercel.app/en/pal/cremis,cremis,0,1,0,9
2026-09-26,https://palworld-chi.vercel.app/en/pal/cryolinx-terra,cryolinx,0,1,0,30
2026-09-26,https://palworld-chi.vercel.app/en/pal/cryolinx-terra,cryolinx terra,0,2,0,4
2026-09-26,https://palworld-chi.vercel.app/en/pal/cryolinx-terra,cryolinx terra palworld 1.0,0,1,0,58
2026-09-26,https://palworld-chi.vercel.app/en/pal/dandilord,dandilord,0,10,0,5.2
2026-09-26,https://palworld-chi.vercel.app/en/pal/dazzi-noct,dazzi palworld,0,2,0,10.5
2026-09-26,https://palworld-chi.vercel.app/en/pal/dazzi-noct,palworld dazzi noct boss location,0,1,0,48
2026-09-26,https://palworld-chi.vercel.app/en/pal/direhowl/location,direhowl location palworld,0,1,0,5
2026-09-26,https://palworld-chi.vercel.app/en/pal/dualith-noct,dualith noct,0,1,0,51
2026-09-26,https://palworld-chi.vercel.app/en/pal/dumud/location,where to find dumud palworld 1.0,0,2,0,8
2026-09-26,https://palworld-chi.vercel.app/en/pal/dupin,dupin palworld,0,1,0,16
2026-09-26,https://palworld-chi.vercel.app/en/pal/dynamoff,dynamof,0,1,0,38
2026-09-26,https://palworld-chi.vercel.app/en/pal/dynamoff,dynamoff,0,7,0,4
2026-09-26,https://palworld-chi.vercel.app/en/pal/dynamoff,dynamoff palworld stats,0,1,0,73
2026-09-26,https://palworld-chi.vercel.app/en/pal/dynamoff,palworld dynamoff,0,1,0,49
2026-09-26,https://palworld-chi.vercel.app/en/pal/dynamoff,palworld dynamoff location,0,1,0,2
2026-09-26,https://palworld-chi.vercel.app/en/pal/eidrolon,eidrolon palworld,0,5,0,24.8
2026-09-26,https://palworld-chi.vercel.app/en/pal/elphidran-aqua,elphidran aqua,0,1,0,2
2026-09-26,https://palworld-chi.vercel.app/en/pal/elphidran-aqua,elphidran palworld,0,1,0,7
2026-09-26,https://palworld-chi.vercel.app/en/pal/elphidran-aqua,palworld elphidran,0,1,0,2
2026-09-26,https://palworld-chi.vercel.app/en/pal/faleris,faeleris,0,1,0,10
2026-09-26,https://palworld-chi.vercel.app/en/pal/faleris,faleris,0,1,0,25
2026-09-26,https://palworld-chi.vercel.app/en/pal/faleris,palworld fire bird,0,1,0,42
2026-09-26,https://palworld-chi.vercel.app/en/pal/faleris-aqua,faleris aqua speed,0,1,0,9
2026-09-26,https://palworld-chi.vercel.app/en/pal/felbat/location,felbat palworld,0,1,0,59
2026-09-26,https://palworld-chi.vercel.app/en/pal/frostallion-noct/location,frostallion location,0,1,0,15
2026-09-26,https://palworld-chi.vercel.app/en/pal/frostallion-noct/location,palworld frostallion noct boss location,0,1,0,11
2026-09-26,https://palworld-chi.vercel.app/en/pal/gildra,gildra,0,1,0,1
2026-09-26,https://palworld-chi.vercel.app/en/pal/gildra,palworld gildra,0,1,0,50
2026-09-26,https://palworld-chi.vercel.app/en/pal/gobfin,palworld gobfin,0,2,0,6
2026-09-26,https://palworld-chi.vercel.app/en/pal/hartalis,hartalis,0,3,0,10.7
2026-09-26,https://palworld-chi.vercel.app/en/pal/hartalis,no 197 palworld,0,1,0,11
2026-09-26,https://palworld-chi.vercel.app/en/pal/hartalis,what type is hartalis,0,1,0,11
2026-09-26,https://palworld-chi.vercel.app/en/pal/helzephyr,hellzephyr,0,1,0,9
2026-09-26,https://palworld-chi.vercel.app/en/pal/helzephyr,helzephyr,0,3,0,8.7
2026-09-26,https://palworld-chi.vercel.app/en/pal/helzephyr,palworld helzephyr speed,0,1,0,16
2026-09-26,https://palworld-chi.vercel.app/en/pal/helzephyr-lux/location,helzephyr lux location,0,1,0,38
2026-09-26,https://palworld-chi.vercel.app/en/pal/helzephyr-lux/location,palworld helzephyr lux location,0,8,0,7.9
2026-09-26,https://palworld-chi.vercel.app/en/pal/herbil,palworld herbil,0,2,0,60
2026-09-26,https://palworld-chi.vercel.app/en/pal/jormuntide/location,jormuntide location,0,4,0,7
2026-09-26,https://palworld-chi.vercel.app/en/pal/jormuntide/location,jormuntide location palworld,0,2,0,10
2026-09-26,https://palworld-chi.vercel.app/en/pal/jormuntide/location,jormuntide palworld location,0,1,0,9
2026-09-26,https://palworld-chi.vercel.app/en/pal/jormuntide/location,palworld jormuntide location,0,2,0,7.5
2026-09-26,https://palworld-chi.vercel.app/en/pal/jormuntide/location,palworld jormuntide location map,0,1,0,24
2026-09-26,https://palworld-chi.vercel.app/en/pal/katress-ignis/location,katress ignis palworld location,0,1,0,3
2026-09-26,https://palworld-chi.vercel.app/en/pal/katress-ignis/location,kattress ignis,0,1,0,54
2026-09-26,https://palworld-chi.vercel.app/en/pal/kingpaca-cryst,palworld kingpaca cryst location,0,1,0,18
2026-09-26,https://palworld-chi.vercel.app/en/pal/kingpaca-cryst/location,palworld kingpaca cryst location,0,1,0,3
2026-09-26,https://palworld-chi.vercel.app/en/pal/kitsun-noct,kitsun noct,0,2,0,16
2026-09-26,https://palworld-chi.vercel.app/en/pal/knocklem,knocklem,0,3,0,9.7
2026-09-26,https://palworld-chi.vercel.app/en/pal/knocklem-ignis,how to breed knocklem ignis,0,1,0,19
2026-09-26,https://palworld-chi.vercel.app/en/pal/knocklem-ignis,knocklem ignis,0,1,0,16
2026-09-26,https://palworld-chi.vercel.app/en/pal/knocklem-ignis,palworld knocklem ignis,0,1,0,36
2026-09-26,https://palworld-chi.vercel.app/en/pal/lapure,lapure,0,1,0,3
2026-09-26,https://palworld-chi.vercel.app/en/pal/lovander,palworld heart pal,0,1,0,61
2026-09-26,https://palworld-chi.vercel.app/en/pal/lovander,palworld lovander description,0,1,0,8
2026-09-26,https://palworld-chi.vercel.app/en/pal/lovander,palworld love pal,0,1,0,26
2026-09-26,https://palworld-chi.vercel.app/en/pal/lyleen/breeding,breed lyleen,0,1,0,8
2026-09-26,https://palworld-chi.vercel.app/en/pal/mammorest-cryst/location,mammorest palworld location,0,1,0,20
2026-09-26,https://palworld-chi.vercel.app/en/pal/moldron,maldron palworld,0,1,0,49
2026-09-26,https://palworld-chi.vercel.app/en/pal/moldron,moldron,0,2,0,25
2026-09-26,https://palworld-chi.vercel.app/en/pal/moldron-cryst,maldron palworld,0,1,0,64
2026-09-26,https://palworld-chi.vercel.app/en/pal/moldron-cryst,moldron,0,1,0,64
2026-09-26,https://palworld-chi.vercel.app/en/pal/moldron-cryst,pal no 105b,0,1,0,10
2026-09-26,https://palworld-chi.vercel.app/en/pal/mossanda/location,palworld 1.0 mossanda location,0,1,0,4
2026-09-26,https://palworld-chi.vercel.app/en/pal/muffly/breeding,muffly,0,1,0,1
2026-09-26,https://palworld-chi.vercel.app/en/pal/munchill,munchill palworld,0,1,0,5
2026-09-26,https://palworld-chi.vercel.app/en/pal/necromus/breeding,necromus palworld,0,1,0,52
2026-09-26,https://palworld-chi.vercel.app/en/pal/neptilius/location,palworld where to catch neptilius,0,1,0,9
2026-09-26,https://palworld-chi.vercel.app/en/pal/neptilius/location,where is neptilius palworld,0,1,0,8
2026-09-26,https://palworld-chi.vercel.app/en/pal/ophydia,ophydia,0,1,0,20
2026-09-26,https://palworld-chi.vercel.app/en/pal/ophydia,palworld ophydia,0,1,0,49
2026-09-26,https://palworld-chi.vercel.app/en/pal/ophydia,palworld ophydia speed,0,1,0,9
2026-09-26,https://palworld-chi.vercel.app/en/pal/paladius/location,palworld paladius location,0,6,0,16.3
2026-09-26,https://palworld-chi.vercel.app/en/pal/penking,penking plume palworld,0,1,0,60
2026-09-26,https://palworld-chi.vercel.app/en/pal/penking/location,palworld penking boss location,0,1,0,9
2026-09-26,https://palworld-chi.vercel.app/en/pal/penking/location,palworld penking locations,0,1,0,9
2026-09-26,https://palworld-chi.vercel.app/en/pal/penking/location,penking location palworld,0,1,0,10
2026-09-26,https://palworld-chi.vercel.app/en/pal/penking/location,penking palworld location,0,1,0,4
2026-09-26,https://palworld-chi.vercel.app/en/pal/petallia/location,where to find petallia palworld,0,1,0,9
2026-09-26,https://palworld-chi.vercel.app/en/pal/prunelia,palworld prunelia,0,1,0,12
2026-09-26,https://palworld-chi.vercel.app/en/pal/prunelia,palworld prunelia breeding,0,1,0,55
2026-09-26,https://palworld-chi.vercel.app/en/pal/prunelia,prunelia,0,6,0,7
2026-09-26,https://palworld-chi.vercel.app/en/pal/quivern-botan,quivern botan breeding,0,1,0,47
2026-09-26,https://palworld-chi.vercel.app/en/pal/rayhound,breed rayhound,0,1,0,11
2026-09-26,https://palworld-chi.vercel.app/en/pal/rayhound,rayhound,0,5,0,11
2026-09-26,https://palworld-chi.vercel.app/en/pal/rayhound,rayhound palworld breed,0,1,0,63
2026-09-26,https://palworld-chi.vercel.app/en/pal/rayhound-cryst,rayhound,0,4,0,19.2
2026-09-26,https://palworld-chi.vercel.app/en/pal/reptyro,palworld reptyro location,0,1,0,19
2026-09-26,https://palworld-chi.vercel.app/en/pal/reptyro/location,palworld reptyro location,0,1,0,10
2026-09-26,https://palworld-chi.vercel.app/en/pal/ribbuny,palworld ribbuny,0,1,0,7
2026-09-26,https://palworld-chi.vercel.app/en/pal/ribbuny,primo egg calculator,0,1,0,84
2026-09-26,https://palworld-chi.vercel.app/en/pal/selyne,selyne palworld,0,1,0,17
2026-09-26,https://palworld-chi.vercel.app/en/pal/selyne,selyne palworld location,0,1,0,10
2026-09-26,https://palworld-chi.vercel.app/en/pal/shaolong,how to get shaolong,0,1,0,57
2026-09-26,https://palworld-chi.vercel.app/en/pal/shaolong,shaolong palworld,0,3,0,6
2026-09-26,https://palworld-chi.vercel.app/en/pal/shroomer,shroomer location palworld,0,1,0,8
2026-09-26,https://palworld-chi.vercel.app/en/pal/shroomer,shroomer palworld,0,1,0,62
2026-09-26,https://palworld-chi.vercel.app/en/pal/sibelyx-primo,primo egg calculator,0,1,0,65
2026-09-26,https://palworld-chi.vercel.app/en/pal/sibelyx/location,palworld 1.0 sibelyx location,0,1,0,52
2026-09-26,https://palworld-chi.vercel.app/en/pal/sibelyx/location,palworld sibelyx location,0,1,0,53
2026-09-26,https://palworld-chi.vercel.app/en/pal/skutlass,palworld skutlass,0,2,0,43.5
2026-09-26,https://palworld-chi.vercel.app/en/pal/skutlass,scutlass,0,1,0,44
2026-09-26,https://palworld-chi.vercel.app/en/pal/skutlass,skutlass,0,1,0,45
2026-09-26,https://palworld-chi.vercel.app/en/pal/solenne,palworld solenne location,0,1,0,10
2026-09-26,https://palworld-chi.vercel.app/en/pal/solenne,solenne palworld,0,1,0,10
2026-09-26,https://palworld-chi.vercel.app/en/pal/solenne,solenne palworld location,0,1,0,60
2026-09-26,https://palworld-chi.vercel.app/en/pal/sootseer,secluded cemetery palworld,0,1,0,54
2026-09-26,https://palworld-chi.vercel.app/en/pal/sootseer,sooster palworld,0,1,0,7
2026-09-26,https://palworld-chi.vercel.app/en/pal/sootseer,suitar palworld,0,1,0,29
2026-09-26,https://palworld-chi.vercel.app/en/pal/starryon,starryon palworld location,0,1,0,60
2026-09-26,https://palworld-chi.vercel.app/en/pal/starryon-primo/location,starryon palworld location,0,1,0,48
2026-09-26,https://palworld-chi.vercel.app/en/pal/starryon-primo/location,starryon primo,0,1,0,50
2026-09-26,https://palworld-chi.vercel.app/en/pal/suzaku,palworld suzaku,0,1,0,9
2026-09-26,https://palworld-chi.vercel.app/en/pal/suzaku,suzaku palworld,0,1,0,8
2026-09-26,https://palworld-chi.vercel.app/en/pal/tanzee,palworld tanzee,0,1,0,3
2026-09-26,https://palworld-chi.vercel.app/en/pal/tropicaw,tropicaw,0,2,0,15
2026-09-26,https://palworld-chi.vercel.app/en/pal/tropicaw,tropicaw palworld,0,5,0,6.6
2026-09-26,https://palworld-chi.vercel.app/en/pal/venusa,venusa,0,1,0,9
2026-09-27,https://palworld-chi.vercel.app/en/guide/endgame,endgame palworld,0,1,0,5
2026-09-27,https://palworld-chi.vercel.app/en/guide/endgame,palworld end game guide,0,1,0,8
2026-09-27,https://palworld-chi.vercel.app/en/guide/endgame,palworld endgame,0,1,0,9
2026-09-27,https://palworld-chi.vercel.app/en/guide/endgame,palworld endgame gear,0,1,0,4
2026-09-27,https://palworld-chi.vercel.app/en/guide/faq,can you download palworld on ps4,0,1,0,10
2026-09-27,https://palworld-chi.vercel.app/en/guide/materials,pal materials list,0,1,0,1
2026-09-27,https://palworld-chi.vercel.app/en/guide/money,farm money palworld,0,1,0,9
2026-09-27,https://palworld-chi.vercel.app/en/guide/money,palworld mid game gold farm,0,1,0,8
2026-09-27,https://palworld-chi.vercel.app/en/guide/money,palworld money,0,1,0,10
2026-09-27,https://palworld-chi.vercel.app/en/guide/money,palworld money guide,0,1,0,10
2026-09-27,https://palworld-chi.vercel.app/en/guide/money,palworld money pal,0,1,0,1
2026-09-27,https://palworld-chi.vercel.app/en/guide/world-tree,palworld world tree,0,2,0,3
2026-09-27,https://palworld-chi.vercel.app/en/guide/world-tree,palworld world tree 3 bosses,0,1,0,9
2026-09-27,https://palworld-chi.vercel.app/en/guide/world-tree,palworld world tree all bosses,0,1,0,8
2026-09-27,https://palworld-chi.vercel.app/en/guide/world-tree,palworld world tree boss locations,0,1,0,10
2026-09-27,https://palworld-chi.vercel.app/en/guide/world-tree,palworld world tree guardian,0,2,0,9
2026-09-27,https://palworld-chi.vercel.app/en/guide/world-tree,palworld world tree sub bosses,0,1,0,11
2026-09-27,https://palworld-chi.vercel.app/en/guide/world-tree,the world tree is completely shrouded in a mysterious energy,0,1,0,9
2026-09-27,https://palworld-chi.vercel.app/en/guide/world-tree,whose next,0,1,0,4
2026-09-27,https://palworld-chi.vercel.app/en/guide/world-tree,world tree boss drops,0,1,0,7
2026-09-27,https://palworld-chi.vercel.app/en/guide/world-tree,world tree boss weakness palworld,0,1,0,9
2026-09-27,https://palworld-chi.vercel.app/en/guide/world-tree,world tree bosses,0,3,0,8
2026-09-27,https://palworld-chi.vercel.app/en/guide/world-tree,world tree bosses palworld,0,4,0,5.8
2026-09-27,https://palworld-chi.vercel.app/en/guide/world-tree,world tree final boss weakness,0,1,0,9
2026-09-27,https://palworld-chi.vercel.app/en/map,interactive map palworld,0,1,0,72
2026-09-27,https://palworld-chi.vercel.app/en/map,mapa interactivo palworld 1.0,0,1,0,67
2026-09-27,https://palworld-chi.vercel.app/en/map,palworld 1.0 interactive map,0,1,0,63
2026-09-27,https://palworld-chi.vercel.app/en/map,palworld interactive map,0,1,0,70
2026-09-27,https://palworld-chi.vercel.app/en/map,palworld level map,0,2,0,66.5
2026-09-27,https://palworld-chi.vercel.app/en/map,palworld map levels,0,1,0,71
2026-09-27,https://palworld-chi.vercel.app/en/map,palworld pal location map,0,1,0,75
2026-09-27,https://palworld-chi.vercel.app/en/pal/aegidron,aedrigon,0,1,0,46
2026-09-27,https://palworld-chi.vercel.app/en/pal/aegidron,aegidron,0,4,0,26
2026-09-27,https://palworld-chi.vercel.app/en/pal/aegidron,aegidron location palworld,0,1,0,64
2026-09-27,https://palworld-chi.vercel.app/en/pal/aegidron,palworld aegidron,0,2,0,20.5
2026-09-27,https://palworld-chi.vercel.app/en/pal/astegon/location,astegon location,0,4,0,9.2
2026-09-27,https://palworld-chi.vercel.app/en/pal/astegon/location,astegon location palworld,0,3,0,9.7
2026-09-27,https://palworld-chi.vercel.app/en/pal/astegon/location,astegon palworld location,0,1,0,10
2026-09-27,https://palworld-chi.vercel.app/en/pal/astegon/location,astegon spawn,0,2,0,7.5
2026-09-27,https://palworld-chi.vercel.app/en/pal/astegon/location,what level is astegon,0,1,0,7
2026-09-27,https://palworld-chi.vercel.app/en/pal/beegarde,beegarde,0,2,0,35
2026-09-27,https://palworld-chi.vercel.app/en/pal/beegarde,palworld bee,0,1,0,1
2026-09-27,https://palworld-chi.vercel.app/en/pal/beegarde,palworld beegarde,0,2,0,37
2026-09-27,https://palworld-chi.vercel.app/en/pal/bellanoir-libero,best bellanoir libero active skills,0,1,0,4
2026-09-27,https://palworld-chi.vercel.app/en/pal/broncherry/location,broncherry location,0,7,0,8.7
2026-09-27,https://palworld-chi.vercel.app/en/pal/broncherry/location,broncherry location palworld,0,4,0,9.2
2026-09-27,https://palworld-chi.vercel.app/en/pal/broncherry/location,broncherry palworld location,0,3,0,9
2026-09-27,https://palworld-chi.vercel.app/en/pal/broncherry/location,bronchery location,0,1,0,10
2026-09-27,https://palworld-chi.vercel.app/en/pal/broncherry/location,palworld broncherry,0,1,0,68
2026-09-27,https://palworld-chi.vercel.app/en/pal/broncherry/location,palworld broncherry location,0,1,0,9
2026-09-27,https://palworld-chi.vercel.app/en/pal/broncherry/location,where to find broncherry,0,1,0,6
2026-09-27,https://palworld-chi.vercel.app/en/pal/broncherry/location,where to get broncherry,0,2,0,9
2026-09-27,https://palworld-chi.vercel.app/en/pal/bulldosu,bulldosu palworld,0,1,0,28
2026-09-27,https://palworld-chi.vercel.app/en/pal/bushi-noct/location,bushi location palworld,0,4,0,10.2
2026-09-27,https://palworld-chi.vercel.app/en/pal/cattiva,cattiva palworld,0,1,0,50
2026-09-27,https://palworld-chi.vercel.app/en/pal/celesdir,is celesdir good palworld,0,1,0,9
2026-09-27,https://palworld-chi.vercel.app/en/pal/celesdir,palworld celesdir,0,1,0,6
2026-09-27,https://palworld-chi.vercel.app/en/pal/chillet,chillet,0,1,0,9
2026-09-27,https://palworld-chi.vercel.app/en/pal/chillet,chillet evolution,0,1,0,1
2026-09-27,https://palworld-chi.vercel.app/en/pal/chillet,chillet type,0,1,0,11
2026-09-27,https://palworld-chi.vercel.app/en/pal/cremis,cremis,0,1,0,9
2026-09-27,https://palworld-chi.vercel.app/en/pal/cryolinx-terra,cryolinx terra location,0,3,0,6.3
2026-09-27,https://palworld-chi.vercel.app/en/pal/dandilord,dandilord,0,2,0,1
2026-09-27,https://palworld-chi.vercel.app/en/pal/dandilord,dandilord palworld,0,1,0,3
2026-09-27,https://palworld-chi.vercel.app/en/pal/direhowl/location,direhowl location palworld 1.0,0,1,0,8
2026-09-27,https://palworld-chi.vercel.app/en/pal/direhowl/location,where to find direhowl palworld,0,1,0,11
2026-09-27,https://palworld-chi.vercel.app/en/pal/dumud/location,where to find dumud palworld,0,2,0,9
2026-09-27,https://palworld-chi.vercel.app/en/pal/dupin,dupin breeding,0,2,0,59
2026-09-27,https://palworld-chi.vercel.app/en/pal/dupin,dupin palworld,0,1,0,19
2026-09-27,https://palworld-chi.vercel.app/en/pal/dynamoff,dynamoff palworld location,0,1,0,48
2026-09-27,https://palworld-chi.vercel.app/en/pal/dynamoff,dynamoth,0,1,0,63
2026-09-27,https://palworld-chi.vercel.app/en/pal/dynamoff,dynamoth palworld,0,1,0,51
2026-09-27,https://palworld-chi.vercel.app/en/pal/eidrolon,eidrolon,0,2,0,5
2026-09-27,https://palworld-chi.vercel.app/en/pal/eidrolon,eidrolon pal,0,1,0,55
2026-09-27,https://palworld-chi.vercel.app/en/pal/eidrolon,eidrolon palworld,0,1,0,49
2026-09-27,https://palworld-chi.vercel.app/en/pal/elphidran-aqua,elphidran aqua,0,1,0,56
2026-09-27,https://palworld-chi.vercel.app/en/pal/elphidran-aqua,how to breed elphidran aqua,0,1,0,16
2026-09-27,https://palworld-chi.vercel.app/en/pal/elphidran-aqua,palworld elphidran,0,4,0,2.8
2026-09-27,https://palworld-chi.vercel.app/en/pal/elphidran-aqua,palworld elphidran aqua,0,2,0,8
2026-09-27,https://palworld-chi.vercel.app/en/pal/faleris,faleris,0,1,0,9
2026-09-27,https://palworld-chi.vercel.app/en/pal/faleris,faleris palworld,0,1,0,2
2026-09-27,https://palworld-chi.vercel.app/en/pal/faleris-aqua,palworld aqua burst,0,1,0,17
2026-09-27,https://palworld-chi.vercel.app/en/pal/flaracle,flracle,0,1,0,9
2026-09-27,https://palworld-chi.vercel.app/en/pal/foxparks,palworld foxparks,0,1,0,19
2026-09-27,https://palworld-chi.vercel.app/en/pal/frostallion-noct/location,frostallion noct location palworld 1.0,0,1,0,62
2026-09-27,https://palworld-chi.vercel.app/en/pal/frostallion-noct/location,where is frostallion noct,0,1,0,10
2026-09-27,https://palworld-chi.vercel.app/en/pal/frostallion-noct/location,where to find frostallion noct,0,1,0,9
2026-09-27,https://palworld-chi.vercel.app/en/pal/galeclaw,galeclaw palworld,0,2,0,14
2026-09-27,https://palworld-chi.vercel.app/en/pal/galeclaw,palworld galeclaw,0,1,0,2
2026-09-27,https://palworld-chi.vercel.app/en/pal/gildra,palworld gildra,0,4,0,1
2026-09-27,https://palworld-chi.vercel.app/en/pal/gobfin,angry shark palworld,0,1,0,1
2026-09-27,https://palworld-chi.vercel.app/en/pal/gobfin,palworld gobfin,0,1,0,5
2026-09-27,https://palworld-chi.vercel.app/en/pal/gobfin-ignis,angry shark palworld,0,1,0,10
2026-09-27,https://palworld-chi.vercel.app/en/pal/gobfin-ignis,palworld gobfin,0,1,0,18
2026-09-27,https://palworld-chi.vercel.app/en/pal/gobfin-ignis,palworld gobfin ignis,0,1,0,14
2026-09-27,https://palworld-chi.vercel.app/en/pal/grizzbolt/breeding,grizzbolt breeding combos,0,1,0,71
2026-09-27,https://palworld-chi.vercel.app/en/pal/hangyu,hangyu,0,2,0,15
2026-09-27,https://palworld-chi.vercel.app/en/pal/hartalis,hartalis,0,3,0,10
2026-09-27,https://palworld-chi.vercel.app/en/pal/hartalis,hartalis palworld,0,2,0,15.5
2026-09-27,https://palworld-chi.vercel.app/en/pal/hartalis,hartalis type,0,1,0,7
2026-09-27,https://palworld-chi.vercel.app/en/pal/hartalis,palworld no 197,0,1,0,11
2026-09-27,https://palworld-chi.vercel.app/en/pal/hartalis,what type is hartalis,0,2,0,11
2026-09-27,https://palworld-chi.vercel.app/en/pal/helzephyr,helzepher,0,1,0,8
2026-09-27,https://palworld-chi.vercel.app/en/pal/helzephyr,helzephyr,0,8,0,4.9
2026-09-27,https://palworld-chi.vercel.app/en/pal/helzephyr,palworld helzephyr,0,4,0,9.5
2026-09-27,https://palworld-chi.vercel.app/en/pal/helzephyr-lux/location,palworld helzephyr lux,0,1,0,14
2026-09-27,https://palworld-chi.vercel.app/en/pal/helzephyr/location,helzephyr,0,8,0,9.8
2026-09-27,https://palworld-chi.vercel.app/en/pal/helzephyr/location,palworld helzephyr,0,2,0,7
2026-09-27,https://palworld-chi.vercel.app/en/pal/jormuntide/location,jormuntide location,0,5,0,7.2
2026-09-27,https://palworld-chi.vercel.app/en/pal/jormuntide/location,jormuntide location palworld,0,3,0,9.7
2026-09-27,https://palworld-chi.vercel.app/en/pal/jormuntide/location,palworld jormuntide location,0,2,0,17
2026-09-27,https://palworld-chi.vercel.app/en/pal/katress-ignis/location,how to get katress ignis,0,1,0,55
2026-09-27,https://palworld-chi.vercel.app/en/pal/katress-ignis/location,katress ignis location,0,1,0,55
2026-09-27,https://palworld-chi.vercel.app/en/pal/katress-ignis/location,katress ignis palworld location,0,3,0,3
2026-09-27,https://palworld-chi.vercel.app/en/pal/katress-ignis/location,palworld katress ignis location,0,1,0,3
2026-09-27,https://palworld-chi.vercel.app/en/pal/kitsun-noct,how to get to kitsun noct palworld,0,1,0,49
2026-09-27,https://palworld-chi.vercel.app/en/pal/kitsun-noct,kitsun noct,0,1,0,13
2026-09-27,https://palworld-chi.vercel.app/en/pal/knocklem,celestial knocklem,0,1,0,11
2026-09-27,https://palworld-chi.vercel.app/en/pal/knocklem,knocklem,0,4,0,7.5
2026-09-27,https://palworld-chi.vercel.app/en/pal/knocklem-ignis,best knocklem ignis,0,1,0,9
2026-09-27,https://palworld-chi.vercel.app/en/pal/lapure,lapure palworld location,0,1,0,35
2026-09-27,https://palworld-chi.vercel.app/en/pal/lapure,palworld lapure,0,2,0,23.5
2026-09-27,https://palworld-chi.vercel.app/en/pal/lovander,lovander pal,0,1,0,5
2026-09-27,https://palworld-chi.vercel.app/en/pal/lovander,lovander pokemon,0,1,0,63
2026-09-27,https://palworld-chi.vercel.app/en/pal/lovander,loveander palworld,0,1,0,68
2026-09-27,https://palworld-chi.vercel.app/en/pal/lyleen/breeding,how to breed lyleen noct palworld,0,1,0,58
2026-09-27,https://palworld-chi.vercel.app/en/pal/maraith,palworld maraith,0,2,0,12
2026-09-27,https://palworld-chi.vercel.app/en/pal/munchill,munchill palworld,0,2,0,3.5
2026-09-27,https://palworld-chi.vercel.app/en/pal/necromus/breeding,how to breed necromus,0,1,0,41
2026-09-27,https://palworld-chi.vercel.app/en/pal/neptilius/location,neptilius,0,3,0,4
2026-09-27,https://palworld-chi.vercel.app/en/pal/neptilius/location,where to get neptilius,0,1,0,8
2026-09-27,https://palworld-chi.vercel.app/en/pal/ophydia,can ophydia fly,0,1,0,11
2026-09-27,https://palworld-chi.vercel.app/en/pal/ophydia,ophydia,0,2,0,10
2026-09-27,https://palworld-chi.vercel.app/en/pal/ophydia,ophydia palworld,0,1,0,7
2026-09-27,https://palworld-chi.vercel.app/en/pal/panthalus/location,panthalus breeding,0,1,0,13
2026-09-27,https://palworld-chi.vercel.app/en/pal/pengullet,at l2,0,1,0,4
2026-09-27,https://palworld-chi.vercel.app/en/pal/penking/location,penking location palworld,0,3,0,8.3
2026-09-27,https://palworld-chi.vercel.app/en/pal/penking/location,penking palworld spawn,0,1,0,9
2026-09-27,https://palworld-chi.vercel.app/en/pal/penking/location,where to find penking palworld,0,3,0,9.7
2026-09-27,https://palworld-chi.vercel.app/en/pal/penking/location,where to get penking,0,1,0,9
2026-09-27,https://palworld-chi.vercel.app/en/pal/pierdon,pierdon palworld,0,1,0,35
2026-09-27,https://palworld-chi.vercel.app/en/pal/prunelia,prunelia location palworld,0,1,0,47
2026-09-27,https://palworld-chi.vercel.app/en/pal/reptyro,palworld reptyro,0,2,0,17.5
2026-09-27,https://palworld-chi.vercel.app/en/pal/reptyro,reptyro,0,1,0,6
2026-09-27,https://palworld-chi.vercel.app/en/pal/reptyro/location,palworld 1.0 reptyro location,0,1,0,9
2026-09-27,https://palworld-chi.vercel.app/en/pal/ribbuny,palworld ribbuny,0,4,0,7.5
2026-09-27,https://palworld-chi.vercel.app/en/pal/selyne,coverage,0,1,0,8
2026-09-27,https://palworld-chi.vercel.app/en/pal/selyne,how to get selyne palworld,0,5,0,14.6
2026-09-27,https://palworld-chi.vercel.app/en/pal/selyne,selyne location palworld,0,1,0,22
2026-09-27,https://palworld-chi.vercel.app/en/pal/selyne,selyne palworld,0,1,0,9
2026-09-27,https://palworld-chi.vercel.app/en/pal/shadowbeak,palworld shadowbeak,0,1,0,62
2026-09-27,https://palworld-chi.vercel.app/en/pal/shaolong,shaolong palworld,0,1,0,49
2026-09-27,https://palworld-chi.vercel.app/en/pal/sibelyx/location,sibelyx location,0,1,0,54
2026-09-27,https://palworld-chi.vercel.app/en/pal/skutlass,skutlass palworld,0,2,0,4
2026-09-27,https://palworld-chi.vercel.app/en/pal/smokie,how to get smokie palworld,0,1,0,17
2026-09-27,https://palworld-chi.vercel.app/en/pal/smokie/location,how to get smokie palworld,0,1,0,12
2026-09-27,https://palworld-chi.vercel.app/en/pal/sootseer,how to get sootseer palworld,0,1,0,54
2026-09-27,https://palworld-chi.vercel.app/en/pal/sparkit,palworld sparkit,0,1,0,14
2026-09-27,https://palworld-chi.vercel.app/en/pal/sparkit,sparkit,0,1,0,18
2026-09-27,https://palworld-chi.vercel.app/en/pal/suzaku-aqua,palworld suzaku aqua,0,3,0,8
2026-09-27,https://palworld-chi.vercel.app/en/pal/suzaku-aqua,suzaku aqua,0,1,0,1
2026-09-27,https://palworld-chi.vercel.app/en/pal/tocotoco,totoco palworld,0,1,0,2
2026-09-27,https://palworld-chi.vercel.app/en/pal/tropicaw,tropicaw,0,3,0,11.3
2026-09-27,https://palworld-chi.vercel.app/en/pal/univolt-cryst,univolt,0,1,0,9
2026-09-27,https://palworld-chi.vercel.app/en/pal/univolt-cryst,univolt cryst palworld,0,1,0,7
2026-09-27,https://palworld-chi.vercel.app/en/pal/vanwyrm,how to breed vanwyrm,0,1,0,17
2026-09-27,https://palworld-chi.vercel.app/en/pal/vanwyrm,how to breed vanwyrm palworld,0,1,0,14
2026-09-27,https://palworld-chi.vercel.app/en/pal/venusa,venusa,0,1,0,10
2026-09-27,https://palworld-chi.vercel.app/en/pal/warsect-terra,warsect,0,1,0,24
2026-09-27,https://palworld-chi.vercel.app/en/pal/xenolord,no.196 palworld,0,1,0,11
2026-09-27,https://palworld-chi.vercel.app/en/pal/xenolord,palworld meteorite fragment uses,0,1,0,9
2026-09-27,https://palworld-chi.vercel.app/en/pal/xenolord,xenolord palworld,0,2,0,11
2026-09-27,https://palworld-chi.vercel.app/en/pal/xenolord,xenolord wiki,0,1,0,11
2026-09-28,https://palworld-chi.vercel.app/en/guide/breeding,pal breeding,0,1,0,61
2026-09-28,https://palworld-chi.vercel.app/en/guide/endgame,palworld end game materials,0,1,0,6
2026-09-28,https://palworld-chi.vercel.app/en/guide/endgame,palworld endgame,0,4,0,2.2
2026-09-28,https://palworld-chi.vercel.app/en/guide/endgame,palworld endgame equipment,0,1,0,5
2026-09-28,https://palworld-chi.vercel.app/en/guide/endgame,palworld endgame gear,0,1,0,6
2026-09-28,https://palworld-chi.vercel.app/en/guide/endgame,palworld endgame guide,0,1,0,1
2026-09-28,https://palworld-chi.vercel.app/en/guide/endgame,palworld endgame materials,0,1,0,8
2026-09-28,https://palworld-chi.vercel.app/en/guide/faq,does palworld cost money,0,1,0,9
2026-09-28,https://palworld-chi.vercel.app/en/guide/money,farm money palworld,0,1,0,2
2026-09-28,https://palworld-chi.vercel.app/en/guide/money,how to make money fast in palworld,0,1,0,1
2026-09-28,https://palworld-chi.vercel.app/en/guide/money,palworld fast money,0,1,0,8
2026-09-28,https://palworld-chi.vercel.app/en/guide/money,palworld money,0,1,0,9
2026-09-28,https://palworld-chi.vercel.app/en/guide/money,palworld money farm,0,2,0,8
2026-09-28,https://palworld-chi.vercel.app/en/guide/world-tree,how to beat forbidden laboratory palworld,0,1,0,1
2026-09-28,https://palworld-chi.vercel.app/en/guide/world-tree,palworld world tree boss,0,2,0,10
2026-09-28,https://palworld-chi.vercel.app/en/guide/world-tree,palworld world tree bosses,0,6,0,6.2
2026-09-28,https://palworld-chi.vercel.app/en/guide/world-tree,palworld world tree mini bosses,0,2,0,4.5
2026-09-28,https://palworld-chi.vercel.app/en/guide/world-tree,world tree boss weakness palworld,0,1,0,9
2026-09-28,https://palworld-chi.vercel.app/en/guide/world-tree,world tree bosses,0,4,0,5.5
2026-09-28,https://palworld-chi.vercel.app/en/guide/world-tree,world tree guardian palworld,0,1,0,8
2026-09-28,https://palworld-chi.vercel.app/en/guide/world-tree,world tree level palworld,0,2,0,5.5
2026-09-28,https://palworld-chi.vercel.app/en/item/meat-grassmammoth,palworld mammorest meat farm,0,1,0,45
2026-09-28,https://palworld-chi.vercel.app/en/item/meat-grassmammoth,palworld mammorest meat merchant,0,1,0,44
2026-09-28,https://palworld-chi.vercel.app/en/map,palworld interactive map,0,1,0,72
2026-09-28,https://palworld-chi.vercel.app/en/map,palworld mapa interactivo,0,1,0,72
2026-09-28,https://palworld-chi.vercel.app/en/pal/aegidron,aegidron,0,1,0,52
2026-09-28,https://palworld-chi.vercel.app/en/pal/astegon/location,astegon location,0,2,0,10
2026-09-28,https://palworld-chi.vercel.app/en/pal/astegon/location,astegon palworld location,0,2,0,28.5
2026-09-28,https://palworld-chi.vercel.app/en/pal/astegon/location,astegon spawn,0,1,0,8
2026-09-28,https://palworld-chi.vercel.app/en/pal/astegon/location,palworld astegon spawn,0,1,0,9
2026-09-28,https://palworld-chi.vercel.app/en/pal/beegarde,beegrade,0,1,0,54
2026-09-28,https://palworld-chi.vercel.app/en/pal/beegarde,palworld beegarde,0,1,0,5
2026-09-28,https://palworld-chi.vercel.app/en/pal/dandilord,dandilord,0,1,0,1
2026-09-28,https://palworld-chi.vercel.app/en/pal/dandilord,dendilord,0,1,0,48
2026-09-28,https://palworld-chi.vercel.app/en/pal/dandilord,where to find dandilord,0,6,0,6
2026-09-28,https://palworld-chi.vercel.app/en/pal/direhowl/location,direhowl location palworld 1.0,0,1,0,8
2026-09-28,https://palworld-chi.vercel.app/en/pal/direhowl/location,where to find direhowl palworld,0,1,0,11
2026-09-28,https://palworld-chi.vercel.app/en/pal/dynamoff,dynamoff,0,7,0,5.1
2026-09-28,https://palworld-chi.vercel.app/en/pal/dynamoff,dynamoff location,0,2,0,51
2026-09-28,https://palworld-chi.vercel.app/en/pal/elphidran-aqua,palworld elphidran aqua,0,4,0,7.2
2026-09-28,https://palworld-chi.vercel.app/en/pal/faleris,faleris,0,2,0,9
2026-09-28,https://palworld-chi.vercel.app/en/pal/faleris,faleris palworld,0,1,0,2
2026-09-28,https://palworld-chi.vercel.app/en/pal/frostallion-noct/location,frostallion noct location palworld 1.0,0,1,0,62
2026-09-28,https://palworld-chi.vercel.app/en/pal/frostallion-noct/location,palworld frostallion noct location,0,1,0,65
2026-09-28,https://palworld-chi.vercel.app/en/pal/frostallion-noct/location,palworld where to find frostallion noct,0,1,0,7
2026-09-28,https://palworld-chi.vercel.app/en/pal/galeclaw,galeclaw,0,1,0,10
2026-09-28,https://palworld-chi.vercel.app/en/pal/gildra,palworld gildra,0,3,0,1
2026-09-28,https://palworld-chi.vercel.app/en/pal/gobfin,gobfin,0,6,0,8.2
2026-09-28,https://palworld-chi.vercel.app/en/pal/gobfin-ignis,gobfin,0,7,0,18.4
2026-09-28,https://palworld-chi.vercel.app/en/pal/gobfin-ignis,palworld gobfin ignis,0,2,0,11
2026-09-28,https://palworld-chi.vercel.app/en/pal/gobfin-ignis,palworld shark,0,1,0,4
2026-09-28,https://palworld-chi.vercel.app/en/pal/grizzbolt/breeding,grizzbolt palworld breeding,0,1,0,56
2026-09-28,https://palworld-chi.vercel.app/en/pal/hangyu,hangyu,0,2,0,15.5
2026-09-28,https://palworld-chi.vercel.app/en/pal/hartalis,hartalis,0,3,0,10.3
2026-09-28,https://palworld-chi.vercel.app/en/pal/hartalis,hartalis hp,0,1,0,11
2026-09-28,https://palworld-chi.vercel.app/en/pal/hartalis,hartalis typing,0,2,0,9
2026-09-28,https://palworld-chi.vercel.app/en/pal/hartalis,hartslis,0,1,0,7
2026-09-28,https://palworld-chi.vercel.app/en/pal/hartalis,palworld no 197,0,2,0,9
2026-09-28,https://palworld-chi.vercel.app/en/pal/hartalis,palworld no.197,0,1,0,10
2026-09-28,https://palworld-chi.vercel.app/en/pal/helzephyr,helzephyr,0,7,0,5.3
2026-09-28,https://palworld-chi.vercel.app/en/pal/helzephyr,palworld helzephyr,0,2,0,8
2026-09-28,https://palworld-chi.vercel.app/en/pal/helzephyr/location,helzephyr,0,5,0,9.8
2026-09-28,https://palworld-chi.vercel.app/en/pal/helzephyr/location,palworld helzephyr,0,1,0,17
2026-09-28,https://palworld-chi.vercel.app/en/pal/jolthog-cryst,palworld jolthog,0,1,0,6
2026-09-28,https://palworld-chi.vercel.app/en/pal/katress-ignis/location,katress ignis palworld location,0,3,0,3
2026-09-28,https://palworld-chi.vercel.app/en/pal/katress-ignis/location,palworld katress ignis location,0,2,0,3
2026-09-28,https://palworld-chi.vercel.app/en/pal/katress-ignis/location,palworld katress location,0,2,0,6.5
2026-09-28,https://palworld-chi.vercel.app/en/pal/knocklem-ignis,knocklem ignis,0,1,0,12
2026-09-28,https://palworld-chi.vercel.app/en/pal/knocklem-ignis,noam ignis,0,1,0,11
2026-09-28,https://palworld-chi.vercel.app/en/pal/lapure,lapure location palworld,0,1,0,2
2026-09-28,https://palworld-chi.vercel.app/en/pal/lovander,lovander pal,0,1,0,1
2026-09-28,https://palworld-chi.vercel.app/en/pal/maraith,palworld maraith,0,3,0,11.7
2026-09-28,https://palworld-chi.vercel.app/en/pal/munchill,munchill palworld,0,2,0,5.5
2026-09-28,https://palworld-chi.vercel.app/en/pal/ophydia,is ophidia a water mount,0,1,0,11
2026-09-28,https://palworld-chi.vercel.app/en/pal/ophydia,ophydia palworld,0,1,0,6
2026-09-28,https://palworld-chi.vercel.app/en/pal/paladius/location,paladius location palworld 1.0,0,1,0,8
2026-09-28,https://palworld-chi.vercel.app/en/pal/panthalus/location,panthalus spawn,0,1,0,6
2026-09-28,https://palworld-chi.vercel.app/en/pal/penking/location,penking location palworld,0,1,0,4
2026-09-28,https://palworld-chi.vercel.app/en/pal/penking/location,penking location palworld 1.0,0,1,0,9
2026-09-28,https://palworld-chi.vercel.app/en/pal/penking/location,penking where to find,0,1,0,10
2026-09-28,https://palworld-chi.vercel.app/en/pal/penking/location,where to find penking palworld,0,2,0,10
2026-09-28,https://palworld-chi.vercel.app/en/pal/petallia/location,petallia location palworld 1.0,0,1,0,9
2026-09-28,https://palworld-chi.vercel.app/en/pal/petallia/location,petallia palworld 1.0 location,0,1,0,11
2026-09-28,https://palworld-chi.vercel.app/en/pal/petallia/location,petallia palworld location 1.0,0,1,0,10
2026-09-28,https://palworld-chi.vercel.app/en/pal/quivern,quivern,0,2,0,16.5
2026-09-28,https://palworld-chi.vercel.app/en/pal/reptyro,reptyro,0,1,0,9
2026-09-28,https://palworld-chi.vercel.app/en/pal/ribbuny,palworld ribbuny,0,3,0,9.7
2026-09-28,https://palworld-chi.vercel.app/en/pal/selyne,how to get selyne palworld,0,1,0,10
2026-09-28,https://palworld-chi.vercel.app/en/pal/selyne,selyne palworld,0,4,0,18.8
2026-09-28,https://palworld-chi.vercel.app/en/pal/shaolong,shaolong palworld,0,2,0,7.5
2026-09-28,https://palworld-chi.vercel.app/en/pal/shroomer,shroomer,0,2,0,10
2026-09-28,https://palworld-chi.vercel.app/en/pal/sibelyx/location,palworld sibelyx,0,2,0,62
2026-09-28,https://palworld-chi.vercel.app/en/pal/sibelyx/location,sibelyx,0,2,0,15
2026-09-28,https://palworld-chi.vercel.app/en/pal/sibelyx/location,sibelyx location,0,1,0,54
2026-09-28,https://palworld-chi.vercel.app/en/pal/smokie,smokie palworld,0,5,0,15.4
2026-09-28,https://palworld-chi.vercel.app/en/pal/smokie-cryst,smokie cryst palworld,0,1,0,41
2026-09-28,https://palworld-chi.vercel.app/en/pal/sparkit,palworld sparkit,0,2,0,10
2026-09-28,https://palworld-chi.vercel.app/en/pal/sparkit,palworld sparkit location,0,3,0,9
2026-09-28,https://palworld-chi.vercel.app/en/pal/sparkit,sparkit,0,1,0,17
2026-09-28,https://palworld-chi.vercel.app/en/pal/suzaku-aqua,palworld suzaku aqua,0,1,0,8
2026-09-28,https://palworld-chi.vercel.app/en/pal/univolt-cryst,univolt cryst,0,5,0,1
2026-09-29,https://palworld-chi.vercel.app/en/guide/endgame,palworld endgame,0,1,0,5
2026-09-29,https://palworld-chi.vercel.app/en/guide/endgame,palworld endgame equipment,0,1,0,5
2026-09-29,https://palworld-chi.vercel.app/en/guide/endgame,palworld endgame materials,0,2,0,7.5
2026-09-29,https://palworld-chi.vercel.app/en/guide/endgame,palworld engame,0,1,0,8
2026-09-29,https://palworld-chi.vercel.app/en/guide/materials,palworld silica,0,1,0,1
2026-09-29,https://palworld-chi.vercel.app/en/guide/money,palworld best way to farm money,0,1,0,11
2026-09-29,https://palworld-chi.vercel.app/en/guide/money,palworld early money,0,1,0,9
2026-09-29,https://palworld-chi.vercel.app/en/guide/money,palworld fast money,0,1,0,11
2026-09-29,https://palworld-chi.vercel.app/en/guide/money,palworld mid game gold farm,0,1,0,8
2026-09-29,https://palworld-chi.vercel.app/en/guide/world-tree,all bosses in world tree,0,1,0,10
2026-09-29,https://palworld-chi.vercel.app/en/guide/world-tree,palworld world tree all bosses,0,2,0,7
2026-09-29,https://palworld-chi.vercel.app/en/guide/world-tree,palworld world tree alpha bosses,0,1,0,10
2026-09-29,https://palworld-chi.vercel.app/en/guide/world-tree,palworld world tree boss type,0,1,0,9
2026-09-29,https://palworld-chi.vercel.app/en/guide/world-tree,palworld world tree bosses,0,5,0,8.8
2026-09-29,https://palworld-chi.vercel.app/en/guide/world-tree,palworld world tree field bosses,0,1,0,9
2026-09-29,https://palworld-chi.vercel.app/en/guide/world-tree,palworld world tree forbidden laboratory boss,0,1,0,6
2026-09-29,https://palworld-chi.vercel.app/en/guide/world-tree,palworld world tree requirements,0,1,0,8
2026-09-29,https://palworld-chi.vercel.app/en/guide/world-tree,what level is world tree palworld,0,1,0,44
2026-09-29,https://palworld-chi.vercel.app/en/guide/world-tree,world tree bosses,0,2,0,8
2026-09-29,https://palworld-chi.vercel.app/en/guide/world-tree,world tree bosses palworld,0,2,0,5
2026-09-29,https://palworld-chi.vercel.app/en/item/cloth2,tissue de qualité palworld,0,1,0,69
2026-09-29,https://palworld-chi.vercel.app/en/item/meat-grassmammoth,where to buy mammorest meat palworld,0,1,0,11
2026-09-29,https://palworld-chi.vercel.app/en/item/shield-01,common shield palworld,0,1,0,14
2026-09-29,https://palworld-chi.vercel.app/en/map,enemycamp_skyisland_01 /40,0,1,0,24
2026-09-29,https://palworld-chi.vercel.app/en/map,isle of the glacial core.,0,1,0,45
2026-09-29,https://palworld-chi.vercel.app/en/map,pal world map,0,1,0,69
2026-09-29,https://palworld-chi.vercel.app/en/map,palworld feybreak map,0,1,0,62
2026-09-29,https://palworld-chi.vercel.app/en/map,palworld level map 2026,0,1,0,64
2026-09-29,https://palworld-chi.vercel.app/en/map,palworld map,0,1,0,70
2026-09-29,https://palworld-chi.vercel.app/en/map,팰 지도,0,1,0,65
2026-09-29,https://palworld-chi.vercel.app/en/map,팰지도,0,1,0,66
2026-09-29,https://palworld-chi.vercel.app/en/pal/aegidron,aegidron,0,1,0,21
2026-09-29,https://palworld-chi.vercel.app/en/pal/astegon/location,astegon location,0,3,0,8.7
2026-09-29,https://palworld-chi.vercel.app/en/pal/astegon/location,astegon location palworld,0,2,0,6
2026-09-29,https://palworld-chi.vercel.app/en/pal/astegon/location,astegon spawn,0,2,0,9
2026-09-29,https://palworld-chi.vercel.app/en/pal/astegon/location,astegon spawn location,0,1,0,10
2026-09-29,https://palworld-chi.vercel.app/en/pal/beegarde,beegarde,0,2,0,58
2026-09-29,https://palworld-chi.vercel.app/en/pal/beegarde,palworld beegarde,0,2,0,10
2026-09-29,https://palworld-chi.vercel.app/en/pal/bushi,bushi palworld level,0,1,0,11
2026-09-29,https://palworld-chi.vercel.app/en/pal/bushi,palworld bushi,0,1,0,9
2026-09-29,https://palworld-chi.vercel.app/en/pal/celesdir,celesdir,0,2,0,5.5
2026-09-29,https://palworld-chi.vercel.app/en/pal/cinnamoth,cinnamoth,0,1,0,49
2026-09-29,https://palworld-chi.vercel.app/en/pal/cryolinx-terra,cryolinx palworld breed,0,1,0,17
2026-09-29,https://palworld-chi.vercel.app/en/pal/cryolinx-terra,cryolinx terra breeding,0,1,0,7
2026-09-29,https://palworld-chi.vercel.app/en/pal/cryolinx-terra,cryolinx terra location,0,1,0,52
2026-09-29,https://palworld-chi.vercel.app/en/pal/cryolinx-terra,palworld cryolinx terra location,0,1,0,54
2026-09-29,https://palworld-chi.vercel.app/en/pal/dandilord,dandilord,0,4,0,2.5
2026-09-29,https://palworld-chi.vercel.app/en/pal/dandilord,where to find dandilord,0,1,0,6
2026-09-29,https://palworld-chi.vercel.app/en/pal/dazzi-noct,dazi noct,0,1,0,52
2026-09-29,https://palworld-chi.vercel.app/en/pal/dazzi-noct,palworld dazzi,0,1,0,15
2026-09-29,https://palworld-chi.vercel.app/en/pal/depresso,palworld depresso,0,1,0,35
2026-09-29,https://palworld-chi.vercel.app/en/pal/direhowl/location,direhowl palworld location,0,1,0,10
2026-09-29,https://palworld-chi.vercel.app/en/pal/direhowl/location,palworld direhowl location,0,1,0,11
2026-09-29,https://palworld-chi.vercel.app/en/pal/direhowl/location,where to find direhowl palworld,0,1,0,11
2026-09-29,https://palworld-chi.vercel.app/en/pal/dumud/location,where are dumud,0,1,0,8
2026-09-29,https://palworld-chi.vercel.app/en/pal/dumud/location,where can i find dumud palworld,0,1,0,10
2026-09-29,https://palworld-chi.vercel.app/en/pal/dynamoff,dynamoff,0,6,0,4.7
2026-09-29,https://palworld-chi.vercel.app/en/pal/dynamoff,dynamoff palworld location,0,1,0,4
2026-09-29,https://palworld-chi.vercel.app/en/pal/faleris,faleris palworld,0,1,0,9
2026-09-29,https://palworld-chi.vercel.app/en/pal/flaracle,palworld flaracle,0,1,0,1
2026-09-29,https://palworld-chi.vercel.app/en/pal/foxcicle/location,foxcicle palworld location,0,1,0,53
2026-09-29,https://palworld-chi.vercel.app/en/pal/foxparks,palworld foxparks,0,2,0,16
2026-09-29,https://palworld-chi.vercel.app/en/pal/frostallion-noct/location,frostallion location,0,7,0,14.3
2026-09-29,https://palworld-chi.vercel.app/en/pal/frostallion-noct/location,where is frostallion noct,0,1,0,10
2026-09-29,https://palworld-chi.vercel.app/en/pal/frostplume,frostplume,0,5,0,5
2026-09-29,https://palworld-chi.vercel.app/en/pal/gobfin,gobfin,0,6,0,6.3
2026-09-29,https://palworld-chi.vercel.app/en/pal/gobfin-ignis,gobfin,0,2,0,16.5
2026-09-29,https://palworld-chi.vercel.app/en/pal/hartalis,hartalis,0,4,0,15.5
2026-09-29,https://palworld-chi.vercel.app/en/pal/hartalis,hartalis moves,0,1,0,9
2026-09-29,https://palworld-chi.vercel.app/en/pal/hartalis,hartalis palworld,0,2,0,14.5
2026-09-29,https://palworld-chi.vercel.app/en/pal/helzephyr,helzephyr,0,1,0,10
2026-09-29,https://palworld-chi.vercel.app/en/pal/helzephyr,helzephyr palworld,0,1,0,68
2026-09-29,https://palworld-chi.vercel.app/en/pal/helzephyr,helzypher,0,1,0,9
2026-09-29,https://palworld-chi.vercel.app/en/pal/helzephyr-lux/location,palworld helzephyr lux location,0,1,0,13
2026-09-29,https://palworld-chi.vercel.app/en/pal/helzephyr/location,where to find helzephyr palworld 1.0,0,1,0,10
2026-09-29,https://palworld-chi.vercel.app/en/pal/kitsun-noct,iceberg cave palworld,0,1,0,7
2026-09-29,https://palworld-chi.vercel.app/en/pal/knocklem-ignis,knocklem location,0,1,0,62
2026-09-29,https://palworld-chi.vercel.app/en/pal/lovander,lovander palworld,0,6,0,8.2
2026-09-29,https://palworld-chi.vercel.app/en/pal/lovander,lovender pal,0,1,0,1
2026-09-29,https://palworld-chi.vercel.app/en/pal/maraith,palworld maraith,0,6,0,10
2026-09-29,https://palworld-chi.vercel.app/en/pal/moldron,palworld moldron,0,1,0,51
2026-09-29,https://palworld-chi.vercel.app/en/pal/munchill,munchill palworld,0,1,0,4
2026-09-29,https://palworld-chi.vercel.app/en/pal/ophydia,ophydia,0,1,0,3
2026-09-29,https://palworld-chi.vercel.app/en/pal/ophydia,ophydia build palworld,0,1,0,52
2026-09-29,https://palworld-chi.vercel.app/en/pal/ophydia,ophydia palworld,0,1,0,8
2026-09-29,https://palworld-chi.vercel.app/en/pal/ophydia,palworld ophydia,0,10,0,6.2
2026-09-29,https://palworld-chi.vercel.app/en/pal/panthalus/location,panthalus palworld location,0,1,0,4
2026-09-29,https://palworld-chi.vercel.app/en/pal/penking,palword penking,0,1,0,36
2026-09-29,https://palworld-chi.vercel.app/en/pal/penking,palworld penking alpha,0,1,0,6
2026-09-29,https://palworld-chi.vercel.app/en/pal/penking/location,where to find penkings palworld,0,1,0,8
2026-09-29,https://palworld-chi.vercel.app/en/pal/penking/location,where to get penking palworld,0,1,0,11
2026-09-29,https://palworld-chi.vercel.app/en/pal/petallia/location,petallia palworld 1.0 location,0,1,0,9
2026-09-29,https://palworld-chi.vercel.app/en/pal/prunelia,palworld prunelia location,0,1,0,4
2026-09-29,https://palworld-chi.vercel.app/en/pal/prunelia,prunelia,0,1,0,7
2026-09-29,https://palworld-chi.vercel.app/en/pal/rayhound,rayhound palworld,0,1,0,62
2026-09-29,https://palworld-chi.vercel.app/en/pal/rayhound-cryst,rayhound palworld,0,1,0,75
2026-09-29,https://palworld-chi.vercel.app/en/pal/ribbuny,happy go lucky bunny palworld,0,1,0,9
2026-09-29,https://palworld-chi.vercel.app/en/pal/selyne,selyne palworld,0,1,0,52
2026-09-29,https://palworld-chi.vercel.app/en/pal/shadowbeak,shadowbeak palworld,0,1,0,4
2026-09-29,https://palworld-chi.vercel.app/en/pal/shaolong,shao long palworld,0,1,0,55
2026-09-29,https://palworld-chi.vercel.app/en/pal/shaolong,shaolong,0,1,0,56
2026-09-29,https://palworld-chi.vercel.app/en/pal/shaolong,shaolong palworld,0,1,0,9
2026-09-29,https://palworld-chi.vercel.app/en/pal/shroomer,shroomer terraria,0,1,0,7
2026-09-29,https://palworld-chi.vercel.app/en/pal/sibelyx/location,palworld 1.0 sibelyx location,0,1,0,56
2026-09-29,https://palworld-chi.vercel.app/en/pal/sibelyx/location,sibelyx,0,2,0,13.5
2026-09-29,https://palworld-chi.vercel.app/en/pal/sibelyx/location,sibleyx,0,1,0,77
2026-09-29,https://palworld-chi.vercel.app/en/pal/smokie,palworld smokie,0,9,0,9.1
2026-09-29,https://palworld-chi.vercel.app/en/pal/smokie,smokie palworld,0,1,0,8
2026-09-29,https://palworld-chi.vercel.app/en/pal/sootseer,sooster pal,0,1,0,9
2026-09-29,https://palworld-chi.vercel.app/en/pal/sparkit,palworld sparkit,0,1,0,9
2026-09-29,https://palworld-chi.vercel.app/en/pal/sparkit,sparkit,0,2,0,14.5
2026-09-29,https://palworld-chi.vercel.app/en/pal/tanzee,palworld tanzee,0,1,0,17
2026-09-29,https://palworld-chi.vercel.app/en/pal/tanzee,tanzee pal world,0,1,0,17
2026-09-29,https://palworld-chi.vercel.app/en/pal/tropicaw,palworld tropicaw,0,1,0,32
2026-09-29,https://palworld-chi.vercel.app/en/pal/tropicaw,tropicaw,0,3,0,4
2026-09-29,https://palworld-chi.vercel.app/en/pal/turtacle/breeding,where to find turtacle in palworld,0,1,0,10
2026-09-29,https://palworld-chi.vercel.app/en/pal/univolt-cryst,univolt cryst,0,4,0,2
2026-09-29,https://palworld-chi.vercel.app/en/pal/vanwyrm,vanwyrm palworld location,0,1,0,13
2026-09-30,https://palworld-chi.vercel.app/en/guide/beginner,palworld攻略,0,1,0,10
2026-09-30,https://palworld-chi.vercel.app/en/guide/endgame,paloxite ingot,0,1,0,13
2026-09-30,https://palworld-chi.vercel.app/en/guide/faq,palword base level,0,1,0,60
2026-09-30,https://palworld-chi.vercel.app/en/guide/faq,palworld question,0,1,0,1
2026-09-30,https://palworld-chi.vercel.app/en/guide/materials,paloxite ingot,0,1,0,16
2026-09-30,https://palworld-chi.vercel.app/en/guide/money,palworld best way to make money,0,1,0,20
2026-09-30,https://palworld-chi.vercel.app/en/guide/money,palworld easy money,0,1,0,1
2026-09-30,https://palworld-chi.vercel.app/en/guide/money,palworld gold farm early game,0,1,0,28
2026-09-30,https://palworld-chi.vercel.app/en/guide/money,palworld money farm,0,2,0,8
2026-09-30,https://palworld-chi.vercel.app/en/guide/world-tree,palworld world tree all bosses,0,1,0,11
2026-09-30,https://palworld-chi.vercel.app/en/guide/world-tree,palworld world tree boss,0,3,0,10
2026-09-30,https://palworld-chi.vercel.app/en/guide/world-tree,palworld world tree boss locations,0,1,0,10
2026-09-30,https://palworld-chi.vercel.app/en/guide/world-tree,palworld world tree bosses,0,3,0,7.3
2026-09-30,https://palworld-chi.vercel.app/en/guide/world-tree,palworld world tree forbidden laboratory boss,0,1,0,1
2026-09-30,https://palworld-chi.vercel.app/en/guide/world-tree,palworld world tree mist,0,1,0,11
2026-09-30,https://palworld-chi.vercel.app/en/guide/world-tree,world tree boss palworld,0,1,0,9
2026-09-30,https://palworld-chi.vercel.app/en/guide/world-tree,world tree bosses,0,2,0,6.5
2026-09-30,https://palworld-chi.vercel.app/en/guide/world-tree,world tree bosses palworld,0,3,0,8
2026-09-30,https://palworld-chi.vercel.app/en/guide/world-tree,world tree guardian palworld,0,3,0,9
2026-09-30,https://palworld-chi.vercel.app/en/guide/world-tree,world tree palworld bosses,0,1,0,1
2026-09-30,https://palworld-chi.vercel.app/en/item/blueprint-otomo-dfearth-elementboost-1,palworld anubis's talisman,0,1,0,9
2026-09-30,https://palworld-chi.vercel.app/en/item/otomo-dfelectricity-elementboost-1,palworld otomo,0,1,0,7
2026-09-30,https://palworld-chi.vercel.app/en/map,pal world full map,0,1,0,66
2026-09-30,https://palworld-chi.vercel.app/en/map,palworld map,0,1,0,66
2026-09-30,https://palworld-chi.vercel.app/en/map,팰월드 볼젝스 위치,0,1,0,66
2026-09-30,https://palworld-chi.vercel.app/en/pal/aegidron,aegidron,0,1,0,53
2026-09-30,https://palworld-chi.vercel.app/en/pal/astegon/location,astegon location,0,3,0,9.7
2026-09-30,https://palworld-chi.vercel.app/en/pal/astegon/location,astegon palworld location,0,1,0,10
2026-09-30,https://palworld-chi.vercel.app/en/pal/azurobe-cryst,azurobe cryst location,0,1,0,2
2026-09-30,https://palworld-chi.vercel.app/en/pal/azurobe-cryst,palworld azurobe,0,1,0,10
2026-09-30,https://palworld-chi.vercel.app/en/pal/beegarde,beegarde palworld,0,1,0,18
2026-09-30,https://palworld-chi.vercel.app/en/pal/bellanoir-libero,bellanoir libero breed,0,1,0,18
2026-09-30,https://palworld-chi.vercel.app/en/pal/bellanoir-libero,bellanoir libero breeding,0,3,0,10.3
2026-09-30,https://palworld-chi.vercel.app/en/pal/bulldosu,bulldosu,0,1,0,32
2026-09-30,https://palworld-chi.vercel.app/en/pal/chillet,chillet palworld,0,2,0,4
2026-09-30,https://palworld-chi.vercel.app/en/pal/cinnamoth,palworld moth,0,1,0,11
2026-09-30,https://palworld-chi.vercel.app/en/pal/cryolinx-terra,cryolinx terra,0,5,0,6.2
2026-09-30,https://palworld-chi.vercel.app/en/pal/cryolinx-terra,cryolinx terra palworld,0,1,0,54
2026-09-30,https://palworld-chi.vercel.app/en/pal/dandilord,dandelord palworld,0,1,0,52
2026-09-30,https://palworld-chi.vercel.app/en/pal/dandilord,dandilord pal,0,1,0,52
2026-09-30,https://palworld-chi.vercel.app/en/pal/dandilord,dandilord palworld,0,2,0,2.5
2026-09-30,https://palworld-chi.vercel.app/en/pal/dazzi-noct,palworld dazzi,0,1,0,17
2026-09-30,https://palworld-chi.vercel.app/en/pal/depresso,depresso palworld,0,1,0,29
2026-09-30,https://palworld-chi.vercel.app/en/pal/dumud/location,where to catch dumud,0,1,0,51
2026-09-30,https://palworld-chi.vercel.app/en/pal/dynamoff,dynamoff location,0,2,0,4
2026-09-30,https://palworld-chi.vercel.app/en/pal/dynamoff,dynamoff location palworld,0,1,0,48
2026-09-30,https://palworld-chi.vercel.app/en/pal/dynamoff,dynamoth,0,1,0,60
2026-09-30,https://palworld-chi.vercel.app/en/pal/eidrolon/location,eidrolon location palworld,0,1,0,43
2026-09-30,https://palworld-chi.vercel.app/en/pal/elphidran-aqua,elphidran aqua,0,1,0,4
2026-09-30,https://palworld-chi.vercel.app/en/pal/elphidran-aqua,elphidran aqua palworld,0,1,0,63
2026-09-30,https://palworld-chi.vercel.app/en/pal/elphidran-aqua,palworld elphidran aqua,0,4,0,10.2
2026-09-30,https://palworld-chi.vercel.app/en/pal/faleris,faleris,0,1,0,11
2026-09-30,https://palworld-chi.vercel.app/en/pal/foxparks,palworld foxparks,0,1,0,1
2026-09-30,https://palworld-chi.vercel.app/en/pal/frostallion-noct/location,frostalion noct palworld,0,1,0,63
2026-09-30,https://palworld-chi.vercel.app/en/pal/frostallion-noct/location,frostallion location,0,4,0,14.8
2026-09-30,https://palworld-chi.vercel.app/en/pal/frostallion-noct/location,where to find frostallion noct,0,1,0,7
2026-09-30,https://palworld-chi.vercel.app/en/pal/frostplume,frostplume,0,10,0,4.1
2026-09-30,https://palworld-chi.vercel.app/en/pal/galeclaw,palworld galeclaw,0,5,0,1.2
2026-09-30,https://palworld-chi.vercel.app/en/pal/gobfin,gobfin,0,11,0,4.4
2026-09-30,https://palworld-chi.vercel.app/en/pal/gobfin,palworld gobfin,0,7,0,4.7
2026-09-30,https://palworld-chi.vercel.app/en/pal/gobfin-ignis,gobfin,0,3,0,11
2026-09-30,https://palworld-chi.vercel.app/en/pal/gobfin-ignis,gobfin palworld,0,1,0,55
2026-09-30,https://palworld-chi.vercel.app/en/pal/hartalis,hartalis,0,1,0,25
2026-09-30,https://palworld-chi.vercel.app/en/pal/hartalis,hartalis palworld,0,3,0,13
2026-09-30,https://palworld-chi.vercel.app/en/pal/hartalis,hertalis pal,0,1,0,11
2026-09-30,https://palworld-chi.vercel.app/en/pal/hartalis,what type is hartalis,0,2,0,11
2026-09-30,https://palworld-chi.vercel.app/en/pal/helzephyr,helzephyr location palworld,0,1,0,75
2026-09-30,https://palworld-chi.vercel.app/en/pal/helzephyr/location,helzephyr location palworld,0,1,0,63
2026-09-30,https://palworld-chi.vercel.app/en/pal/herbil,herbil,0,1,0,15
2026-09-30,https://palworld-chi.vercel.app/en/pal/jolthog-cryst,palworld jolthog,0,1,0,8
2026-09-30,https://palworld-chi.vercel.app/en/pal/knocklem,how to breed knocklem palworld,0,2,0,26
2026-09-30,https://palworld-chi.vercel.app/en/pal/knocklem,knocklem,0,1,0,24
2026-09-30,https://palworld-chi.vercel.app/en/pal/lovander,lovander palworld,0,9,0,6
2026-09-30,https://palworld-chi.vercel.app/en/pal/lovander,palworld lovander,0,2,0,68
2026-09-30,https://palworld-chi.vercel.app/en/pal/lyleen/breeding,breed lyleen palworld,0,1,0,66
2026-09-30,https://palworld-chi.vercel.app/en/pal/maraith,palworld maraith,0,7,0,11.6
2026-09-30,https://palworld-chi.vercel.app/en/pal/ophydia,ophydia,0,3,0,5.7
2026-09-30,https://palworld-chi.vercel.app/en/pal/penking,penking pal,0,1,0,4
2026-09-30,https://palworld-chi.vercel.app/en/pal/petallia-ignis,palworld petallia ignis,0,1,0,39
2026-09-30,https://palworld-chi.vercel.app/en/pal/quivern,quivern palworld,0,1,0,22
2026-09-30,https://palworld-chi.vercel.app/en/pal/rayhound,rayhound,0,1,0,67
2026-09-30,https://palworld-chi.vercel.app/en/pal/reptyro-cryst,reptyro cryst,0,1,0,9
2026-09-30,https://palworld-chi.vercel.app/en/pal/reptyro/location,reptyro palworld location,0,1,0,2
2026-09-30,https://palworld-chi.vercel.app/en/pal/ribbuny,palworld ribbuny,0,1,0,7
2026-09-30,https://palworld-chi.vercel.app/en/pal/shadowbeak,palworld best skills for shadowbeak,0,1,0,7
2026-09-30,https://palworld-chi.vercel.app/en/pal/shaolong,shaolong palworld,0,1,0,11
2026-09-30,https://palworld-chi.vercel.app/en/pal/shroomer,shroomer,0,3,0,12
2026-09-30,https://palworld-chi.vercel.app/en/pal/sparkit,how to get sparkit palworld,0,1,0,11
2026-09-30,https://palworld-chi.vercel.app/en/pal/sparkit,palworld sparkit,0,4,0,10.2
2026-09-30,https://palworld-chi.vercel.app/en/pal/tanzee,palworld tanzee,0,1,0,20
2026-09-30,https://palworld-chi.vercel.app/en/pal/tanzee,tanzee pal world,0,1,0,15
2026-09-30,https://palworld-chi.vercel.app/en/pal/vanwyrm,palworld vanwyrm,0,1,0,4
2026-09-30,https://palworld-chi.vercel.app/en/pal/venusa,venusa,0,1,0,10
2026-09-30,https://palworld-chi.vercel.app/en/pal/xenolord,palworld no 196,0,1,0,10
2026-10-01,https://palworld-chi.vercel.app/en/guide/endgame,endgame,0,1,0,1
2026-10-01,https://palworld-chi.vercel.app/en/guide/endgame,palworld best end game armor,0,1,0,17
2026-10-01,https://palworld-chi.vercel.app/en/guide/endgame,palworld end game guide,0,1,0,5
2026-10-01,https://palworld-chi.vercel.app/en/guide/endgame,palworld endgame checklist,0,1,0,8
2026-10-01,https://palworld-chi.vercel.app/en/guide/money,money palworld,0,1,0,9
2026-10-01,https://palworld-chi.vercel.app/en/guide/money,palworld money farm,0,1,0,10
2026-10-01,https://palworld-chi.vercel.app/en/guide/world-tree,boss world tree palworld,0,1,0,8
2026-10-01,https://palworld-chi.vercel.app/en/guide/world-tree,deserted islet palworld,0,1,0,5
2026-10-01,https://palworld-chi.vercel.app/en/guide/world-tree,in the world tree,0,1,0,13
2026-10-01,https://palworld-chi.vercel.app/en/guide/world-tree,palworld world tree boss,0,1,0,11
2026-10-01,https://palworld-chi.vercel.app/en/guide/world-tree,palworld world tree bosses,0,6,0,6.8
2026-10-01,https://palworld-chi.vercel.app/en/guide/world-tree,palworld world tree level,0,2,0,6
2026-10-01,https://palworld-chi.vercel.app/en/guide/world-tree,palworld world tree mini bosses,0,2,0,3.5
2026-10-01,https://palworld-chi.vercel.app/en/guide/world-tree,world tree bosses,0,1,0,10
2026-10-01,https://palworld-chi.vercel.app/en/guide/world-tree,world tree bosses palworld,0,3,0,6.3
2026-10-01,https://palworld-chi.vercel.app/en/guide/world-tree,world tree level palworld,0,1,0,10
2026-10-01,https://palworld-chi.vercel.app/en/guide/world-tree,world tree mini bosses palworld,0,2,0,4.5
2026-10-01,https://palworld-chi.vercel.app/en/item/meat-grassmammoth,mamorest meat palworld,0,1,0,10
2026-10-01,https://palworld-chi.vercel.app/en/item/meat-grassmammoth,palworld mammorest meat,0,1,0,58
2026-10-01,https://palworld-chi.vercel.app/en/map,azufre palworld mapa,0,1,0,59
2026-10-01,https://palworld-chi.vercel.app/en/map,palworld 1.0 map interactive,0,1,0,67
2026-10-01,https://palworld-chi.vercel.app/en/map,palworld interactive map,0,1,0,72
2026-10-01,https://palworld-chi.vercel.app/en/map,palworld interactive map 1.0,0,1,0,57
2026-10-01,https://palworld-chi.vercel.app/en/map,palworld level map,0,1,0,71
2026-10-01,https://palworld-chi.vercel.app/en/map,palworld map,0,2,0,70.5
2026-10-01,https://palworld-chi.vercel.app/en/pal/aegidron,aegidron,0,1,0,41
2026-10-01,https://palworld-chi.vercel.app/en/pal/aegidron,aegidron location,0,1,0,49
2026-10-01,https://palworld-chi.vercel.app/en/pal/aegidron,aegidron palworld,0,1,0,61
2026-10-01,https://palworld-chi.vercel.app/en/pal/astegon/location,astegon,0,1,0,66
2026-10-01,https://palworld-chi.vercel.app/en/pal/astegon/location,astegon location,0,2,0,8
2026-10-01,https://palworld-chi.vercel.app/en/pal/astegon/location,astegon location palworld,0,1,0,9
2026-10-01,https://palworld-chi.vercel.app/en/pal/astegon/location,astegon palworld location,0,1,0,52
2026-10-01,https://palworld-chi.vercel.app/en/pal/astegon/location,astegon spawn location,0,1,0,11
2026-10-01,https://palworld-chi.vercel.app/en/pal/astegon/location,astegon spawn palworld,0,1,0,6
2026-10-01,https://palworld-chi.vercel.app/en/pal/astegon/location,palworld astegon location,0,1,0,10
2026-10-01,https://palworld-chi.vercel.app/en/pal/azurobe-cryst,azurobe,0,2,0,63
2026-10-01,https://palworld-chi.vercel.app/en/pal/bulldosu,palworld bulldosu,0,1,0,22
2026-10-01,https://palworld-chi.vercel.app/en/pal/celesdir,celesdir palworld,0,1,0,47
2026-10-01,https://palworld-chi.vercel.app/en/pal/chillet,palworld chillet,0,1,0,34
2026-10-01,https://palworld-chi.vercel.app/en/pal/cryolinx-terra,cryolinx terra,0,5,0,7.6
2026-10-01,https://palworld-chi.vercel.app/en/pal/dandilord,dandilord,0,1,0,3
2026-10-01,https://palworld-chi.vercel.app/en/pal/dandilord,dandilord breed,0,1,0,8
2026-10-01,https://palworld-chi.vercel.app/en/pal/dandilord,dandilord location palworld,0,1,0,11
2026-10-01,https://palworld-chi.vercel.app/en/pal/dazzi-noct,dazzi noct location,0,1,0,52
2026-10-01,https://palworld-chi.vercel.app/en/pal/direhowl/location,direhowl location palworld 1.0,0,1,0,11
2026-10-01,https://palworld-chi.vercel.app/en/pal/dynamoff,dynamoff location palworld,0,1,0,4
2026-10-01,https://palworld-chi.vercel.app/en/pal/dynamoff,dynamoff palworld,0,1,0,6
2026-10-01,https://palworld-chi.vercel.app/en/pal/elphidran-aqua,elphidran aqua,0,1,0,8
2026-10-01,https://palworld-chi.vercel.app/en/pal/elphidran-aqua,elphidran spawn,0,1,0,10
2026-10-01,https://palworld-chi.vercel.app/en/pal/faleris,faleris,0,1,0,58
2026-10-01,https://palworld-chi.vercel.app/en/pal/faleris,faleris palworld,0,1,0,51
2026-10-01,https://palworld-chi.vercel.app/en/pal/faleris,palworld faleris,0,1,0,49
2026-10-01,https://palworld-chi.vercel.app/en/pal/frostallion-noct/location,palworld frostallion noct,0,1,0,75
2026-10-01,https://palworld-chi.vercel.app/en/pal/frostallion-noct/location,palworld frostallion noct location,0,1,0,4
2026-10-01,https://palworld-chi.vercel.app/en/pal/frostallion-noct/location,where is frostallion noct,0,1,0,9
2026-10-01,https://palworld-chi.vercel.app/en/pal/frostallion-noct/location,where to find frostallion noct,0,4,0,10
2026-10-01,https://palworld-chi.vercel.app/en/pal/gildra,gildra palworld,0,1,0,29
2026-10-01,https://palworld-chi.vercel.app/en/pal/gobfin,gobfin,0,2,0,11
2026-10-01,https://palworld-chi.vercel.app/en/pal/hartalis,hartalis,0,1,0,11
2026-10-01,https://palworld-chi.vercel.app/en/pal/hartalis,hartalis typing,0,1,0,8
2026-10-01,https://palworld-chi.vercel.app/en/pal/hartalis,what type is hartalis,0,1,0,11
2026-10-01,https://palworld-chi.vercel.app/en/pal/helzephyr,helzephyr palworld,0,1,0,28
2026-10-01,https://palworld-chi.vercel.app/en/pal/helzephyr-lux/location,where to find helzephyr palworld,0,1,0,56
2026-10-01,https://palworld-chi.vercel.app/en/pal/helzephyr/location,helzephyr palworld,0,1,0,19
2026-10-01,https://palworld-chi.vercel.app/en/pal/katress-ignis/location,katress ignis where,0,1,0,4
2026-10-01,https://palworld-chi.vercel.app/en/pal/kingpaca-cryst,palworld no 21b,0,1,0,8
2026-10-01,https://palworld-chi.vercel.app/en/pal/knocklem,knocklem,0,2,0,9
2026-10-01,https://palworld-chi.vercel.app/en/pal/lunaris,palworld lunaris weakness,0,1,0,5
2026-10-01,https://palworld-chi.vercel.app/en/pal/lyleen/breeding,lyleen breeding,0,1,0,5
2026-10-01,https://palworld-chi.vercel.app/en/pal/munchill,palworld munchill,0,1,0,47
2026-10-01,https://palworld-chi.vercel.app/en/pal/ophydia,ophydia,0,1,0,42
2026-10-01,https://palworld-chi.vercel.app/en/pal/penking/location,penking locations,0,1,0,2
2026-10-01,https://palworld-chi.vercel.app/en/pal/penking/location,where to find penking palworld,0,1,0,10
2026-10-01,https://palworld-chi.vercel.app/en/pal/prunelia,prunelia,0,1,0,52
2026-10-01,https://palworld-chi.vercel.app/en/pal/prunelia,prunelia palworld,0,1,0,6
2026-10-01,https://palworld-chi.vercel.app/en/pal/rayhound,rayhound palworld location map,0,1,0,60
2026-10-01,https://palworld-chi.vercel.app/en/pal/reptyro-cryst,reptyro cryst,0,1,0,8
2026-10-01,https://palworld-chi.vercel.app/en/pal/reptyro/location,palworld 1.0 reptyro location,0,2,0,10
2026-10-01,https://palworld-chi.vercel.app/en/pal/reptyro/location,reptyro location,0,1,0,55
2026-10-01,https://palworld-chi.vercel.app/en/pal/reptyro/location,where to find reptyro palworld,0,1,0,9
2026-10-01,https://palworld-chi.vercel.app/en/pal/reptyro/location,where to get reptyro palworld,0,1,0,8
2026-10-01,https://palworld-chi.vercel.app/en/pal/selyne,selyne,0,1,0,54
2026-10-01,https://palworld-chi.vercel.app/en/pal/shadowbeak,shadowbeak,0,1,0,39
2026-10-01,https://palworld-chi.vercel.app/en/pal/shadowbeak,shadowbeak palworld,0,1,0,62
2026-10-01,https://palworld-chi.vercel.app/en/pal/shroomer,shroomer,0,4,0,12.8
2026-10-01,https://palworld-chi.vercel.app/en/pal/skutlass,skutlass,0,1,0,43
2026-10-01,https://palworld-chi.vercel.app/en/pal/snock-lux,snock lux,0,1,0,1
2026-10-01,https://palworld-chi.vercel.app/en/pal/sparkit,where to find sparkit palworld,0,1,0,56
2026-10-01,https://palworld-chi.vercel.app/en/pal/splatterina,how to breed splatterina,0,1,0,52
2026-10-01,https://palworld-chi.vercel.app/en/pal/univolt-cryst,pal 54b,0,1,0,7
2026-10-01,https://palworld-chi.vercel.app/en/pal/univolt-cryst,univolt cryst location,0,1,0,45
2026-10-01,https://palworld-chi.vercel.app/en/pal/univolt-cryst,univolt cryst palworld,0,1,0,39
2026-10-01,https://palworld-chi.vercel.app/en/pal/vanwyrm-cryst,vanwyrm,0,1,0,17
2026-10-01,https://palworld-chi.vercel.app/en/pal/warsect,warsect weakness,0,1,0,6
2026-10-01,https://palworld-chi.vercel.app/en/pal/warsect-terra,warsect vs warsect terra,0,1,0,22
2026-10-01,https://palworld-chi.vercel.app/en/pal/warsect-terra,warsect weakness,0,1,0,73
2026-10-01,https://palworld-chi.vercel.app/en/pal/whalaska-ignis,whalaska ignis drops,0,1,0,7
2026-10-01,https://palworld-chi.vercel.app/en/pal/whalaska-ignis,whalaska palworld,0,1,0,60
2026-10-02,https://palworld-chi.vercel.app/en/guide/endgame,palworld end game materials,0,1,0,4
2026-10-02,https://palworld-chi.vercel.app/en/guide/endgame,palworld endgame,0,1,0,9
2026-10-02,https://palworld-chi.vercel.app/en/guide/endgame,palworld endgame checklist,0,1,0,7
2026-10-02,https://palworld-chi.vercel.app/en/guide/money,money farm palworld,0,1,0,8
2026-10-02,https://palworld-chi.vercel.app/en/guide/money,palworld money farm,0,4,0,12.8
2026-10-02,https://palworld-chi.vercel.app/en/guide/money,palworld money farm 2026,0,1,0,8
2026-10-02,https://palworld-chi.vercel.app/en/guide/world-tree,all bosses world tree palworld,0,1,0,10
2026-10-02,https://palworld-chi.vercel.app/en/guide/world-tree,how hard is it,0,1,0,2
2026-10-02,https://palworld-chi.vercel.app/en/guide/world-tree,otherworldly cells palworld,0,1,0,33
2026-10-02,https://palworld-chi.vercel.app/en/guide/world-tree,palworld deserted islet,0,1,0,8
2026-10-02,https://palworld-chi.vercel.app/en/guide/world-tree,palworld world tree,0,1,0,45
2026-10-02,https://palworld-chi.vercel.app/en/guide/world-tree,palworld world tree boss,0,1,0,11
2026-10-02,https://palworld-chi.vercel.app/en/guide/world-tree,palworld world tree boss locations,0,1,0,8
2026-10-02,https://palworld-chi.vercel.app/en/guide/world-tree,palworld world tree boss weakness,0,1,0,10
2026-10-02,https://palworld-chi.vercel.app/en/guide/world-tree,palworld world tree bosses,0,8,0,7.4
2026-10-02,https://palworld-chi.vercel.app/en/guide/world-tree,palworld world tree level,0,1,0,6
2026-10-02,https://palworld-chi.vercel.app/en/guide/world-tree,rotmist root palworld,0,1,0,4
2026-10-02,https://palworld-chi.vercel.app/en/guide/world-tree,where is the deserted islet in palworld,0,1,0,9
2026-10-02,https://palworld-chi.vercel.app/en/guide/world-tree,world tree boss palworld,0,2,0,10
2026-10-02,https://palworld-chi.vercel.app/en/guide/world-tree,world tree bosses,0,3,0,7.7
2026-10-02,https://palworld-chi.vercel.app/en/guide/world-tree,world tree bosses palworld,0,3,0,10.3
2026-10-02,https://palworld-chi.vercel.app/en/guide/world-tree,world tree field bosses,0,1,0,4
2026-10-02,https://palworld-chi.vercel.app/en/guide/world-tree,world tree palworld bosses,0,1,0,5
2026-10-02,https://palworld-chi.vercel.app/en/guide/world-tree,world tree palworld wiki,0,1,0,9
2026-10-02,https://palworld-chi.vercel.app/en/item/blueprint-energyshotgun-4,palworld energy shotgun schematic,0,1,0,12
2026-10-02,https://palworld-chi.vercel.app/en/item/cloth2,primo-tcg-website.vercel.app,0,1,0,54
2026-10-02,https://palworld-chi.vercel.app/en/item/meat-grassmammoth,mammorest meat,0,1,0,65
2026-10-02,https://palworld-chi.vercel.app/en/map,mapa de palword,0,1,0,66
2026-10-02,https://palworld-chi.vercel.app/en/map,pal map,0,1,0,56
2026-10-02,https://palworld-chi.vercel.app/en/map,pal world map levels,0,1,0,73
2026-10-02,https://palworld-chi.vercel.app/en/map,palworld feybreak dungeon map,0,1,0,77
2026-10-02,https://palworld-chi.vercel.app/en/map,palworld interactive map 1.0,0,1,0,58
2026-10-02,https://palworld-chi.vercel.app/en/map,palworld map,0,1,0,69
2026-10-02,https://palworld-chi.vercel.app/en/map,palworld salvage map,0,1,0,65
2026-10-02,https://palworld-chi.vercel.app/en/map,primo-tcg-website.vercel.app,0,1,0,98
2026-10-02,https://palworld-chi.vercel.app/en/pal/astegon/location,astegon location,0,2,0,7
2026-10-02,https://palworld-chi.vercel.app/en/pal/bellanoir-libero,bellanoir libero gender,0,1,0,10
2026-10-02,https://palworld-chi.vercel.app/en/pal/blazamut,blazamut,0,1,0,66
2026-10-02,https://palworld-chi.vercel.app/en/pal/bushi,bushi noct alpha location,0,3,0,8.7
2026-10-02,https://palworld-chi.vercel.app/en/pal/bushi,bushi pal world,0,1,0,16
2026-10-02,https://palworld-chi.vercel.app/en/pal/bushi,bushi palworld,0,1,0,9
2026-10-02,https://palworld-chi.vercel.app/en/pal/bushi,palworld bushi,0,1,0,11
2026-10-02,https://palworld-chi.vercel.app/en/pal/cattiva,cattiva palworld,0,1,0,5
2026-10-02,https://palworld-chi.vercel.app/en/pal/celesdir,celesdir noct stats,0,1,0,4
2026-10-02,https://palworld-chi.vercel.app/en/pal/celesdir,how to breed celesdir noct palworld,0,1,0,63
2026-10-02,https://palworld-chi.vercel.app/en/pal/celesdir,palworld celesdir boss location,0,1,0,64
2026-10-02,https://palworld-chi.vercel.app/en/pal/celesdir,primo-tcg-website.vercel.app,0,1,0,29
2026-10-02,https://palworld-chi.vercel.app/en/pal/chillet,palworld chillet breeding combinations,0,1,0,73
2026-10-02,https://palworld-chi.vercel.app/en/pal/cinnamoth,cineot palworld,0,2,0,45
2026-10-02,https://palworld-chi.vercel.app/en/pal/croajiro-noct,croajiro noct,0,2,0,40.5
2026-10-02,https://palworld-chi.vercel.app/en/pal/dandilord,dandilord,0,2,0,6.5
2026-10-02,https://palworld-chi.vercel.app/en/pal/dandilord,dandilord palworld,0,1,0,3
2026-10-02,https://palworld-chi.vercel.app/en/pal/dandilord,dandilord palworld location,0,1,0,79
2026-10-02,https://palworld-chi.vercel.app/en/pal/dandilord,dandilord:,0,1,0,55
2026-10-02,https://palworld-chi.vercel.app/en/pal/depresso,depresso location palworld,0,1,0,73
2026-10-02,https://palworld-chi.vercel.app/en/pal/depresso,depresso pal,0,1,0,10
2026-10-02,https://palworld-chi.vercel.app/en/pal/depresso,depresso spawn location,0,1,0,70
2026-10-02,https://palworld-chi.vercel.app/en/pal/direhowl/location,palworld direhowl location,0,9,0,14.6
2026-10-02,https://palworld-chi.vercel.app/en/pal/direhowl/location,where to catch direhowl,0,1,0,9
2026-10-02,https://palworld-chi.vercel.app/en/pal/dynamoff,dynamoff,0,1,0,44
2026-10-02,https://palworld-chi.vercel.app/en/pal/dynamoff,palworld dynamoff,0,2,0,5.5
2026-10-02,https://palworld-chi.vercel.app/en/pal/faleris,faleris,0,3,0,44.7
2026-10-02,https://palworld-chi.vercel.app/en/pal/foxparks,palworld foxparks,0,1,0,1
2026-10-02,https://palworld-chi.vercel.app/en/pal/frostallion-noct/location,frostallion noct,0,1,0,69
2026-10-02,https://palworld-chi.vercel.app/en/pal/frostallion-noct/location,frostallion noct location,0,1,0,11
2026-10-02,https://palworld-chi.vercel.app/en/pal/frostallion-noct/location,frostallion noct.,0,2,0,69.5
2026-10-02,https://palworld-chi.vercel.app/en/pal/frostallion-noct/location,where to find frostallion noct,0,2,0,6.5
2026-10-02,https://palworld-chi.vercel.app/en/pal/gobfin,gobfin,0,1,0,1
2026-10-02,https://palworld-chi.vercel.app/en/pal/gobfin,palworld gobfin,0,4,0,6
2026-10-02,https://palworld-chi.vercel.app/en/pal/gobfin-ignis,palworld gobfin,0,1,0,18
2026-10-02,https://palworld-chi.vercel.app/en/pal/gobfin-ignis,palworld gobfin ignis,0,1,0,9
2026-10-02,https://palworld-chi.vercel.app/en/pal/hartalis,"""hartalis"" palworld",0,1,0,4
2026-10-02,https://palworld-chi.vercel.app/en/pal/hartalis,hartalis,0,2,0,41
2026-10-02,https://palworld-chi.vercel.app/en/pal/hartalis,hartalis palworld,0,1,0,23
2026-10-02,https://palworld-chi.vercel.app/en/pal/hartalis,palworld hartalis,0,1,0,25
2026-10-02,https://palworld-chi.vercel.app/en/pal/helzephyr,helzephyr palworld,0,1,0,83
2026-10-02,https://palworld-chi.vercel.app/en/pal/herbil,herbil palworld location,0,1,0,52
2026-10-02,https://palworld-chi.vercel.app/en/pal/katress-ignis/location,palworld 1.0 katress ignis location,0,1,0,58
2026-10-02,https://palworld-chi.vercel.app/en/pal/katress-ignis/location,palworld katress ignis,0,3,0,9.3
2026-10-02,https://palworld-chi.vercel.app/en/pal/knocklem,knocklem,0,1,0,11
2026-10-02,https://palworld-chi.vercel.app/en/pal/lapure,leapur palworld,0,1,0,11
2026-10-02,https://palworld-chi.vercel.app/en/pal/lapure,palworld 1.0 lapure,0,1,0,58
2026-10-02,https://palworld-chi.vercel.app/en/pal/lapure,primo-tcg-website.vercel.app,0,1,0,50
2026-10-02,https://palworld-chi.vercel.app/en/pal/lifmunk/breeding,primo-tcg-website.vercel.app,0,2,0,27
2026-10-02,https://palworld-chi.vercel.app/en/pal/lovander,lovander,0,3,0,46.3
2026-10-02,https://palworld-chi.vercel.app/en/pal/lovander,lovander palworld,0,2,0,37
2026-10-02,https://palworld-chi.vercel.app/en/pal/lyleen/breeding,primo-tcg-website.vercel.app,0,2,0,6.5
2026-10-02,https://palworld-chi.vercel.app/en/pal/munchill,munchill palworld,0,6,0,4.8
2026-10-02,https://palworld-chi.vercel.app/en/pal/ophydia,odia palworld,0,1,0,9
2026-10-02,https://palworld-chi.vercel.app/en/pal/ophydia,ophydia,0,4,0,3.8
2026-10-02,https://palworld-chi.vercel.app/en/pal/ophydia,ophydia location palworld,0,1,0,48
2026-10-02,https://palworld-chi.vercel.app/en/pal/pengullet,pal let,0,1,0,8
2026-10-02,https://palworld-chi.vercel.app/en/pal/penking,palworld penking plume,0,1,0,55
2026-10-02,https://palworld-chi.vercel.app/en/pal/penking,penking pal,0,1,0,8
2026-10-02,https://palworld-chi.vercel.app/en/pal/penking,penking spawn location palworld,0,1,0,69
2026-10-02,https://palworld-chi.vercel.app/en/pal/penking/location,palworld penking location map,0,1,0,57
2026-10-02,https://palworld-chi.vercel.app/en/pal/penking/location,penking spawn location palworld,0,1,0,53
2026-10-02,https://palworld-chi.vercel.app/en/pal/petallia-ignis,petallia ignis,0,1,0,32
2026-10-02,https://palworld-chi.vercel.app/en/pal/rayhound,palworld rayhound breeding,0,1,0,57
2026-10-02,https://palworld-chi.vercel.app/en/pal/rayhound,rayhound palworld,0,1,0,62
2026-10-02,https://palworld-chi.vercel.app/en/pal/rayhound-cryst,rayhound palworld,0,1,0,74
2026-10-02,https://palworld-chi.vercel.app/en/pal/reptyro,reptyro,0,1,0,20
2026-10-02,https://palworld-chi.vercel.app/en/pal/reptyro-cryst,palworld reptyro cryst location map,0,1,0,52
2026-10-02,https://palworld-chi.vercel.app/en/pal/reptyro-cryst,reptyro cryst,0,1,0,76
2026-10-02,https://palworld-chi.vercel.app/en/pal/reptyro/location,reptyro,0,1,0,22
2026-10-02,https://palworld-chi.vercel.app/en/pal/ribbuny,primo-tcg-website.vercel.app,0,1,0,15
2026-10-02,https://palworld-chi.vercel.app/en/pal/selyne,palworld selyne,0,1,0,52
2026-10-02,https://palworld-chi.vercel.app/en/pal/selyne,selyne palworld,0,1,0,50
2026-10-02,https://palworld-chi.vercel.app/en/pal/shadowbeak,shadowbeak,0,2,0,64.5
2026-10-02,https://palworld-chi.vercel.app/en/pal/shadowbeak,shadowbeak palworld,0,2,0,36.5
2026-10-02,https://palworld-chi.vercel.app/en/pal/shaolong,palworld shaolong,0,1,0,41
2026-10-02,https://palworld-chi.vercel.app/en/pal/shaolong,shaolong breeding,0,2,0,9
2026-10-02,https://palworld-chi.vercel.app/en/pal/shaolong,shaolong location,0,1,0,53
2026-10-02,https://palworld-chi.vercel.app/en/pal/skutlass,skutlass palworld,0,2,0,22
2026-10-02,https://palworld-chi.vercel.app/en/pal/smokie,where to find smokie palworld,0,1,0,59
2026-10-02,https://palworld-chi.vercel.app/en/pal/sparkit,sparkit,0,1,0,19
2026-10-02,https://palworld-chi.vercel.app/en/pal/starryon,primo-tcg-website.vercel.app,0,1,0,59
2026-10-02,https://palworld-chi.vercel.app/en/pal/tropicaw,tropicaw,0,3,0,4.3
2026-10-02,https://palworld-chi.vercel.app/en/pal/turtacle/breeding,palworld turtacle location,0,2,0,84.5
2026-10-02,https://palworld-chi.vercel.app/en/pal/turtacle/breeding,primo-tcg-website.vercel.app,0,1,0,13
2026-10-03,https://palworld-chi.vercel.app/en/guide/endgame,endgame,0,1,0,3
2026-10-03,https://palworld-chi.vercel.app/en/guide/endgame,palworld end game gear,0,1,0,4
2026-10-03,https://palworld-chi.vercel.app/en/guide/endgame,palworld end game guide,0,1,0,8
2026-10-03,https://palworld-chi.vercel.app/en/guide/endgame,palworld endgame guide,0,1,0,5
2026-10-03,https://palworld-chi.vercel.app/en/guide/faq,how much would cost,0,1,0,4
2026-10-03,https://palworld-chi.vercel.app/en/guide/faq,palword site,0,2,0,74
2026-10-03,https://palworld-chi.vercel.app/en/guide/faq,palworld ps4 download,0,1,0,1
2026-10-03,https://palworld-chi.vercel.app/en/guide/materials,palworld how to get chromium,0,1,0,26
2026-10-03,https://palworld-chi.vercel.app/en/guide/money,palworld get money fast,0,1,0,8
2026-10-03,https://palworld-chi.vercel.app/en/guide/money,palworld how to farm money,0,1,0,9
2026-10-03,https://palworld-chi.vercel.app/en/guide/world-tree,all bosses in world tree palworld,0,2,0,7
2026-10-03,https://palworld-chi.vercel.app/en/guide/world-tree,how to beat it,0,1,0,9
2026-10-03,https://palworld-chi.vercel.app/en/guide/world-tree,palworld world tree boss,0,1,0,11
2026-10-03,https://palworld-chi.vercel.app/en/guide/world-tree,palworld world tree boss locations,0,1,0,10
2026-10-03,https://palworld-chi.vercel.app/en/guide/world-tree,palworld world tree bosses,0,3,0,8.7
2026-10-03,https://palworld-chi.vercel.app/en/guide/world-tree,palworld world tree gas,0,2,0,10.5
2026-10-03,https://palworld-chi.vercel.app/en/guide/world-tree,world tree boss palworld,0,1,0,8
2026-10-03,https://palworld-chi.vercel.app/en/guide/world-tree,world tree bosses,0,2,0,4.5
2026-10-03,https://palworld-chi.vercel.app/en/guide/world-tree,world tree bosses palworld,0,2,0,10
2026-10-03,https://palworld-chi.vercel.app/en/map,palworld interactive map,0,1,0,66
2026-10-03,https://palworld-chi.vercel.app/en/map,интерактивная карта palworld,0,1,0,80
2026-10-03,https://palworld-chi.vercel.app/en/map,팰월드 맵,0,1,0,69
2026-10-03,https://palworld-chi.vercel.app/en/pal/aegidron,aegidron,0,2,0,25.5
2026-10-03,https://palworld-chi.vercel.app/en/pal/aegidron,aegidron palworld,0,1,0,5
2026-10-03,https://palworld-chi.vercel.app/en/pal/azurobe-cryst,azurobe palworld,0,1,0,50
2026-10-03,https://palworld-chi.vercel.app/en/pal/bellanoir-libero,bellanoir libero stats,0,1,0,56
2026-10-03,https://palworld-chi.vercel.app/en/pal/bellanoir-libero,palworld 195b,0,1,0,10
2026-10-03,https://palworld-chi.vercel.app/en/pal/bushi,bushi palworld,0,2,0,33.5
2026-10-03,https://palworld-chi.vercel.app/en/pal/celesdir,celesdir palword,0,1,0,10
2026-10-03,https://palworld-chi.vercel.app/en/pal/celesdir,celesdir palworld location,0,1,0,14
2026-10-03,https://palworld-chi.vercel.app/en/pal/cryolinx-terra,cryolinx terra,0,1,0,50
2026-10-03,https://palworld-chi.vercel.app/en/pal/dandilord,dandilord palworld,0,1,0,3
2026-10-03,https://palworld-chi.vercel.app/en/pal/dazzi-noct,palworld dazzi noct,0,1,0,22
2026-10-03,https://palworld-chi.vercel.app/en/pal/depresso,depresso,0,1,0,60
2026-10-03,https://palworld-chi.vercel.app/en/pal/depresso,depresso palworld,0,2,0,31.5
2026-10-03,https://palworld-chi.vercel.app/en/pal/dualith,palworld dualith,0,2,0,38
2026-10-03,https://palworld-chi.vercel.app/en/pal/dynamoff,palworld dynamoff,0,1,0,6
2026-10-03,https://palworld-chi.vercel.app/en/pal/elphidran-aqua,elphidran aqua,0,2,0,7.5
2026-10-03,https://palworld-chi.vercel.app/en/pal/elphidran-aqua,palworld elphidran aqua,0,2,0,11
2026-10-03,https://palworld-chi.vercel.app/en/pal/faleris-aqua,palworld faleris aqua,0,1,0,54
2026-10-03,https://palworld-chi.vercel.app/en/pal/fenglope-lux,fenglope palworld breed,0,1,0,22
2026-10-03,https://palworld-chi.vercel.app/en/pal/foxcicle/location,foxcicle,0,1,0,89
2026-10-03,https://palworld-chi.vercel.app/en/pal/foxcicle/location,foxicle location,0,1,0,93
2026-10-03,https://palworld-chi.vercel.app/en/pal/foxparks,palworld foxparks,0,1,0,1
2026-10-03,https://palworld-chi.vercel.app/en/pal/frostallion-noct/location,frostallion noct location,0,1,0,8
2026-10-03,https://palworld-chi.vercel.app/en/pal/frostallion-noct/location,frostallion noct palworld location,0,1,0,9
2026-10-03,https://palworld-chi.vercel.app/en/pal/frostallion-noct/location,palworld frostallion noct boss location,0,1,0,9
2026-10-03,https://palworld-chi.vercel.app/en/pal/frostallion-noct/location,where is frostallion noct palworld,0,1,0,9
2026-10-03,https://palworld-chi.vercel.app/en/pal/frostallion-noct/location,where to catch frostallion noct,0,1,0,9
2026-10-03,https://palworld-chi.vercel.app/en/pal/frostallion-noct/location,where to find frostallion noct,0,1,0,8
2026-10-03,https://palworld-chi.vercel.app/en/pal/galeclaw,galeclaw,0,1,0,7
2026-10-03,https://palworld-chi.vercel.app/en/pal/galeclaw,palworld galeclaw,0,1,0,4
2026-10-03,https://palworld-chi.vercel.app/en/pal/gildra,palworld gildra,0,4,0,5.2
2026-10-03,https://palworld-chi.vercel.app/en/pal/gobfin,gobfin,0,1,0,11
2026-10-03,https://palworld-chi.vercel.app/en/pal/gobfin,gobfin passive,0,1,0,9
2026-10-03,https://palworld-chi.vercel.app/en/pal/gobfin,palworld gobfin,0,1,0,11
2026-10-03,https://palworld-chi.vercel.app/en/pal/gobfin-ignis,gobfin ignis palworld location,0,1,0,11
2026-10-03,https://palworld-chi.vercel.app/en/pal/gobfin-ignis,ignis breath palworld,0,1,0,11
2026-10-03,https://palworld-chi.vercel.app/en/pal/gobfin-ignis,palworld gobfin,0,1,0,17
2026-10-03,https://palworld-chi.vercel.app/en/pal/gobfin-ignis,palworld gobfin ignis,0,3,0,8.7
2026-10-03,https://palworld-chi.vercel.app/en/pal/hartalis,hartalis,0,2,0,10
2026-10-03,https://palworld-chi.vercel.app/en/pal/hartalis,hartalis palworld,0,6,0,11.7
2026-10-03,https://palworld-chi.vercel.app/en/pal/hartalis,hartalis typing,0,1,0,7
2026-10-03,https://palworld-chi.vercel.app/en/pal/hartalis,palworld no197,0,1,0,8
2026-10-03,https://palworld-chi.vercel.app/en/pal/helzephyr,helzephyr,0,1,0,5
2026-10-03,https://palworld-chi.vercel.app/en/pal/helzephyr,helzephyr palworld speed,0,1,0,90
2026-10-03,https://palworld-chi.vercel.app/en/pal/helzephyr/location,helzephyr,0,1,0,11
2026-10-03,https://palworld-chi.vercel.app/en/pal/helzephyr/location,where to find helzephyr palworld 1.0,0,1,0,10
2026-10-03,https://palworld-chi.vercel.app/en/pal/katress-ignis/location,katress ignis palworld,0,1,0,11
2026-10-03,https://palworld-chi.vercel.app/en/pal/kingpaca-cryst,palworld ice kingpaca,0,1,0,6
2026-10-03,https://palworld-chi.vercel.app/en/pal/knocklem-ignis,knocklem ignis,0,1,0,21
2026-10-03,https://palworld-chi.vercel.app/en/pal/lovander,lovander palword,0,1,0,28
2026-10-03,https://palworld-chi.vercel.app/en/pal/munchill,munchill palworld,0,6,0,4
2026-10-03,https://palworld-chi.vercel.app/en/pal/ophydia,ophydia palworld,0,2,0,6.5
2026-10-03,https://palworld-chi.vercel.app/en/pal/pengullet,pengullet,0,1,0,10
2026-10-03,https://palworld-chi.vercel.app/en/pal/penking,penking pal,0,1,0,6
2026-10-03,https://palworld-chi.vercel.app/en/pal/reptyro,palworld reptyro,0,1,0,72
2026-10-03,https://palworld-chi.vercel.app/en/pal/reptyro,reptyro,0,1,0,24
2026-10-03,https://palworld-chi.vercel.app/en/pal/reptyro-cryst,ice reptyro,0,1,0,10
2026-10-03,https://palworld-chi.vercel.app/en/pal/ribbuny,palworld happy go lucky bunny,0,1,0,7
2026-10-03,https://palworld-chi.vercel.app/en/pal/selyne,selyne,0,1,0,52
2026-10-03,https://palworld-chi.vercel.app/en/pal/selyne,selyne palworld,0,1,0,10
2026-10-03,https://palworld-chi.vercel.app/en/pal/selyne,what type is selyne,0,1,0,11
2026-10-03,https://palworld-chi.vercel.app/en/pal/shadowbeak,palworld shadowbeak,0,1,0,37
2026-10-03,https://palworld-chi.vercel.app/en/pal/shadowbeak,shadowbeak palworld,0,1,0,38
2026-10-03,https://palworld-chi.vercel.app/en/pal/shaolong,shaolong palworld,0,1,0,38
2026-10-03,https://palworld-chi.vercel.app/en/pal/shroomer,shroomer terraria,0,1,0,8
2026-10-03,https://palworld-chi.vercel.app/en/pal/sibelyx/location,sibelyx,0,1,0,17
2026-10-03,https://palworld-chi.vercel.app/en/pal/snock-lux,snock lux,0,1,0,4
2026-10-03,https://palworld-chi.vercel.app/en/pal/splatterina,palworld splatterina,0,1,0,50
2026-10-03,https://palworld-chi.vercel.app/en/pal/tanzee,palworld tanzee,0,1,0,1
2026-10-03,https://palworld-chi.vercel.app/en/pal/tropicaw,tropicaw palworld,0,1,0,5
2026-10-03,https://palworld-chi.vercel.app/en/pal/univolt-cryst,pal 54b,0,1,0,9
2026-10-03,https://palworld-chi.vercel.app/en/pal/venusa,snake pal,0,1,0,47
2026-10-03,https://palworld-chi.vercel.app/en/pal/warsect-terra,warsect terra palworld,0,1,0,61
2026-10-03,https://palworld-chi.vercel.app/en/pal/whalaska-ignis,whalaska palworld,0,2,0,56
2026-10-03,https://palworld-chi.vercel.app/en/pal/xenolord,palworld wiki xenolord,0,1,0,8
2026-10-04,https://palworld-chi.vercel.app/en/guide/breeding,breeding palworld,0,1,0,92
2026-10-04,https://palworld-chi.vercel.app/en/guide/endgame,palworld endgame materials,0,2,0,3
2026-10-04,https://palworld-chi.vercel.app/en/guide/faq,palword wiki,0,1,0,9
2026-10-04,https://palworld-chi.vercel.app/en/guide/money,money farm palworld,0,1,0,11
2026-10-04,https://palworld-chi.vercel.app/en/guide/money,palworld best way to farm money,0,2,0,10
2026-10-04,https://palworld-chi.vercel.app/en/guide/money,palworld fast money,0,1,0,11
2026-10-04,https://palworld-chi.vercel.app/en/guide/money,palworld money,0,2,0,9.5
2026-10-04,https://palworld-chi.vercel.app/en/guide/money,palworld money farm,0,4,0,7.8
2026-10-04,https://palworld-chi.vercel.app/en/guide/world-tree,all bosses world tree palworld,0,1,0,8
2026-10-04,https://palworld-chi.vercel.app/en/guide/world-tree,boss world tree palworld,0,1,0,11
2026-10-04,https://palworld-chi.vercel.app/en/guide/world-tree,how many waves are there,0,1,0,1
2026-10-04,https://palworld-chi.vercel.app/en/guide/world-tree,palworld deserted islet,0,1,0,8
2026-10-04,https://palworld-chi.vercel.app/en/guide/world-tree,palworld world tree boss drops,0,1,0,8
2026-10-04,https://palworld-chi.vercel.app/en/guide/world-tree,palworld world tree bosses,0,10,0,7.7
2026-10-04,https://palworld-chi.vercel.app/en/guide/world-tree,palworld world tree field bosses,0,1,0,1
2026-10-04,https://palworld-chi.vercel.app/en/guide/world-tree,world tree bosses,0,3,0,7
2026-10-04,https://palworld-chi.vercel.app/en/guide/world-tree,world tree bosses palworld,0,3,0,9.3
2026-10-04,https://palworld-chi.vercel.app/en/guide/world-tree,world tree pals,0,1,0,21
2026-10-04,https://palworld-chi.vercel.app/en/guide/world-tree,world tree palworld,0,1,0,47
2026-10-04,https://palworld-chi.vercel.app/en/map,map palworld,0,1,0,80
2026-10-04,https://palworld-chi.vercel.app/en/map,mapa de pals,0,1,0,89
2026-10-04,https://palworld-chi.vercel.app/en/map,mapa pal,0,1,0,60
2026-10-04,https://palworld-chi.vercel.app/en/map,palworld interactive map 1.0,0,1,0,51
2026-10-04,https://palworld-chi.vercel.app/en/map,palworld map,0,1,0,85
2026-10-04,https://palworld-chi.vercel.app/en/map,palworld map interactive 1.0,0,1,0,59
2026-10-04,https://palworld-chi.vercel.app/en/map,palworld map with bosses,0,1,0,24
2026-10-04,https://palworld-chi.vercel.app/en/map,팰월드 전체 맵,0,1,0,74
2026-10-04,https://palworld-chi.vercel.app/en/pal/aegidron,aegedron,0,1,0,10
2026-10-04,https://palworld-chi.vercel.app/en/pal/aegidron,aegidron palworld,0,2,0,29.5
2026-10-04,https://palworld-chi.vercel.app/en/pal/azurobe-cryst,azurobe cryst,0,1,0,3
2026-10-04,https://palworld-chi.vercel.app/en/pal/azurobe-cryst,azurobe cryst saddle,0,1,0,48
2026-10-04,https://palworld-chi.vercel.app/en/pal/azurobe-cryst,palworld azurobe,0,1,0,16
2026-10-04,https://palworld-chi.vercel.app/en/pal/blazamut,blazamut palworld,0,1,0,19
2026-10-04,https://palworld-chi.vercel.app/en/pal/blazamut,blazamutpalworld,0,2,0,50.5
2026-10-04,https://palworld-chi.vercel.app/en/pal/bushi,bushi palworld,0,2,0,9.5
2026-10-04,https://palworld-chi.vercel.app/en/pal/bushi,palword bushi,0,1,0,10
2026-10-04,https://palworld-chi.vercel.app/en/pal/celesdir,celestia palworld,0,1,0,1
2026-10-04,https://palworld-chi.vercel.app/en/pal/cinnamoth,cineoth palworld,0,2,0,11
2026-10-04,https://palworld-chi.vercel.app/en/pal/cryolinx-terra,cryolinx terra,0,1,0,53
2026-10-04,https://palworld-chi.vercel.app/en/pal/dandilord,dandilord drops,0,1,0,10
2026-10-04,https://palworld-chi.vercel.app/en/pal/dandilord,dandilord palworld,0,2,0,50.5
2026-10-04,https://palworld-chi.vercel.app/en/pal/dazzi-noct,dazzi palworld,0,1,0,18
2026-10-04,https://palworld-chi.vercel.app/en/pal/direhowl/location,palworld 1.0 direhowl location,0,1,0,10
2026-10-04,https://palworld-chi.vercel.app/en/pal/faleris,faleris,0,2,0,8.5
2026-10-04,https://palworld-chi.vercel.app/en/pal/faleris-aqua,faleris aqua location,0,1,0,94
2026-10-04,https://palworld-chi.vercel.app/en/pal/fenglope-lux,fenglope lux,0,1,0,6
2026-10-04,https://palworld-chi.vercel.app/en/pal/fenglope-lux,fenglope lux palworld,0,1,0,1
2026-10-04,https://palworld-chi.vercel.app/en/pal/foxparks,palworld foxparks,0,2,0,1
2026-10-04,https://palworld-chi.vercel.app/en/pal/frostallion-noct/location,frostallion noct boss location,0,1,0,10
2026-10-04,https://palworld-chi.vercel.app/en/pal/frostallion-noct/location,palworld where to find frostallion noct,0,1,0,10
2026-10-04,https://palworld-chi.vercel.app/en/pal/frostallion-noct/location,where to catch frostallion noct,0,1,0,10
2026-10-04,https://palworld-chi.vercel.app/en/pal/frostallion-noct/location,where to find frostallion noct,0,1,0,11
2026-10-04,https://palworld-chi.vercel.app/en/pal/frostallion-noct/location,where to get frostallion noct,0,2,0,7
2026-10-04,https://palworld-chi.vercel.app/en/pal/gloopie/location,gloopie palworld,0,1,0,75
2026-10-04,https://palworld-chi.vercel.app/en/pal/gobfin-ignis,gobfin,0,1,0,53
2026-10-04,https://palworld-chi.vercel.app/en/pal/hangyu,hangyu vs hangyu cryst,0,1,0,8
2026-10-04,https://palworld-chi.vercel.app/en/pal/hartalis,hartalis,0,2,0,9.5
2026-10-04,https://palworld-chi.vercel.app/en/pal/hartalis,hartalis palworld,0,1,0,10
2026-10-04,https://palworld-chi.vercel.app/en/pal/hartalis,hartalis type,0,1,0,10
2026-10-04,https://palworld-chi.vercel.app/en/pal/helzephyr,helzephyr,0,7,0,7.1
2026-10-04,https://palworld-chi.vercel.app/en/pal/helzephyr/location,where to get helzephyr,0,2,0,8.5
2026-10-04,https://palworld-chi.vercel.app/en/pal/herbil,herbil,0,1,0,26
2026-10-04,https://palworld-chi.vercel.app/en/pal/kingpaca-cryst,palworld ice kingpaca,0,2,0,5.5
2026-10-04,https://palworld-chi.vercel.app/en/pal/kitsun/location,kitsun location palworld,0,1,0,6
2026-10-04,https://palworld-chi.vercel.app/en/pal/lapure,lapure,0,1,0,20
2026-10-04,https://palworld-chi.vercel.app/en/pal/maraith,palworld maraith,0,2,0,12
2026-10-04,https://palworld-chi.vercel.app/en/pal/munchill,munchill palworld,0,1,0,4
2026-10-04,https://palworld-chi.vercel.app/en/pal/ophydia,ophydia palworld,0,1,0,4
2026-10-04,https://palworld-chi.vercel.app/en/pal/pengullet,pal let,0,1,0,5
2026-10-04,https://palworld-chi.vercel.app/en/pal/penking,penking pal,0,1,0,7
2026-10-04,https://palworld-chi.vercel.app/en/pal/prunelia,prunelia palworld,0,1,0,4
2026-10-04,https://palworld-chi.vercel.app/en/pal/reptyro-cryst,palworld ice reptyro,0,1,0,9
2026-10-04,https://palworld-chi.vercel.app/en/pal/reptyro-cryst,reptyro cryst,0,2,0,7
2026-10-04,https://palworld-chi.vercel.app/en/pal/ribbuny,palworld happy go lucky bunny,0,1,0,11
2026-10-04,https://palworld-chi.vercel.app/en/pal/rooby,rooby,0,1,0,25
2026-10-04,https://palworld-chi.vercel.app/en/pal/selyne,selyne location palworld,0,1,0,95
2026-10-04,https://palworld-chi.vercel.app/en/pal/shaolong,shaolong,0,2,0,40
2026-10-04,https://palworld-chi.vercel.app/en/pal/shroomer,palworld shroomer,0,1,0,10
2026-10-04,https://palworld-chi.vercel.app/en/pal/skutlass,palworld skutlass,0,1,0,7
2026-10-04,https://palworld-chi.vercel.app/en/pal/smokie,smokie palworld,0,1,0,11
2026-10-04,https://palworld-chi.vercel.app/en/pal/tanzee,tanzee pal world,0,1,0,15
2026-10-04,https://palworld-chi.vercel.app/en/pal/univolt-cryst,palworld univolt cryst location,0,1,0,4
2026-10-04,https://palworld-chi.vercel.app/en/pal/univolt-cryst,univolt cryst palworld,0,1,0,3
2026-10-04,https://palworld-chi.vercel.app/en/pal/vanwyrm-cryst,palworld vanwyrm,0,2,0,8
2026-10-04,https://palworld-chi.vercel.app/en/pal/venusa,venusa,0,1,0,24
2026-10-04,https://palworld-chi.vercel.app/en/pal/xenolord,palworld no 196,0,1,0,9
2026-10-05,https://palworld-chi.vercel.app/en/guide/endgame,palworld endgame,0,1,0,5
2026-10-05,https://palworld-chi.vercel.app/en/guide/endgame,palworld endgame gear,0,1,0,6
2026-10-05,https://palworld-chi.vercel.app/en/guide/endgame,palworld endgame guide,0,1,0,2
2026-10-05,https://palworld-chi.vercel.app/en/guide/faq,palworld transfer items between worlds,0,1,0,28
2026-10-05,https://palworld-chi.vercel.app/en/guide/materials,palworld material locations,0,1,0,65
2026-10-05,https://palworld-chi.vercel.app/en/guide/materials,palworld materials,0,1,0,57
2026-10-05,https://palworld-chi.vercel.app/en/guide/materials,precious dragon stone palworld use,0,1,0,5
2026-10-05,https://palworld-chi.vercel.app/en/guide/money,palworld endgame money farm,0,1,0,6
2026-10-05,https://palworld-chi.vercel.app/en/guide/money,palworld money farm,0,1,0,6
2026-10-05,https://palworld-chi.vercel.app/en/guide/money,palworld money guide,0,1,0,9
2026-10-05,https://palworld-chi.vercel.app/en/guide/money,palworld quick money,0,3,0,9.3
2026-10-05,https://palworld-chi.vercel.app/en/guide/world-tree,all bosses in world tree palworld,0,1,0,10
2026-10-05,https://palworld-chi.vercel.app/en/guide/world-tree,all world tree bosses,0,1,0,8
2026-10-05,https://palworld-chi.vercel.app/en/guide/world-tree,palworld tree bosses,0,1,0,10
2026-10-05,https://palworld-chi.vercel.app/en/guide/world-tree,palworld which boss gives the most xp,0,1,0,1
2026-10-05,https://palworld-chi.vercel.app/en/guide/world-tree,palworld world tree bosses,0,1,0,10
2026-10-05,https://palworld-chi.vercel.app/en/guide/world-tree,palworld world tree level,0,1,0,4
2026-10-05,https://palworld-chi.vercel.app/en/guide/world-tree,palworld world tree mini bosses,0,1,0,7
2026-10-05,https://palworld-chi.vercel.app/en/guide/world-tree,palworld world tree pals,0,1,0,22
2026-10-05,https://palworld-chi.vercel.app/en/guide/world-tree,what bosses are in the world tree palworld,0,1,0,10
2026-10-05,https://palworld-chi.vercel.app/en/guide/world-tree,world tree bosses,0,1,0,9
2026-10-05,https://palworld-chi.vercel.app/en/guide/world-tree,world tree bosses palworld,0,2,0,7
2026-10-05,https://palworld-chi.vercel.app/en/guide/world-tree,world tree palworld wiki,0,1,0,11
2026-10-05,https://palworld-chi.vercel.app/en/map,pal world map,0,1,0,69
2026-10-05,https://palworld-chi.vercel.app/en/map,palword map,0,1,0,79
2026-10-05,https://palworld-chi.vercel.app/en/map,palworld interactive map,0,1,0,66
2026-10-05,https://palworld-chi.vercel.app/en/map,palworld livemap,0,1,0,66
2026-10-05,https://palworld-chi.vercel.app/en/map,palworld map,0,2,0,73
2026-10-05,https://palworld-chi.vercel.app/en/map,palworld map levels,0,1,0,63
2026-10-05,https://palworld-chi.vercel.app/en/map,palworlds map,0,2,0,67.5
2026-10-05,https://palworld-chi.vercel.app/en/map,unthawable lake palworld,0,1,0,43
2026-10-05,https://palworld-chi.vercel.app/en/map,windswept hills palworld map,0,1,0,92
2026-10-05,https://palworld-chi.vercel.app/en/pal/aegidron,palworld aegidron,0,2,0,10
2026-10-05,https://palworld-chi.vercel.app/en/pal/azurobe-cryst,azurobe,0,1,0,21
2026-10-05,https://palworld-chi.vercel.app/en/pal/bellanoir-libero,libero palworld,0,1,0,4
2026-10-05,https://palworld-chi.vercel.app/en/pal/bushi,bushi pal,0,1,0,11
2026-10-05,https://palworld-chi.vercel.app/en/pal/bushi,bushi pal world,0,1,0,16
2026-10-05,https://palworld-chi.vercel.app/en/pal/bushi,bushi palworld,0,2,0,9
2026-10-05,https://palworld-chi.vercel.app/en/pal/celesdir,palworld celesdir location,0,1,0,61
2026-10-05,https://palworld-chi.vercel.app/en/pal/cinnamoth,palworld moth,0,1,0,9
2026-10-05,https://palworld-chi.vercel.app/en/pal/cryolinx-terra,palworld cryolinx terra,0,1,0,4
2026-10-05,https://palworld-chi.vercel.app/en/pal/dandilord,dandilord,0,3,0,21.3
2026-10-05,https://palworld-chi.vercel.app/en/pal/dandilord,dandilord palworld,0,1,0,4
2026-10-05,https://palworld-chi.vercel.app/en/pal/dinossom,dinossom,0,1,0,9
2026-10-05,https://palworld-chi.vercel.app/en/pal/dualith,dualith,0,3,0,12.7
2026-10-05,https://palworld-chi.vercel.app/en/pal/fenglope-lux,fenglope lux,0,1,0,6
2026-10-05,https://palworld-chi.vercel.app/en/pal/fenglope-lux,palworld fenglope lux,0,1,0,47
2026-10-05,https://palworld-chi.vercel.app/en/pal/flaracle,palworld flaracle,0,1,0,1
2026-10-05,https://palworld-chi.vercel.app/en/pal/frostallion-noct/location,frostallion noct location palworld 1.0,0,1,0,10
2026-10-05,https://palworld-chi.vercel.app/en/pal/frostallion-noct/location,frostallion spawn location,0,1,0,10
2026-10-05,https://palworld-chi.vercel.app/en/pal/frostallion-noct/location,where to get frostallion noct,0,3,0,7
2026-10-05,https://palworld-chi.vercel.app/en/pal/frostplume,frostplume palworld location,0,1,0,86
2026-10-05,https://palworld-chi.vercel.app/en/pal/galeclaw,galeclaw,0,1,0,11
2026-10-05,https://palworld-chi.vercel.app/en/pal/gobfin,gobfin,0,1,0,9
2026-10-05,https://palworld-chi.vercel.app/en/pal/hangyu,hangyu vs hangyu cryst,0,1,0,8
2026-10-05,https://palworld-chi.vercel.app/en/pal/hartalis,hartalis,0,1,0,10
2026-10-05,https://palworld-chi.vercel.app/en/pal/hartalis,hartalis palworld,0,1,0,22
2026-10-05,https://palworld-chi.vercel.app/en/pal/herbil,palworld herbil location,0,1,0,17
2026-10-05,https://palworld-chi.vercel.app/en/pal/knocklem,knocklem,0,1,0,10
2026-10-05,https://palworld-chi.vercel.app/en/pal/knocklem-ignis,how to get knocklem ignis,0,2,0,45.5
2026-10-05,https://palworld-chi.vercel.app/en/pal/lovander,lovander palworld description,0,1,0,71
2026-10-05,https://palworld-chi.vercel.app/en/pal/moldron,moldron,0,1,0,37
2026-10-05,https://palworld-chi.vercel.app/en/pal/ophydia,ophidia palmon,0,1,0,41
2026-10-05,https://palworld-chi.vercel.app/en/pal/ophydia,ophydia,0,3,0,5.7
2026-10-05,https://palworld-chi.vercel.app/en/pal/ophydia,palworld ophydia,0,1,0,9
2026-10-05,https://palworld-chi.vercel.app/en/pal/ophydia,palworld ophydia location,0,1,0,11
2026-10-05,https://palworld-chi.vercel.app/en/pal/penking,penking pal,0,1,0,7
2026-10-05,https://palworld-chi.vercel.app/en/pal/prunelia,prunelia,0,4,0,6
2026-10-05,https://palworld-chi.vercel.app/en/pal/reptyro,reptyro,0,1,0,93
2026-10-05,https://palworld-chi.vercel.app/en/pal/reptyro-cryst,palworld reptyro cryst location,0,1,0,54
2026-10-05,https://palworld-chi.vercel.app/en/pal/reptyro-cryst,reptyro,0,1,0,91
2026-10-05,https://palworld-chi.vercel.app/en/pal/selyne,selyne palworld,0,1,0,9
2026-10-05,https://palworld-chi.vercel.app/en/pal/shroomer,shroomer terraria,0,2,0,8.5
2026-10-05,https://palworld-chi.vercel.app/en/pal/smokie,palworld smokie breeding combos,0,2,0,69.5
2026-10-05,https://palworld-chi.vercel.app/en/pal/smokie,palworld where to find smokie,0,1,0,86
2026-10-05,https://palworld-chi.vercel.app/en/pal/univolt-cryst,univolt cryst,0,1,0,43
2026-10-05,https://palworld-chi.vercel.app/en/pal/warsect-terra,palworld warsect terra,0,1,0,100
2026-10-05,https://palworld-chi.vercel.app/en/pal/warsect-terra,warsect terra,0,1,0,10
2026-10-05,https://palworld-chi.vercel.app/en/pal/whalaska-ignis,palworld walaska,0,1,0,57
2026-10-05,https://palworld-chi.vercel.app/en/pal/xenolord,palworld wiki xenolord,0,2,0,8.5
