url,type,inlink_instances,unique_source_pages
https://palworld-chi.vercel.app/en,home,2786,2785
https://palworld-chi.vercel.app/en/guide/base,guide,2788,2785
https://palworld-chi.vercel.app/en/guide/beginner,guide,2799,2785
https://palworld-chi.vercel.app/en/guide/breeding,guide,2800,2785
https://palworld-chi.vercel.app/en/guide/download,guide,11,9
https://palworld-chi.vercel.app/en/guide/endgame,guide,2788,2785
https://palworld-chi.vercel.app/en/guide/faq,guide,2797,2785
https://palworld-chi.vercel.app/en/guide/fishing,guide,3,3
https://palworld-chi.vercel.app/en/guide/map,guide,5,5
https://palworld-chi.vercel.app/en/guide/materials,guide,16,11
https://palworld-chi.vercel.app/en/guide/mobile,guide,2791,2785
https://palworld-chi.vercel.app/en/guide/mods,guide,2,2
https://palworld-chi.vercel.app/en/guide/money,guide,2789,2785
https://palworld-chi.vercel.app/en/guide/new-pals,guide,7,6
https://palworld-chi.vercel.app/en/guide/pals,guide,16,13
https://palworld-chi.vercel.app/en/guide/passives,guide,5580,2785
https://palworld-chi.vercel.app/en/guide/ps5,guide,2791,2785
https://palworld-chi.vercel.app/en/guide/server,guide,7,6
https://palworld-chi.vercel.app/en/guide/tcg,guide,2789,2785
https://palworld-chi.vercel.app/en/guide/terraria,guide,10,7
https://palworld-chi.vercel.app/en/guide/updates,guide,6,6
https://palworld-chi.vercel.app/en/guide/wiki,guide,2,2
https://palworld-chi.vercel.app/en/guide/world-tree,guide,2789,2785
https://palworld-chi.vercel.app/en/pal/aegidron,pal,2,2
https://palworld-chi.vercel.app/en/pal/aegidron/breeding,pal-breeding,3,2
https://palworld-chi.vercel.app/en/pal/aegidron/location,pal-location,3,2
https://palworld-chi.vercel.app/en/pal/amione,pal,2,2
https://palworld-chi.vercel.app/en/pal/amione/breeding,pal-breeding,3,2
https://palworld-chi.vercel.app/en/pal/amione/location,pal-location,3,2
https://palworld-chi.vercel.app/en/pal/anubis,pal,3,3
https://palworld-chi.vercel.app/en/pal/anubis/breeding,pal-breeding,3,2
https://palworld-chi.vercel.app/en/pal/anubis/location,pal-location,3,2
https://palworld-chi.vercel.app/en/pal/arsox,pal,2,2
https://palworld-chi.vercel.app/en/pal/arsox/breeding,pal-breeding,3,2
https://palworld-chi.vercel.app/en/pal/arsox/location,pal-location,3,2
https://palworld-chi.vercel.app/en/pal/astegon,pal,2,2
https://palworld-chi.vercel.app/en/pal/astegon/breeding,pal-breeding,3,2
https://palworld-chi.vercel.app/en/pal/astegon/location,pal-location,3,2
https://palworld-chi.vercel.app/en/pal/astralym,pal,2,2
https://palworld-chi.vercel.app/en/pal/astralym/breeding,pal-breeding,3,2
https://palworld-chi.vercel.app/en/pal/astralym/location,pal-location,3,2
https://palworld-chi.vercel.app/en/pal/azurmane,pal,2,2
https://palworld-chi.vercel.app/en/pal/azurmane/breeding,pal-breeding,3,2
https://palworld-chi.vercel.app/en/pal/azurmane/location,pal-location,3,2
https://palworld-chi.vercel.app/en/pal/azurobe,pal,2,2
https://palworld-chi.vercel.app/en/pal/azurobe/breeding,pal-breeding,3,2
https://palworld-chi.vercel.app/en/pal/azurobe/location,pal-location,3,2
https://palworld-chi.vercel.app/en/pal/azurobe-cryst,pal,2,2
https://palworld-chi.vercel.app/en/pal/azurobe-cryst/breeding,pal-breeding,3,2
https://palworld-chi.vercel.app/en/pal/azurobe-cryst/location,pal-location,3,2
https://palworld-chi.vercel.app/en/pal/bakemi,pal,2,2
https://palworld-chi.vercel.app/en/pal/bakemi/breeding,pal-breeding,3,2
https://palworld-chi.vercel.app/en/pal/bakemi/location,pal-location,3,2
https://palworld-chi.vercel.app/en/pal/bastigor,pal,2,2
https://palworld-chi.vercel.app/en/pal/bastigor/breeding,pal-breeding,3,2
https://palworld-chi.vercel.app/en/pal/bastigor/location,pal-location,3,2
https://palworld-chi.vercel.app/en/pal/beakon,pal,2,2
https://palworld-chi.vercel.app/en/pal/beakon/breeding,pal-breeding,3,2
https://palworld-chi.vercel.app/en/pal/beakon/location,pal-location,3,2
https://palworld-chi.vercel.app/en/pal/beakon-cryst,pal,2,2
https://palworld-chi.vercel.app/en/pal/beakon-cryst/breeding,pal-breeding,3,2
https://palworld-chi.vercel.app/en/pal/beakon-cryst/location,pal-location,3,2
https://palworld-chi.vercel.app/en/pal/beegarde,pal,2,2
https://palworld-chi.vercel.app/en/pal/beegarde/breeding,pal-breeding,3,2
https://palworld-chi.vercel.app/en/pal/beegarde/location,pal-location,3,2
https://palworld-chi.vercel.app/en/pal/bellanoir,pal,3,3
https://palworld-chi.vercel.app/en/pal/bellanoir/breeding,pal-breeding,3,2
https://palworld-chi.vercel.app/en/pal/bellanoir/location,pal-location,3,2
https://palworld-chi.vercel.app/en/pal/bellanoir-libero,pal,2,2
https://palworld-chi.vercel.app/en/pal/bellanoir-libero/breeding,pal-breeding,3,2
https://palworld-chi.vercel.app/en/pal/bellanoir-libero/location,pal-location,3,2
https://palworld-chi.vercel.app/en/pal/blazamut,pal,2,2
https://palworld-chi.vercel.app/en/pal/blazamut/breeding,pal-breeding,3,2
https://palworld-chi.vercel.app/en/pal/blazamut/location,pal-location,3,2
https://palworld-chi.vercel.app/en/pal/blazamut-ryu,pal,2,2
https://palworld-chi.vercel.app/en/pal/blazamut-ryu/breeding,pal-breeding,3,2
https://palworld-chi.vercel.app/en/pal/blazamut-ryu/location,pal-location,3,2
https://palworld-chi.vercel.app/en/pal/blazehowl,pal,2,2
https://palworld-chi.vercel.app/en/pal/blazehowl/breeding,pal-breeding,3,2
https://palworld-chi.vercel.app/en/pal/blazehowl/location,pal-location,3,2
https://palworld-chi.vercel.app/en/pal/blazehowl-noct,pal,2,2
https://palworld-chi.vercel.app/en/pal/blazehowl-noct/breeding,pal-breeding,3,2
https://palworld-chi.vercel.app/en/pal/blazehowl-noct/location,pal-location,3,2
https://palworld-chi.vercel.app/en/pal/braloha,pal,2,2
https://palworld-chi.vercel.app/en/pal/braloha/breeding,pal-breeding,3,2
https://palworld-chi.vercel.app/en/pal/braloha/location,pal-location,3,2
https://palworld-chi.vercel.app/en/pal/bristla,pal,2,2
https://palworld-chi.vercel.app/en/pal/bristla/breeding,pal-breeding,3,2
https://palworld-chi.vercel.app/en/pal/bristla/location,pal-location,3,2
https://palworld-chi.vercel.app/en/pal/broncherry,pal,2,2
https://palworld-chi.vercel.app/en/pal/broncherry/breeding,pal-breeding,3,2
https://palworld-chi.vercel.app/en/pal/broncherry/location,pal-location,3,2
https://palworld-chi.vercel.app/en/pal/broncherry-aqua,pal,2,2
https://palworld-chi.vercel.app/en/pal/broncherry-aqua/breeding,pal-breeding,3,2
https://palworld-chi.vercel.app/en/pal/broncherry-aqua/location,pal-location,3,2
https://palworld-chi.vercel.app/en/pal/bulldosu,pal,2,2
https://palworld-chi.vercel.app/en/pal/bulldosu/breeding,pal-breeding,3,2
https://palworld-chi.vercel.app/en/pal/bulldosu/location,pal-location,3,2
https://palworld-chi.vercel.app/en/pal/bushi,pal,2,2
https://palworld-chi.vercel.app/en/pal/bushi/breeding,pal-breeding,3,2
https://palworld-chi.vercel.app/en/pal/bushi/location,pal-location,3,2
https://palworld-chi.vercel.app/en/pal/bushi-noct,pal,2,2
https://palworld-chi.vercel.app/en/pal/bushi-noct/breeding,pal-breeding,3,2
https://palworld-chi.vercel.app/en/pal/bushi-noct/location,pal-location,3,2
https://palworld-chi.vercel.app/en/pal/caprity,pal,2,2
https://palworld-chi.vercel.app/en/pal/caprity/breeding,pal-breeding,3,2
https://palworld-chi.vercel.app/en/pal/caprity/location,pal-location,3,2
https://palworld-chi.vercel.app/en/pal/caprity-noct,pal,2,2
https://palworld-chi.vercel.app/en/pal/caprity-noct/breeding,pal-breeding,3,2
https://palworld-chi.vercel.app/en/pal/caprity-noct/location,pal-location,3,2
https://palworld-chi.vercel.app/en/pal/carnibora,pal,2,2
https://palworld-chi.vercel.app/en/pal/carnibora/breeding,pal-breeding,3,2
https://palworld-chi.vercel.app/en/pal/carnibora/location,pal-location,3,2
https://palworld-chi.vercel.app/en/pal/cattiva,pal,2,2
https://palworld-chi.vercel.app/en/pal/cattiva/breeding,pal-breeding,3,2
https://palworld-chi.vercel.app/en/pal/cattiva/location,pal-location,3,2
https://palworld-chi.vercel.app/en/pal/cawgnito,pal,2,2
https://palworld-chi.vercel.app/en/pal/cawgnito/breeding,pal-breeding,3,2
https://palworld-chi.vercel.app/en/pal/cawgnito/location,pal-location,3,2
https://palworld-chi.vercel.app/en/pal/celaray,pal,2,2
https://palworld-chi.vercel.app/en/pal/celaray/breeding,pal-breeding,3,2
https://palworld-chi.vercel.app/en/pal/celaray/location,pal-location,3,2
https://palworld-chi.vercel.app/en/pal/celaray-lux,pal,2,2
https://palworld-chi.vercel.app/en/pal/celaray-lux/breeding,pal-breeding,3,2
https://palworld-chi.vercel.app/en/pal/celaray-lux/location,pal-location,3,2
https://palworld-chi.vercel.app/en/pal/celesdir,pal,2,2
https://palworld-chi.vercel.app/en/pal/celesdir/breeding,pal-breeding,3,2
https://palworld-chi.vercel.app/en/pal/celesdir/location,pal-location,3,2
https://palworld-chi.vercel.app/en/pal/celesdir-noct,pal,2,2
https://palworld-chi.vercel.app/en/pal/celesdir-noct/breeding,pal-breeding,3,2
https://palworld-chi.vercel.app/en/pal/celesdir-noct/location,pal-location,3,2
https://palworld-chi.vercel.app/en/pal/chikipi,pal,2,2
https://palworld-chi.vercel.app/en/pal/chikipi/breeding,pal-breeding,3,2
https://palworld-chi.vercel.app/en/pal/chikipi/location,pal-location,3,2
https://palworld-chi.vercel.app/en/pal/chillet,pal,2,2
https://palworld-chi.vercel.app/en/pal/chillet/breeding,pal-breeding,3,2
https://palworld-chi.vercel.app/en/pal/chillet/location,pal-location,3,2
https://palworld-chi.vercel.app/en/pal/chillet-ignis,pal,2,2
https://palworld-chi.vercel.app/en/pal/chillet-ignis/breeding,pal-breeding,3,2
https://palworld-chi.vercel.app/en/pal/chillet-ignis/location,pal-location,3,2
https://palworld-chi.vercel.app/en/pal/cinnamoth,pal,2,2
https://palworld-chi.vercel.app/en/pal/cinnamoth/breeding,pal-breeding,3,2
https://palworld-chi.vercel.app/en/pal/cinnamoth/location,pal-location,3,2
https://palworld-chi.vercel.app/en/pal/clovee,pal,2,2
https://palworld-chi.vercel.app/en/pal/clovee/breeding,pal-breeding,3,2
https://palworld-chi.vercel.app/en/pal/clovee/location,pal-location,3,2
https://palworld-chi.vercel.app/en/pal/cremis,pal,2,2
https://palworld-chi.vercel.app/en/pal/cremis/breeding,pal-breeding,3,2
https://palworld-chi.vercel.app/en/pal/cremis/location,pal-location,3,2
https://palworld-chi.vercel.app/en/pal/croajiro,pal,2,2
https://palworld-chi.vercel.app/en/pal/croajiro/breeding,pal-breeding,3,2
https://palworld-chi.vercel.app/en/pal/croajiro/location,pal-location,3,2
https://palworld-chi.vercel.app/en/pal/croajiro-noct,pal,2,2
https://palworld-chi.vercel.app/en/pal/croajiro-noct/breeding,pal-breeding,3,2
https://palworld-chi.vercel.app/en/pal/croajiro-noct/location,pal-location,3,2
https://palworld-chi.vercel.app/en/pal/cryolinx,pal,2,2
https://palworld-chi.vercel.app/en/pal/cryolinx/breeding,pal-breeding,3,2
https://palworld-chi.vercel.app/en/pal/cryolinx/location,pal-location,3,2
https://palworld-chi.vercel.app/en/pal/cryolinx-terra,pal,2,2
https://palworld-chi.vercel.app/en/pal/cryolinx-terra/breeding,pal-breeding,3,2
https://palworld-chi.vercel.app/en/pal/cryolinx-terra/location,pal-location,3,2
https://palworld-chi.vercel.app/en/pal/daedream,pal,2,2
https://palworld-chi.vercel.app/en/pal/daedream/breeding,pal-breeding,3,2
https://palworld-chi.vercel.app/en/pal/daedream/location,pal-location,3,2
https://palworld-chi.vercel.app/en/pal/dandilord,pal,2,2
https://palworld-chi.vercel.app/en/pal/dandilord/breeding,pal-breeding,3,2
https://palworld-chi.vercel.app/en/pal/dandilord/location,pal-location,3,2
https://palworld-chi.vercel.app/en/pal/dazemu,pal,2,2
https://palworld-chi.vercel.app/en/pal/dazemu/breeding,pal-breeding,3,2
https://palworld-chi.vercel.app/en/pal/dazemu/location,pal-location,3,2
https://palworld-chi.vercel.app/en/pal/dazzi,pal,2,2
https://palworld-chi.vercel.app/en/pal/dazzi/breeding,pal-breeding,3,2
https://palworld-chi.vercel.app/en/pal/dazzi/location,pal-location,3,2
https://palworld-chi.vercel.app/en/pal/dazzi-noct,pal,2,2
https://palworld-chi.vercel.app/en/pal/dazzi-noct/breeding,pal-breeding,3,2
https://palworld-chi.vercel.app/en/pal/dazzi-noct/location,pal-location,3,2
https://palworld-chi.vercel.app/en/pal/depresso,pal,2,2
https://palworld-chi.vercel.app/en/pal/depresso/breeding,pal-breeding,3,2
https://palworld-chi.vercel.app/en/pal/depresso/location,pal-location,3,2
https://palworld-chi.vercel.app/en/pal/digtoise,pal,2,2
https://palworld-chi.vercel.app/en/pal/digtoise/breeding,pal-breeding,3,2
https://palworld-chi.vercel.app/en/pal/digtoise/location,pal-location,3,2
https://palworld-chi.vercel.app/en/pal/dinossom,pal,2,2
https://palworld-chi.vercel.app/en/pal/dinossom/breeding,pal-breeding,3,2
https://palworld-chi.vercel.app/en/pal/dinossom/location,pal-location,3,2
https://palworld-chi.vercel.app/en/pal/dinossom-lux,pal,2,2
https://palworld-chi.vercel.app/en/pal/dinossom-lux/breeding,pal-breeding,3,2
https://palworld-chi.vercel.app/en/pal/dinossom-lux/location,pal-location,3,2
https://palworld-chi.vercel.app/en/pal/direhowl,pal,2,2
https://palworld-chi.vercel.app/en/pal/direhowl/breeding,pal-breeding,3,2
https://palworld-chi.vercel.app/en/pal/direhowl/location,pal-location,3,2
https://palworld-chi.vercel.app/en/pal/dogen,pal,2,2
https://palworld-chi.vercel.app/en/pal/dogen/breeding,pal-breeding,3,2
https://palworld-chi.vercel.app/en/pal/dogen/location,pal-location,3,2
https://palworld-chi.vercel.app/en/pal/dualith,pal,2,2
https://palworld-chi.vercel.app/en/pal/dualith/breeding,pal-breeding,3,2
https://palworld-chi.vercel.app/en/pal/dualith/location,pal-location,3,2
https://palworld-chi.vercel.app/en/pal/dualith-noct,pal,2,2
https://palworld-chi.vercel.app/en/pal/dualith-noct/breeding,pal-breeding,3,2
https://palworld-chi.vercel.app/en/pal/dualith-noct/location,pal-location,3,2
https://palworld-chi.vercel.app/en/pal/dumud,pal,2,2
https://palworld-chi.vercel.app/en/pal/dumud/breeding,pal-breeding,3,2
https://palworld-chi.vercel.app/en/pal/dumud/location,pal-location,3,2
https://palworld-chi.vercel.app/en/pal/dumud-gild,pal,2,2
https://palworld-chi.vercel.app/en/pal/dumud-gild/breeding,pal-breeding,3,2
https://palworld-chi.vercel.app/en/pal/dumud-gild/location,pal-location,3,2
https://palworld-chi.vercel.app/en/pal/dupin,pal,2,2
https://palworld-chi.vercel.app/en/pal/dupin/breeding,pal-breeding,3,2
https://palworld-chi.vercel.app/en/pal/dupin/location,pal-location,3,2
https://palworld-chi.vercel.app/en/pal/dynamoff,pal,2,2
https://palworld-chi.vercel.app/en/pal/dynamoff/breeding,pal-breeding,3,2
https://palworld-chi.vercel.app/en/pal/dynamoff/location,pal-location,3,2
https://palworld-chi.vercel.app/en/pal/eidrolon,pal,2,2
https://palworld-chi.vercel.app/en/pal/eidrolon/breeding,pal-breeding,3,2
https://palworld-chi.vercel.app/en/pal/eidrolon/location,pal-location,3,2
https://palworld-chi.vercel.app/en/pal/eidrolon-ignis,pal,2,2
https://palworld-chi.vercel.app/en/pal/eidrolon-ignis/breeding,pal-breeding,3,2
https://palworld-chi.vercel.app/en/pal/eidrolon-ignis/location,pal-location,3,2
https://palworld-chi.vercel.app/en/pal/eikthyrdeer,pal,2,2
https://palworld-chi.vercel.app/en/pal/eikthyrdeer/breeding,pal-breeding,3,2
https://palworld-chi.vercel.app/en/pal/eikthyrdeer/location,pal-location,3,2
https://palworld-chi.vercel.app/en/pal/eikthyrdeer-terra,pal,2,2
https://palworld-chi.vercel.app/en/pal/eikthyrdeer-terra/breeding,pal-breeding,3,2
https://palworld-chi.vercel.app/en/pal/eikthyrdeer-terra/location,pal-location,3,2
https://palworld-chi.vercel.app/en/pal/elgrove,pal,2,2
https://palworld-chi.vercel.app/en/pal/elgrove/breeding,pal-breeding,3,2
https://palworld-chi.vercel.app/en/pal/elgrove/location,pal-location,3,2
https://palworld-chi.vercel.app/en/pal/elgrove-cryst,pal,2,2
https://palworld-chi.vercel.app/en/pal/elgrove-cryst/breeding,pal-breeding,3,2
https://palworld-chi.vercel.app/en/pal/elgrove-cryst/location,pal-location,3,2
https://palworld-chi.vercel.app/en/pal/elizabee,pal,2,2
https://palworld-chi.vercel.app/en/pal/elizabee/breeding,pal-breeding,3,2
https://palworld-chi.vercel.app/en/pal/elizabee/location,pal-location,3,2
https://palworld-chi.vercel.app/en/pal/elphidran,pal,2,2
https://palworld-chi.vercel.app/en/pal/elphidran/breeding,pal-breeding,3,2
https://palworld-chi.vercel.app/en/pal/elphidran/location,pal-location,3,2
https://palworld-chi.vercel.app/en/pal/elphidran-aqua,pal,2,2
https://palworld-chi.vercel.app/en/pal/elphidran-aqua/breeding,pal-breeding,3,2
https://palworld-chi.vercel.app/en/pal/elphidran-aqua/location,pal-location,3,2
https://palworld-chi.vercel.app/en/pal/faleris,pal,2,2
https://palworld-chi.vercel.app/en/pal/faleris/breeding,pal-breeding,3,2
https://palworld-chi.vercel.app/en/pal/faleris/location,pal-location,3,2
https://palworld-chi.vercel.app/en/pal/faleris-aqua,pal,2,2
https://palworld-chi.vercel.app/en/pal/faleris-aqua/breeding,pal-breeding,3,2
https://palworld-chi.vercel.app/en/pal/faleris-aqua/location,pal-location,3,2
https://palworld-chi.vercel.app/en/pal/felbat,pal,2,2
https://palworld-chi.vercel.app/en/pal/felbat/breeding,pal-breeding,3,2
https://palworld-chi.vercel.app/en/pal/felbat/location,pal-location,3,2
https://palworld-chi.vercel.app/en/pal/fenglope,pal,2,2
https://palworld-chi.vercel.app/en/pal/fenglope/breeding,pal-breeding,3,2
https://palworld-chi.vercel.app/en/pal/fenglope/location,pal-location,3,2
https://palworld-chi.vercel.app/en/pal/fenglope-lux,pal,2,2
https://palworld-chi.vercel.app/en/pal/fenglope-lux/breeding,pal-breeding,3,2
https://palworld-chi.vercel.app/en/pal/fenglope-lux/location,pal-location,3,2
https://palworld-chi.vercel.app/en/pal/finsider,pal,2,2
https://palworld-chi.vercel.app/en/pal/finsider/breeding,pal-breeding,3,2
https://palworld-chi.vercel.app/en/pal/finsider/location,pal-location,3,2
https://palworld-chi.vercel.app/en/pal/finsider-ignis,pal,2,2
https://palworld-chi.vercel.app/en/pal/finsider-ignis/breeding,pal-breeding,3,2
https://palworld-chi.vercel.app/en/pal/finsider-ignis/location,pal-location,3,2
https://palworld-chi.vercel.app/en/pal/flambelle,pal,2,2
https://palworld-chi.vercel.app/en/pal/flambelle/breeding,pal-breeding,3,2
https://palworld-chi.vercel.app/en/pal/flambelle/location,pal-location,3,2
https://palworld-chi.vercel.app/en/pal/flaracle,pal,2,2
https://palworld-chi.vercel.app/en/pal/flaracle/breeding,pal-breeding,3,2
https://palworld-chi.vercel.app/en/pal/flaracle/location,pal-location,3,2
https://palworld-chi.vercel.app/en/pal/flopie,pal,2,2
https://palworld-chi.vercel.app/en/pal/flopie/breeding,pal-breeding,3,2
https://palworld-chi.vercel.app/en/pal/flopie/location,pal-location,3,2
https://palworld-chi.vercel.app/en/pal/foxcicle,pal,2,2
https://palworld-chi.vercel.app/en/pal/foxcicle/breeding,pal-breeding,3,2
https://palworld-chi.vercel.app/en/pal/foxcicle/location,pal-location,3,2
https://palworld-chi.vercel.app/en/pal/foxparks,pal,2,2
https://palworld-chi.vercel.app/en/pal/foxparks/breeding,pal-breeding,3,2
https://palworld-chi.vercel.app/en/pal/foxparks/location,pal-location,3,2
https://palworld-chi.vercel.app/en/pal/foxparks-cryst,pal,2,2
https://palworld-chi.vercel.app/en/pal/foxparks-cryst/breeding,pal-breeding,3,2
https://palworld-chi.vercel.app/en/pal/foxparks-cryst/location,pal-location,3,2
https://palworld-chi.vercel.app/en/pal/frostallion,pal,3,3
https://palworld-chi.vercel.app/en/pal/frostallion/breeding,pal-breeding,3,2
https://palworld-chi.vercel.app/en/pal/frostallion/location,pal-location,3,2
https://palworld-chi.vercel.app/en/pal/frostallion-noct,pal,2,2
https://palworld-chi.vercel.app/en/pal/frostallion-noct/breeding,pal-breeding,3,2
https://palworld-chi.vercel.app/en/pal/frostallion-noct/location,pal-location,3,2
https://palworld-chi.vercel.app/en/pal/frostplume,pal,2,2
https://palworld-chi.vercel.app/en/pal/frostplume/breeding,pal-breeding,3,2
https://palworld-chi.vercel.app/en/pal/frostplume/location,pal-location,3,2
https://palworld-chi.vercel.app/en/pal/fuack,pal,2,2
https://palworld-chi.vercel.app/en/pal/fuack/breeding,pal-breeding,3,2
https://palworld-chi.vercel.app/en/pal/fuack/location,pal-location,3,2
https://palworld-chi.vercel.app/en/pal/fuack-ignis,pal,2,2
https://palworld-chi.vercel.app/en/pal/fuack-ignis/breeding,pal-breeding,3,2
https://palworld-chi.vercel.app/en/pal/fuack-ignis/location,pal-location,3,2
https://palworld-chi.vercel.app/en/pal/fuddler,pal,2,2
https://palworld-chi.vercel.app/en/pal/fuddler/breeding,pal-breeding,3,2
https://palworld-chi.vercel.app/en/pal/fuddler/location,pal-location,3,2
https://palworld-chi.vercel.app/en/pal/galeclaw,pal,2,2
https://palworld-chi.vercel.app/en/pal/galeclaw/breeding,pal-breeding,3,2
https://palworld-chi.vercel.app/en/pal/galeclaw/location,pal-location,3,2
https://palworld-chi.vercel.app/en/pal/ghangler,pal,2,2
https://palworld-chi.vercel.app/en/pal/ghangler/breeding,pal-breeding,3,2
https://palworld-chi.vercel.app/en/pal/ghangler/location,pal-location,3,2
https://palworld-chi.vercel.app/en/pal/ghangler-ignis,pal,2,2
https://palworld-chi.vercel.app/en/pal/ghangler-ignis/breeding,pal-breeding,3,2
https://palworld-chi.vercel.app/en/pal/ghangler-ignis/location,pal-location,3,2
https://palworld-chi.vercel.app/en/pal/gildane,pal,2,2
https://palworld-chi.vercel.app/en/pal/gildane/breeding,pal-breeding,3,2
https://palworld-chi.vercel.app/en/pal/gildane/location,pal-location,3,2
https://palworld-chi.vercel.app/en/pal/gildra,pal,2,2
https://palworld-chi.vercel.app/en/pal/gildra/breeding,pal-breeding,3,2
https://palworld-chi.vercel.app/en/pal/gildra/location,pal-location,3,2
https://palworld-chi.vercel.app/en/pal/gloopie,pal,2,2
https://palworld-chi.vercel.app/en/pal/gloopie/breeding,pal-breeding,3,2
https://palworld-chi.vercel.app/en/pal/gloopie/location,pal-location,3,2
https://palworld-chi.vercel.app/en/pal/gloopie-primo,pal,2,2
https://palworld-chi.vercel.app/en/pal/gloopie-primo/breeding,pal-breeding,3,2
https://palworld-chi.vercel.app/en/pal/gloopie-primo/location,pal-location,3,2
https://palworld-chi.vercel.app/en/pal/gobfin,pal,2,2
https://palworld-chi.vercel.app/en/pal/gobfin/breeding,pal-breeding,3,2
https://palworld-chi.vercel.app/en/pal/gobfin/location,pal-location,3,2
https://palworld-chi.vercel.app/en/pal/gobfin-ignis,pal,2,2
https://palworld-chi.vercel.app/en/pal/gobfin-ignis/breeding,pal-breeding,3,2
https://palworld-chi.vercel.app/en/pal/gobfin-ignis/location,pal-location,3,2
https://palworld-chi.vercel.app/en/pal/gorirat,pal,2,2
https://palworld-chi.vercel.app/en/pal/gorirat/breeding,pal-breeding,3,2
https://palworld-chi.vercel.app/en/pal/gorirat/location,pal-location,3,2
https://palworld-chi.vercel.app/en/pal/gorirat-terra,pal,2,2
https://palworld-chi.vercel.app/en/pal/gorirat-terra/breeding,pal-breeding,3,2
https://palworld-chi.vercel.app/en/pal/gorirat-terra/location,pal-location,3,2
https://palworld-chi.vercel.app/en/pal/grintale,pal,2,2
https://palworld-chi.vercel.app/en/pal/grintale/breeding,pal-breeding,3,2
https://palworld-chi.vercel.app/en/pal/grintale/location,pal-location,3,2
https://palworld-chi.vercel.app/en/pal/grizzbolt,pal,3,3
https://palworld-chi.vercel.app/en/pal/grizzbolt/breeding,pal-breeding,3,2
https://palworld-chi.vercel.app/en/pal/grizzbolt/location,pal-location,3,2
https://palworld-chi.vercel.app/en/pal/gumoss,pal,2,2
https://palworld-chi.vercel.app/en/pal/gumoss/breeding,pal-breeding,3,2
https://palworld-chi.vercel.app/en/pal/gumoss/location,pal-location,3,2
https://palworld-chi.vercel.app/en/pal/hangyu,pal,2,2
https://palworld-chi.vercel.app/en/pal/hangyu/breeding,pal-breeding,3,2
https://palworld-chi.vercel.app/en/pal/hangyu/location,pal-location,3,2
https://palworld-chi.vercel.app/en/pal/hangyu-cryst,pal,2,2
https://palworld-chi.vercel.app/en/pal/hangyu-cryst/breeding,pal-breeding,3,2
https://palworld-chi.vercel.app/en/pal/hangyu-cryst/location,pal-location,3,2
https://palworld-chi.vercel.app/en/pal/hartalis,pal,2,2
https://palworld-chi.vercel.app/en/pal/hartalis/breeding,pal-breeding,3,2
https://palworld-chi.vercel.app/en/pal/hartalis/location,pal-location,3,2
https://palworld-chi.vercel.app/en/pal/helzephyr,pal,2,2
https://palworld-chi.vercel.app/en/pal/helzephyr/breeding,pal-breeding,3,2
https://palworld-chi.vercel.app/en/pal/helzephyr/location,pal-location,3,2
https://palworld-chi.vercel.app/en/pal/helzephyr-lux,pal,2,2
https://palworld-chi.vercel.app/en/pal/helzephyr-lux/breeding,pal-breeding,3,2
https://palworld-chi.vercel.app/en/pal/helzephyr-lux/location,pal-location,3,2
https://palworld-chi.vercel.app/en/pal/herbil,pal,2,2
https://palworld-chi.vercel.app/en/pal/herbil/breeding,pal-breeding,3,2
https://palworld-chi.vercel.app/en/pal/herbil/location,pal-location,3,2
https://palworld-chi.vercel.app/en/pal/hoocrates,pal,2,2
https://palworld-chi.vercel.app/en/pal/hoocrates/breeding,pal-breeding,3,2
https://palworld-chi.vercel.app/en/pal/hoocrates/location,pal-location,3,2
https://palworld-chi.vercel.app/en/pal/hoodle,pal,2,2
https://palworld-chi.vercel.app/en/pal/hoodle/breeding,pal-breeding,3,2
https://palworld-chi.vercel.app/en/pal/hoodle/location,pal-location,3,2
https://palworld-chi.vercel.app/en/pal/icelyn,pal,2,2
https://palworld-chi.vercel.app/en/pal/icelyn/breeding,pal-breeding,3,2
https://palworld-chi.vercel.app/en/pal/icelyn/location,pal-location,3,2
https://palworld-chi.vercel.app/en/pal/incineram,pal,2,2
https://palworld-chi.vercel.app/en/pal/incineram/breeding,pal-breeding,3,2
https://palworld-chi.vercel.app/en/pal/incineram/location,pal-location,3,2
https://palworld-chi.vercel.app/en/pal/incineram-noct,pal,2,2
https://palworld-chi.vercel.app/en/pal/incineram-noct/breeding,pal-breeding,3,2
https://palworld-chi.vercel.app/en/pal/incineram-noct/location,pal-location,3,2
https://palworld-chi.vercel.app/en/pal/jelliette,pal,2,2
https://palworld-chi.vercel.app/en/pal/jelliette/breeding,pal-breeding,3,2
https://palworld-chi.vercel.app/en/pal/jelliette/location,pal-location,3,2
https://palworld-chi.vercel.app/en/pal/jellroy,pal,2,2
https://palworld-chi.vercel.app/en/pal/jellroy/breeding,pal-breeding,3,2
https://palworld-chi.vercel.app/en/pal/jellroy/location,pal-location,3,2
https://palworld-chi.vercel.app/en/pal/jetragon,pal,3,3
https://palworld-chi.vercel.app/en/pal/jetragon/breeding,pal-breeding,3,2
https://palworld-chi.vercel.app/en/pal/jetragon/location,pal-location,3,2
https://palworld-chi.vercel.app/en/pal/jolthog,pal,2,2
https://palworld-chi.vercel.app/en/pal/jolthog/breeding,pal-breeding,3,2
https://palworld-chi.vercel.app/en/pal/jolthog/location,pal-location,3,2
https://palworld-chi.vercel.app/en/pal/jolthog-cryst,pal,2,2
https://palworld-chi.vercel.app/en/pal/jolthog-cryst/breeding,pal-breeding,3,2
https://palworld-chi.vercel.app/en/pal/jolthog-cryst/location,pal-location,3,2
https://palworld-chi.vercel.app/en/pal/jormuntide,pal,2,2
https://palworld-chi.vercel.app/en/pal/jormuntide/breeding,pal-breeding,3,2
https://palworld-chi.vercel.app/en/pal/jormuntide/location,pal-location,3,2
https://palworld-chi.vercel.app/en/pal/jormuntide-ignis,pal,2,2
https://palworld-chi.vercel.app/en/pal/jormuntide-ignis/breeding,pal-breeding,3,2
https://palworld-chi.vercel.app/en/pal/jormuntide-ignis/location,pal-location,3,2
https://palworld-chi.vercel.app/en/pal/katress,pal,2,2
https://palworld-chi.vercel.app/en/pal/katress/breeding,pal-breeding,3,2
https://palworld-chi.vercel.app/en/pal/katress/location,pal-location,3,2
https://palworld-chi.vercel.app/en/pal/katress-ignis,pal,2,2
https://palworld-chi.vercel.app/en/pal/katress-ignis/breeding,pal-breeding,3,2
https://palworld-chi.vercel.app/en/pal/katress-ignis/location,pal-location,3,2
https://palworld-chi.vercel.app/en/pal/kelpsea,pal,2,2
https://palworld-chi.vercel.app/en/pal/kelpsea/breeding,pal-breeding,3,2
https://palworld-chi.vercel.app/en/pal/kelpsea/location,pal-location,3,2
https://palworld-chi.vercel.app/en/pal/kelpsea-ignis,pal,2,2
https://palworld-chi.vercel.app/en/pal/kelpsea-ignis/breeding,pal-breeding,3,2
https://palworld-chi.vercel.app/en/pal/kelpsea-ignis/location,pal-location,3,2
https://palworld-chi.vercel.app/en/pal/kikit,pal,2,2
https://palworld-chi.vercel.app/en/pal/kikit/breeding,pal-breeding,3,2
https://palworld-chi.vercel.app/en/pal/kikit/location,pal-location,3,2
https://palworld-chi.vercel.app/en/pal/killamari,pal,2,2
https://palworld-chi.vercel.app/en/pal/killamari/breeding,pal-breeding,3,2
https://palworld-chi.vercel.app/en/pal/killamari/location,pal-location,3,2
https://palworld-chi.vercel.app/en/pal/killamari-primo,pal,2,2
https://palworld-chi.vercel.app/en/pal/killamari-primo/breeding,pal-breeding,3,2
https://palworld-chi.vercel.app/en/pal/killamari-primo/location,pal-location,3,2
https://palworld-chi.vercel.app/en/pal/kingpaca,pal,2,2
https://palworld-chi.vercel.app/en/pal/kingpaca/breeding,pal-breeding,3,2
https://palworld-chi.vercel.app/en/pal/kingpaca/location,pal-location,3,2
https://palworld-chi.vercel.app/en/pal/kingpaca-cryst,pal,2,2
https://palworld-chi.vercel.app/en/pal/kingpaca-cryst/breeding,pal-breeding,3,2
https://palworld-chi.vercel.app/en/pal/kingpaca-cryst/location,pal-location,3,2
https://palworld-chi.vercel.app/en/pal/kitsun,pal,2,2
https://palworld-chi.vercel.app/en/pal/kitsun/breeding,pal-breeding,3,2
https://palworld-chi.vercel.app/en/pal/kitsun/location,pal-location,3,2
https://palworld-chi.vercel.app/en/pal/kitsun-noct,pal,2,2
https://palworld-chi.vercel.app/en/pal/kitsun-noct/breeding,pal-breeding,3,2
https://palworld-chi.vercel.app/en/pal/kitsun-noct/location,pal-location,3,2
https://palworld-chi.vercel.app/en/pal/knocklem,pal,2,2
https://palworld-chi.vercel.app/en/pal/knocklem/breeding,pal-breeding,3,2
https://palworld-chi.vercel.app/en/pal/knocklem/location,pal-location,3,2
https://palworld-chi.vercel.app/en/pal/knocklem-ignis,pal,2,2
https://palworld-chi.vercel.app/en/pal/knocklem-ignis/breeding,pal-breeding,3,2
https://palworld-chi.vercel.app/en/pal/knocklem-ignis/location,pal-location,3,2
https://palworld-chi.vercel.app/en/pal/lamball,pal,2,2
https://palworld-chi.vercel.app/en/pal/lamball/breeding,pal-breeding,3,2
https://palworld-chi.vercel.app/en/pal/lamball/location,pal-location,3,2
https://palworld-chi.vercel.app/en/pal/lapiron,pal,2,2
https://palworld-chi.vercel.app/en/pal/lapiron/breeding,pal-breeding,3,2
https://palworld-chi.vercel.app/en/pal/lapiron/location,pal-location,3,2
https://palworld-chi.vercel.app/en/pal/lapure,pal,2,2
https://palworld-chi.vercel.app/en/pal/lapure/breeding,pal-breeding,3,2
https://palworld-chi.vercel.app/en/pal/lapure/location,pal-location,3,2
https://palworld-chi.vercel.app/en/pal/leafan,pal,2,2
https://palworld-chi.vercel.app/en/pal/leafan/breeding,pal-breeding,3,2
https://palworld-chi.vercel.app/en/pal/leafan/location,pal-location,3,2
https://palworld-chi.vercel.app/en/pal/leezpunk,pal,2,2
https://palworld-chi.vercel.app/en/pal/leezpunk/breeding,pal-breeding,3,2
https://palworld-chi.vercel.app/en/pal/leezpunk/location,pal-location,3,2
https://palworld-chi.vercel.app/en/pal/leezpunk-ignis,pal,2,2
https://palworld-chi.vercel.app/en/pal/leezpunk-ignis/breeding,pal-breeding,3,2
https://palworld-chi.vercel.app/en/pal/leezpunk-ignis/location,pal-location,3,2
https://palworld-chi.vercel.app/en/pal/lifmunk,pal,2,2
https://palworld-chi.vercel.app/en/pal/lifmunk/breeding,pal-breeding,3,2
https://palworld-chi.vercel.app/en/pal/lifmunk/location,pal-location,3,2
https://palworld-chi.vercel.app/en/pal/loomen,pal,2,2
https://palworld-chi.vercel.app/en/pal/loomen/breeding,pal-breeding,3,2
https://palworld-chi.vercel.app/en/pal/loomen/location,pal-location,3,2
https://palworld-chi.vercel.app/en/pal/loupmoon,pal,2,2
https://palworld-chi.vercel.app/en/pal/loupmoon/breeding,pal-breeding,3,2
https://palworld-chi.vercel.app/en/pal/loupmoon/location,pal-location,3,2
https://palworld-chi.vercel.app/en/pal/loupmoon-cryst,pal,2,2
https://palworld-chi.vercel.app/en/pal/loupmoon-cryst/breeding,pal-breeding,3,2
https://palworld-chi.vercel.app/en/pal/loupmoon-cryst/location,pal-location,3,2
https://palworld-chi.vercel.app/en/pal/lovander,pal,2,2
https://palworld-chi.vercel.app/en/pal/lovander/breeding,pal-breeding,3,2
https://palworld-chi.vercel.app/en/pal/lovander/location,pal-location,3,2
https://palworld-chi.vercel.app/en/pal/lullu,pal,2,2
https://palworld-chi.vercel.app/en/pal/lullu/breeding,pal-breeding,3,2
https://palworld-chi.vercel.app/en/pal/lullu/location,pal-location,3,2
https://palworld-chi.vercel.app/en/pal/lunaris,pal,2,2
https://palworld-chi.vercel.app/en/pal/lunaris/breeding,pal-breeding,3,2
https://palworld-chi.vercel.app/en/pal/lunaris/location,pal-location,3,2
https://palworld-chi.vercel.app/en/pal/lyleen,pal,3,3
https://palworld-chi.vercel.app/en/pal/lyleen/breeding,pal-breeding,3,2
https://palworld-chi.vercel.app/en/pal/lyleen/location,pal-location,3,2
https://palworld-chi.vercel.app/en/pal/lyleen-noct,pal,2,2
https://palworld-chi.vercel.app/en/pal/lyleen-noct/breeding,pal-breeding,3,2
https://palworld-chi.vercel.app/en/pal/lyleen-noct/location,pal-location,3,2
https://palworld-chi.vercel.app/en/pal/majex,pal,2,2
https://palworld-chi.vercel.app/en/pal/majex/breeding,pal-breeding,3,2
https://palworld-chi.vercel.app/en/pal/majex/location,pal-location,3,2
https://palworld-chi.vercel.app/en/pal/mammorest,pal,2,2
https://palworld-chi.vercel.app/en/pal/mammorest/breeding,pal-breeding,3,2
https://palworld-chi.vercel.app/en/pal/mammorest/location,pal-location,3,2
https://palworld-chi.vercel.app/en/pal/mammorest-cryst,pal,2,2
https://palworld-chi.vercel.app/en/pal/mammorest-cryst/breeding,pal-breeding,3,2
https://palworld-chi.vercel.app/en/pal/mammorest-cryst/location,pal-location,3,2
https://palworld-chi.vercel.app/en/pal/maraith,pal,2,2
https://palworld-chi.vercel.app/en/pal/maraith/breeding,pal-breeding,3,2
https://palworld-chi.vercel.app/en/pal/maraith/location,pal-location,3,2
https://palworld-chi.vercel.app/en/pal/mau,pal,2,2
https://palworld-chi.vercel.app/en/pal/mau/breeding,pal-breeding,3,2
https://palworld-chi.vercel.app/en/pal/mau/location,pal-location,3,2
https://palworld-chi.vercel.app/en/pal/mau-cryst,pal,2,2
https://palworld-chi.vercel.app/en/pal/mau-cryst/breeding,pal-breeding,3,2
https://palworld-chi.vercel.app/en/pal/mau-cryst/location,pal-location,3,2
https://palworld-chi.vercel.app/en/pal/melpaca,pal,2,2
https://palworld-chi.vercel.app/en/pal/melpaca/breeding,pal-breeding,3,2
https://palworld-chi.vercel.app/en/pal/melpaca/location,pal-location,3,2
https://palworld-chi.vercel.app/en/pal/menasting,pal,2,2
https://palworld-chi.vercel.app/en/pal/menasting/breeding,pal-breeding,3,2
https://palworld-chi.vercel.app/en/pal/menasting/location,pal-location,3,2
https://palworld-chi.vercel.app/en/pal/menasting-terra,pal,2,2
https://palworld-chi.vercel.app/en/pal/menasting-terra/breeding,pal-breeding,3,2
https://palworld-chi.vercel.app/en/pal/menasting-terra/location,pal-location,3,2
https://palworld-chi.vercel.app/en/pal/mimog,pal,2,2
https://palworld-chi.vercel.app/en/pal/mimog/breeding,pal-breeding,3,2
https://palworld-chi.vercel.app/en/pal/mimog/location,pal-location,3,2
https://palworld-chi.vercel.app/en/pal/moldron,pal,2,2
https://palworld-chi.vercel.app/en/pal/moldron/breeding,pal-breeding,3,2
https://palworld-chi.vercel.app/en/pal/moldron/location,pal-location,3,2
https://palworld-chi.vercel.app/en/pal/moldron-cryst,pal,2,2
https://palworld-chi.vercel.app/en/pal/moldron-cryst/breeding,pal-breeding,3,2
https://palworld-chi.vercel.app/en/pal/moldron-cryst/location,pal-location,3,2
https://palworld-chi.vercel.app/en/pal/mossanda,pal,2,2
https://palworld-chi.vercel.app/en/pal/mossanda/breeding,pal-breeding,3,2
https://palworld-chi.vercel.app/en/pal/mossanda/location,pal-location,3,2
https://palworld-chi.vercel.app/en/pal/mossanda-lux,pal,2,2
https://palworld-chi.vercel.app/en/pal/mossanda-lux/breeding,pal-breeding,3,2
https://palworld-chi.vercel.app/en/pal/mossanda-lux/location,pal-location,3,2
https://palworld-chi.vercel.app/en/pal/mozzarina,pal,2,2
https://palworld-chi.vercel.app/en/pal/mozzarina/breeding,pal-breeding,3,2
https://palworld-chi.vercel.app/en/pal/mozzarina/location,pal-location,3,2
https://palworld-chi.vercel.app/en/pal/muffly,pal,2,2
https://palworld-chi.vercel.app/en/pal/muffly/breeding,pal-breeding,3,2
https://palworld-chi.vercel.app/en/pal/muffly/location,pal-location,3,2
https://palworld-chi.vercel.app/en/pal/munchill,pal,2,2
https://palworld-chi.vercel.app/en/pal/munchill/breeding,pal-breeding,3,2
https://palworld-chi.vercel.app/en/pal/munchill/location,pal-location,3,2
https://palworld-chi.vercel.app/en/pal/mycora,pal,2,2
https://palworld-chi.vercel.app/en/pal/mycora/breeding,pal-breeding,3,2
https://palworld-chi.vercel.app/en/pal/mycora/location,pal-location,3,2
https://palworld-chi.vercel.app/en/pal/necromus,pal,2,2
https://palworld-chi.vercel.app/en/pal/necromus/breeding,pal-breeding,3,2
https://palworld-chi.vercel.app/en/pal/necromus/location,pal-location,3,2
https://palworld-chi.vercel.app/en/pal/needoll,pal,2,2
https://palworld-chi.vercel.app/en/pal/needoll/breeding,pal-breeding,3,2
https://palworld-chi.vercel.app/en/pal/needoll/location,pal-location,3,2
https://palworld-chi.vercel.app/en/pal/needoll-noct,pal,2,2
https://palworld-chi.vercel.app/en/pal/needoll-noct/breeding,pal-breeding,3,2
https://palworld-chi.vercel.app/en/pal/needoll-noct/location,pal-location,3,2
https://palworld-chi.vercel.app/en/pal/neptilius,pal,2,2
https://palworld-chi.vercel.app/en/pal/neptilius/breeding,pal-breeding,3,2
https://palworld-chi.vercel.app/en/pal/neptilius/location,pal-location,3,2
https://palworld-chi.vercel.app/en/pal/nitemary,pal,2,2
https://palworld-chi.vercel.app/en/pal/nitemary/breeding,pal-breeding,3,2
https://palworld-chi.vercel.app/en/pal/nitemary/location,pal-location,3,2
https://palworld-chi.vercel.app/en/pal/nitemary-botan,pal,2,2
https://palworld-chi.vercel.app/en/pal/nitemary-botan/breeding,pal-breeding,3,2
https://palworld-chi.vercel.app/en/pal/nitemary-botan/location,pal-location,3,2
https://palworld-chi.vercel.app/en/pal/nitewing,pal,2,2
https://palworld-chi.vercel.app/en/pal/nitewing/breeding,pal-breeding,3,2
https://palworld-chi.vercel.app/en/pal/nitewing/location,pal-location,3,2
https://palworld-chi.vercel.app/en/pal/nox,pal,2,2
https://palworld-chi.vercel.app/en/pal/nox/breeding,pal-breeding,3,2
https://palworld-chi.vercel.app/en/pal/nox/location,pal-location,3,2
https://palworld-chi.vercel.app/en/pal/nyafia,pal,2,2
https://palworld-chi.vercel.app/en/pal/nyafia/breeding,pal-breeding,3,2
https://palworld-chi.vercel.app/en/pal/nyafia/location,pal-location,3,2
https://palworld-chi.vercel.app/en/pal/omascul,pal,2,2
https://palworld-chi.vercel.app/en/pal/omascul/breeding,pal-breeding,3,2
https://palworld-chi.vercel.app/en/pal/omascul/location,pal-location,3,2
https://palworld-chi.vercel.app/en/pal/ophydia,pal,2,2
https://palworld-chi.vercel.app/en/pal/ophydia/breeding,pal-breeding,3,2
https://palworld-chi.vercel.app/en/pal/ophydia/location,pal-location,3,2
https://palworld-chi.vercel.app/en/pal/orserk,pal,3,3
https://palworld-chi.vercel.app/en/pal/orserk/breeding,pal-breeding,3,2
https://palworld-chi.vercel.app/en/pal/orserk/location,pal-location,3,2
https://palworld-chi.vercel.app/en/pal/paladius,pal,2,2
https://palworld-chi.vercel.app/en/pal/paladius/breeding,pal-breeding,3,2
https://palworld-chi.vercel.app/en/pal/paladius/location,pal-location,3,2
https://palworld-chi.vercel.app/en/pal/palumba,pal,2,2
https://palworld-chi.vercel.app/en/pal/palumba/breeding,pal-breeding,3,2
https://palworld-chi.vercel.app/en/pal/palumba/location,pal-location,3,2
https://palworld-chi.vercel.app/en/pal/panthalus,pal,2,2
https://palworld-chi.vercel.app/en/pal/panthalus/breeding,pal-breeding,3,2
https://palworld-chi.vercel.app/en/pal/panthalus/location,pal-location,3,2
https://palworld-chi.vercel.app/en/pal/pengullet,pal,2,2
https://palworld-chi.vercel.app/en/pal/pengullet/breeding,pal-breeding,3,2
https://palworld-chi.vercel.app/en/pal/pengullet/location,pal-location,3,2
https://palworld-chi.vercel.app/en/pal/pengullet-lux,pal,2,2
https://palworld-chi.vercel.app/en/pal/pengullet-lux/breeding,pal-breeding,3,2
https://palworld-chi.vercel.app/en/pal/pengullet-lux/location,pal-location,3,2
https://palworld-chi.vercel.app/en/pal/penking,pal,2,2
https://palworld-chi.vercel.app/en/pal/penking/breeding,pal-breeding,3,2
https://palworld-chi.vercel.app/en/pal/penking/location,pal-location,3,2
https://palworld-chi.vercel.app/en/pal/penking-lux,pal,2,2
https://palworld-chi.vercel.app/en/pal/penking-lux/breeding,pal-breeding,3,2
https://palworld-chi.vercel.app/en/pal/penking-lux/location,pal-location,3,2
https://palworld-chi.vercel.app/en/pal/petallia,pal,2,2
https://palworld-chi.vercel.app/en/pal/petallia/breeding,pal-breeding,3,2
https://palworld-chi.vercel.app/en/pal/petallia/location,pal-location,3,2
https://palworld-chi.vercel.app/en/pal/petallia-ignis,pal,2,2
https://palworld-chi.vercel.app/en/pal/petallia-ignis/breeding,pal-breeding,3,2
https://palworld-chi.vercel.app/en/pal/petallia-ignis/location,pal-location,3,2
https://palworld-chi.vercel.app/en/pal/pierdon,pal,2,2
https://palworld-chi.vercel.app/en/pal/pierdon/breeding,pal-breeding,3,2
https://palworld-chi.vercel.app/en/pal/pierdon/location,pal-location,3,2
https://palworld-chi.vercel.app/en/pal/pierdon-cryst,pal,2,2
https://palworld-chi.vercel.app/en/pal/pierdon-cryst/breeding,pal-breeding,3,2
https://palworld-chi.vercel.app/en/pal/pierdon-cryst/location,pal-location,3,2
https://palworld-chi.vercel.app/en/pal/polapup,pal,2,2
https://palworld-chi.vercel.app/en/pal/polapup/breeding,pal-breeding,3,2
https://palworld-chi.vercel.app/en/pal/polapup/location,pal-location,3,2
https://palworld-chi.vercel.app/en/pal/polapup-terra,pal,2,2
https://palworld-chi.vercel.app/en/pal/polapup-terra/breeding,pal-breeding,3,2
https://palworld-chi.vercel.app/en/pal/polapup-terra/location,pal-location,3,2
https://palworld-chi.vercel.app/en/pal/prixter,pal,2,2
https://palworld-chi.vercel.app/en/pal/prixter/breeding,pal-breeding,3,2
https://palworld-chi.vercel.app/en/pal/prixter/location,pal-location,3,2
https://palworld-chi.vercel.app/en/pal/prixter-lux,pal,2,2
https://palworld-chi.vercel.app/en/pal/prixter-lux/breeding,pal-breeding,3,2
https://palworld-chi.vercel.app/en/pal/prixter-lux/location,pal-location,3,2
https://palworld-chi.vercel.app/en/pal/prunelia,pal,2,2
https://palworld-chi.vercel.app/en/pal/prunelia/breeding,pal-breeding,3,2
https://palworld-chi.vercel.app/en/pal/prunelia/location,pal-location,3,2
https://palworld-chi.vercel.app/en/pal/puffolt,pal,2,2
https://palworld-chi.vercel.app/en/pal/puffolt/breeding,pal-breeding,3,2
https://palworld-chi.vercel.app/en/pal/puffolt/location,pal-location,3,2
https://palworld-chi.vercel.app/en/pal/pupperai,pal,2,2
https://palworld-chi.vercel.app/en/pal/pupperai/breeding,pal-breeding,3,2
https://palworld-chi.vercel.app/en/pal/pupperai/location,pal-location,3,2
https://palworld-chi.vercel.app/en/pal/pyrin,pal,2,2
https://palworld-chi.vercel.app/en/pal/pyrin/breeding,pal-breeding,3,2
https://palworld-chi.vercel.app/en/pal/pyrin/location,pal-location,3,2
https://palworld-chi.vercel.app/en/pal/pyrin-noct,pal,2,2
https://palworld-chi.vercel.app/en/pal/pyrin-noct/breeding,pal-breeding,3,2
https://palworld-chi.vercel.app/en/pal/pyrin-noct/location,pal-location,3,2
https://palworld-chi.vercel.app/en/pal/quivern,pal,2,2
https://palworld-chi.vercel.app/en/pal/quivern/breeding,pal-breeding,3,2
https://palworld-chi.vercel.app/en/pal/quivern/location,pal-location,3,2
https://palworld-chi.vercel.app/en/pal/quivern-botan,pal,2,2
https://palworld-chi.vercel.app/en/pal/quivern-botan/breeding,pal-breeding,3,2
https://palworld-chi.vercel.app/en/pal/quivern-botan/location,pal-location,3,2
https://palworld-chi.vercel.app/en/pal/ragnahawk,pal,2,2
https://palworld-chi.vercel.app/en/pal/ragnahawk/breeding,pal-breeding,3,2
https://palworld-chi.vercel.app/en/pal/ragnahawk/location,pal-location,3,2
https://palworld-chi.vercel.app/en/pal/rayhound,pal,2,2
https://palworld-chi.vercel.app/en/pal/rayhound/breeding,pal-breeding,3,2
https://palworld-chi.vercel.app/en/pal/rayhound/location,pal-location,3,2
https://palworld-chi.vercel.app/en/pal/rayhound-cryst,pal,2,2
https://palworld-chi.vercel.app/en/pal/rayhound-cryst/breeding,pal-breeding,3,2
https://palworld-chi.vercel.app/en/pal/rayhound-cryst/location,pal-location,3,2
https://palworld-chi.vercel.app/en/pal/reindrix,pal,2,2
https://palworld-chi.vercel.app/en/pal/reindrix/breeding,pal-breeding,3,2
https://palworld-chi.vercel.app/en/pal/reindrix/location,pal-location,3,2
https://palworld-chi.vercel.app/en/pal/relaxaurus,pal,2,2
https://palworld-chi.vercel.app/en/pal/relaxaurus/breeding,pal-breeding,3,2
https://palworld-chi.vercel.app/en/pal/relaxaurus/location,pal-location,3,2
https://palworld-chi.vercel.app/en/pal/relaxaurus-lux,pal,2,2
https://palworld-chi.vercel.app/en/pal/relaxaurus-lux/breeding,pal-breeding,3,2
https://palworld-chi.vercel.app/en/pal/relaxaurus-lux/location,pal-location,3,2
https://palworld-chi.vercel.app/en/pal/renjishi,pal,2,2
https://palworld-chi.vercel.app/en/pal/renjishi/breeding,pal-breeding,3,2
https://palworld-chi.vercel.app/en/pal/renjishi/location,pal-location,3,2
https://palworld-chi.vercel.app/en/pal/reptyro,pal,2,2
https://palworld-chi.vercel.app/en/pal/reptyro/breeding,pal-breeding,3,2
https://palworld-chi.vercel.app/en/pal/reptyro/location,pal-location,3,2
https://palworld-chi.vercel.app/en/pal/reptyro-cryst,pal,2,2
https://palworld-chi.vercel.app/en/pal/reptyro-cryst/breeding,pal-breeding,3,2
https://palworld-chi.vercel.app/en/pal/reptyro-cryst/location,pal-location,3,2
https://palworld-chi.vercel.app/en/pal/ribbuny,pal,2,2
https://palworld-chi.vercel.app/en/pal/ribbuny/breeding,pal-breeding,3,2
https://palworld-chi.vercel.app/en/pal/ribbuny/location,pal-location,3,2
https://palworld-chi.vercel.app/en/pal/ribbuny-botan,pal,2,2
https://palworld-chi.vercel.app/en/pal/ribbuny-botan/breeding,pal-breeding,3,2
https://palworld-chi.vercel.app/en/pal/ribbuny-botan/location,pal-location,3,2
https://palworld-chi.vercel.app/en/pal/robinquill,pal,2,2
https://palworld-chi.vercel.app/en/pal/robinquill/breeding,pal-breeding,3,2
https://palworld-chi.vercel.app/en/pal/robinquill/location,pal-location,3,2
https://palworld-chi.vercel.app/en/pal/robinquill-terra,pal,2,2
https://palworld-chi.vercel.app/en/pal/robinquill-terra/breeding,pal-breeding,3,2
https://palworld-chi.vercel.app/en/pal/robinquill-terra/location,pal-location,3,2
https://palworld-chi.vercel.app/en/pal/rooby,pal,2,2
https://palworld-chi.vercel.app/en/pal/rooby/breeding,pal-breeding,3,2
https://palworld-chi.vercel.app/en/pal/rooby/location,pal-location,3,2
https://palworld-chi.vercel.app/en/pal/roujay,pal,2,2
https://palworld-chi.vercel.app/en/pal/roujay/breeding,pal-breeding,3,2
https://palworld-chi.vercel.app/en/pal/roujay/location,pal-location,3,2
https://palworld-chi.vercel.app/en/pal/rushoar,pal,2,2
https://palworld-chi.vercel.app/en/pal/rushoar/breeding,pal-breeding,3,2
https://palworld-chi.vercel.app/en/pal/rushoar/location,pal-location,3,2
https://palworld-chi.vercel.app/en/pal/sekhmet,pal,2,2
https://palworld-chi.vercel.app/en/pal/sekhmet/breeding,pal-breeding,3,2
https://palworld-chi.vercel.app/en/pal/sekhmet/location,pal-location,3,2
https://palworld-chi.vercel.app/en/pal/selyne,pal,2,2
https://palworld-chi.vercel.app/en/pal/selyne/breeding,pal-breeding,3,2
https://palworld-chi.vercel.app/en/pal/selyne/location,pal-location,3,2
https://palworld-chi.vercel.app/en/pal/shadowbeak,pal,3,3
https://palworld-chi.vercel.app/en/pal/shadowbeak/breeding,pal-breeding,3,2
https://palworld-chi.vercel.app/en/pal/shadowbeak/location,pal-location,3,2
https://palworld-chi.vercel.app/en/pal/shaolong,pal,2,2
https://palworld-chi.vercel.app/en/pal/shaolong/breeding,pal-breeding,3,2
https://palworld-chi.vercel.app/en/pal/shaolong/location,pal-location,3,2
https://palworld-chi.vercel.app/en/pal/shroomer,pal,2,2
https://palworld-chi.vercel.app/en/pal/shroomer/breeding,pal-breeding,3,2
https://palworld-chi.vercel.app/en/pal/shroomer/location,pal-location,3,2
https://palworld-chi.vercel.app/en/pal/shroomer-noct,pal,2,2
https://palworld-chi.vercel.app/en/pal/shroomer-noct/breeding,pal-breeding,3,2
https://palworld-chi.vercel.app/en/pal/shroomer-noct/location,pal-location,3,2
https://palworld-chi.vercel.app/en/pal/sibelyx,pal,2,2
https://palworld-chi.vercel.app/en/pal/sibelyx/breeding,pal-breeding,3,2
https://palworld-chi.vercel.app/en/pal/sibelyx/location,pal-location,3,2
https://palworld-chi.vercel.app/en/pal/sibelyx-primo,pal,2,2
https://palworld-chi.vercel.app/en/pal/sibelyx-primo/breeding,pal-breeding,3,2
https://palworld-chi.vercel.app/en/pal/sibelyx-primo/location,pal-location,3,2
https://palworld-chi.vercel.app/en/pal/silvance,pal,2,2
https://palworld-chi.vercel.app/en/pal/silvance/breeding,pal-breeding,3,2
https://palworld-chi.vercel.app/en/pal/silvance/location,pal-location,3,2
https://palworld-chi.vercel.app/en/pal/silvegis,pal,2,2
https://palworld-chi.vercel.app/en/pal/silvegis/breeding,pal-breeding,3,2
https://palworld-chi.vercel.app/en/pal/silvegis/location,pal-location,3,2
https://palworld-chi.vercel.app/en/pal/skutlass,pal,2,2
https://palworld-chi.vercel.app/en/pal/skutlass/breeding,pal-breeding,3,2
https://palworld-chi.vercel.app/en/pal/skutlass/location,pal-location,3,2
https://palworld-chi.vercel.app/en/pal/skutlass-ignis,pal,2,2
https://palworld-chi.vercel.app/en/pal/skutlass-ignis/breeding,pal-breeding,3,2
https://palworld-chi.vercel.app/en/pal/skutlass-ignis/location,pal-location,3,2
https://palworld-chi.vercel.app/en/pal/slowatt,pal,2,2
https://palworld-chi.vercel.app/en/pal/slowatt/breeding,pal-breeding,3,2
https://palworld-chi.vercel.app/en/pal/slowatt/location,pal-location,3,2
https://palworld-chi.vercel.app/en/pal/smokie,pal,2,2
https://palworld-chi.vercel.app/en/pal/smokie/breeding,pal-breeding,3,2
https://palworld-chi.vercel.app/en/pal/smokie/location,pal-location,3,2
https://palworld-chi.vercel.app/en/pal/smokie-cryst,pal,2,2
https://palworld-chi.vercel.app/en/pal/smokie-cryst/breeding,pal-breeding,3,2
https://palworld-chi.vercel.app/en/pal/smokie-cryst/location,pal-location,3,2
https://palworld-chi.vercel.app/en/pal/snock,pal,2,2
https://palworld-chi.vercel.app/en/pal/snock/breeding,pal-breeding,3,2
https://palworld-chi.vercel.app/en/pal/snock/location,pal-location,3,2
https://palworld-chi.vercel.app/en/pal/snock-lux,pal,2,2
https://palworld-chi.vercel.app/en/pal/snock-lux/breeding,pal-breeding,3,2
https://palworld-chi.vercel.app/en/pal/snock-lux/location,pal-location,3,2
https://palworld-chi.vercel.app/en/pal/snugloo,pal,2,2
https://palworld-chi.vercel.app/en/pal/snugloo/breeding,pal-breeding,3,2
https://palworld-chi.vercel.app/en/pal/snugloo/location,pal-location,3,2
https://palworld-chi.vercel.app/en/pal/solenne,pal,2,2
https://palworld-chi.vercel.app/en/pal/solenne/breeding,pal-breeding,3,2
https://palworld-chi.vercel.app/en/pal/solenne/location,pal-location,3,2
https://palworld-chi.vercel.app/en/pal/solmora,pal,2,2
https://palworld-chi.vercel.app/en/pal/solmora/breeding,pal-breeding,3,2
https://palworld-chi.vercel.app/en/pal/solmora/location,pal-location,3,2
https://palworld-chi.vercel.app/en/pal/solmora-lux,pal,2,2
https://palworld-chi.vercel.app/en/pal/solmora-lux/breeding,pal-breeding,3,2
https://palworld-chi.vercel.app/en/pal/solmora-lux/location,pal-location,3,2
https://palworld-chi.vercel.app/en/pal/sootseer,pal,2,2
https://palworld-chi.vercel.app/en/pal/sootseer/breeding,pal-breeding,3,2
https://palworld-chi.vercel.app/en/pal/sootseer/location,pal-location,3,2
https://palworld-chi.vercel.app/en/pal/souffline,pal,2,2
https://palworld-chi.vercel.app/en/pal/souffline/breeding,pal-breeding,3,2
https://palworld-chi.vercel.app/en/pal/souffline/location,pal-location,3,2
https://palworld-chi.vercel.app/en/pal/sparkit,pal,2,2
https://palworld-chi.vercel.app/en/pal/sparkit/breeding,pal-breeding,3,2
https://palworld-chi.vercel.app/en/pal/sparkit/location,pal-location,3,2
https://palworld-chi.vercel.app/en/pal/splatterina,pal,2,2
https://palworld-chi.vercel.app/en/pal/splatterina/breeding,pal-breeding,3,2
https://palworld-chi.vercel.app/en/pal/splatterina/location,pal-location,3,2
https://palworld-chi.vercel.app/en/pal/starryon,pal,2,2
https://palworld-chi.vercel.app/en/pal/starryon/breeding,pal-breeding,3,2
https://palworld-chi.vercel.app/en/pal/starryon/location,pal-location,3,2
https://palworld-chi.vercel.app/en/pal/starryon-primo,pal,2,2
https://palworld-chi.vercel.app/en/pal/starryon-primo/breeding,pal-breeding,3,2
https://palworld-chi.vercel.app/en/pal/starryon-primo/location,pal-location,3,2
https://palworld-chi.vercel.app/en/pal/surfent,pal,2,2
https://palworld-chi.vercel.app/en/pal/surfent/breeding,pal-breeding,3,2
https://palworld-chi.vercel.app/en/pal/surfent/location,pal-location,3,2
https://palworld-chi.vercel.app/en/pal/surfent-terra,pal,2,2
https://palworld-chi.vercel.app/en/pal/surfent-terra/breeding,pal-breeding,3,2
https://palworld-chi.vercel.app/en/pal/surfent-terra/location,pal-location,3,2
https://palworld-chi.vercel.app/en/pal/suzaku,pal,2,2
https://palworld-chi.vercel.app/en/pal/suzaku/breeding,pal-breeding,3,2
https://palworld-chi.vercel.app/en/pal/suzaku/location,pal-location,3,2
https://palworld-chi.vercel.app/en/pal/suzaku-aqua,pal,2,2
https://palworld-chi.vercel.app/en/pal/suzaku-aqua/breeding,pal-breeding,3,2
https://palworld-chi.vercel.app/en/pal/suzaku-aqua/location,pal-location,3,2
https://palworld-chi.vercel.app/en/pal/swee,pal,2,2
https://palworld-chi.vercel.app/en/pal/swee/breeding,pal-breeding,3,2
https://palworld-chi.vercel.app/en/pal/swee/location,pal-location,3,2
https://palworld-chi.vercel.app/en/pal/sweepa,pal,2,2
https://palworld-chi.vercel.app/en/pal/sweepa/breeding,pal-breeding,3,2
https://palworld-chi.vercel.app/en/pal/sweepa/location,pal-location,3,2
https://palworld-chi.vercel.app/en/pal/tanzee,pal,2,2
https://palworld-chi.vercel.app/en/pal/tanzee/breeding,pal-breeding,3,2
https://palworld-chi.vercel.app/en/pal/tanzee/location,pal-location,3,2
https://palworld-chi.vercel.app/en/pal/tanzee-ignis,pal,2,2
https://palworld-chi.vercel.app/en/pal/tanzee-ignis/breeding,pal-breeding,3,2
https://palworld-chi.vercel.app/en/pal/tanzee-ignis/location,pal-location,3,2
https://palworld-chi.vercel.app/en/pal/tarantriss,pal,2,2
https://palworld-chi.vercel.app/en/pal/tarantriss/breeding,pal-breeding,3,2
https://palworld-chi.vercel.app/en/pal/tarantriss/location,pal-location,3,2
https://palworld-chi.vercel.app/en/pal/teafant,pal,2,2
https://palworld-chi.vercel.app/en/pal/teafant/breeding,pal-breeding,3,2
https://palworld-chi.vercel.app/en/pal/teafant/location,pal-location,3,2
https://palworld-chi.vercel.app/en/pal/tetroise,pal,2,2
https://palworld-chi.vercel.app/en/pal/tetroise/breeding,pal-breeding,3,2
https://palworld-chi.vercel.app/en/pal/tetroise/location,pal-location,3,2
https://palworld-chi.vercel.app/en/pal/tetroise-primo,pal,2,2
https://palworld-chi.vercel.app/en/pal/tetroise-primo/breeding,pal-breeding,3,2
https://palworld-chi.vercel.app/en/pal/tetroise-primo/location,pal-location,3,2
https://palworld-chi.vercel.app/en/pal/tocotoco,pal,2,2
https://palworld-chi.vercel.app/en/pal/tocotoco/breeding,pal-breeding,3,2
https://palworld-chi.vercel.app/en/pal/tocotoco/location,pal-location,3,2
https://palworld-chi.vercel.app/en/pal/tombat,pal,2,2
https://palworld-chi.vercel.app/en/pal/tombat/breeding,pal-breeding,3,2
https://palworld-chi.vercel.app/en/pal/tombat/location,pal-location,3,2
https://palworld-chi.vercel.app/en/pal/tropicaw,pal,2,2
https://palworld-chi.vercel.app/en/pal/tropicaw/breeding,pal-breeding,3,2
https://palworld-chi.vercel.app/en/pal/tropicaw/location,pal-location,3,2
https://palworld-chi.vercel.app/en/pal/turtacle,pal,2,2
https://palworld-chi.vercel.app/en/pal/turtacle/breeding,pal-breeding,3,2
https://palworld-chi.vercel.app/en/pal/turtacle/location,pal-location,3,2
https://palworld-chi.vercel.app/en/pal/turtacle-terra,pal,2,2
https://palworld-chi.vercel.app/en/pal/turtacle-terra/breeding,pal-breeding,3,2
https://palworld-chi.vercel.app/en/pal/turtacle-terra/location,pal-location,3,2
https://palworld-chi.vercel.app/en/pal/univolt,pal,2,2
https://palworld-chi.vercel.app/en/pal/univolt/breeding,pal-breeding,3,2
https://palworld-chi.vercel.app/en/pal/univolt/location,pal-location,3,2
https://palworld-chi.vercel.app/en/pal/univolt-cryst,pal,2,2
https://palworld-chi.vercel.app/en/pal/univolt-cryst/breeding,pal-breeding,3,2
https://palworld-chi.vercel.app/en/pal/univolt-cryst/location,pal-location,3,2
https://palworld-chi.vercel.app/en/pal/vaelet,pal,2,2
https://palworld-chi.vercel.app/en/pal/vaelet/breeding,pal-breeding,3,2
https://palworld-chi.vercel.app/en/pal/vaelet/location,pal-location,3,2
https://palworld-chi.vercel.app/en/pal/valentail,pal,2,2
https://palworld-chi.vercel.app/en/pal/valentail/breeding,pal-breeding,3,2
https://palworld-chi.vercel.app/en/pal/valentail/location,pal-location,3,2
https://palworld-chi.vercel.app/en/pal/vanwyrm,pal,2,2
https://palworld-chi.vercel.app/en/pal/vanwyrm/breeding,pal-breeding,3,2
https://palworld-chi.vercel.app/en/pal/vanwyrm/location,pal-location,3,2
https://palworld-chi.vercel.app/en/pal/vanwyrm-cryst,pal,2,2
https://palworld-chi.vercel.app/en/pal/vanwyrm-cryst/breeding,pal-breeding,3,2
https://palworld-chi.vercel.app/en/pal/vanwyrm-cryst/location,pal-location,3,2
https://palworld-chi.vercel.app/en/pal/venusa,pal,2,2
https://palworld-chi.vercel.app/en/pal/venusa/breeding,pal-breeding,3,2
https://palworld-chi.vercel.app/en/pal/venusa/location,pal-location,3,2
https://palworld-chi.vercel.app/en/pal/verdash,pal,2,2
https://palworld-chi.vercel.app/en/pal/verdash/breeding,pal-breeding,3,2
https://palworld-chi.vercel.app/en/pal/verdash/location,pal-location,3,2
https://palworld-chi.vercel.app/en/pal/vixy,pal,2,2
https://palworld-chi.vercel.app/en/pal/vixy/breeding,pal-breeding,3,2
https://palworld-chi.vercel.app/en/pal/vixy/location,pal-location,3,2
https://palworld-chi.vercel.app/en/pal/warsect,pal,2,2
https://palworld-chi.vercel.app/en/pal/warsect/breeding,pal-breeding,3,2
https://palworld-chi.vercel.app/en/pal/warsect/location,pal-location,3,2
https://palworld-chi.vercel.app/en/pal/warsect-terra,pal,2,2
https://palworld-chi.vercel.app/en/pal/warsect-terra/breeding,pal-breeding,3,2
https://palworld-chi.vercel.app/en/pal/warsect-terra/location,pal-location,3,2
https://palworld-chi.vercel.app/en/pal/whalaska,pal,2,2
https://palworld-chi.vercel.app/en/pal/whalaska/breeding,pal-breeding,3,2
https://palworld-chi.vercel.app/en/pal/whalaska/location,pal-location,3,2
https://palworld-chi.vercel.app/en/pal/whalaska-ignis,pal,2,2
https://palworld-chi.vercel.app/en/pal/whalaska-ignis/breeding,pal-breeding,3,2
https://palworld-chi.vercel.app/en/pal/whalaska-ignis/location,pal-location,3,2
https://palworld-chi.vercel.app/en/pal/wispaw,pal,2,2
https://palworld-chi.vercel.app/en/pal/wispaw/breeding,pal-breeding,3,2
https://palworld-chi.vercel.app/en/pal/wispaw/location,pal-location,3,2
https://palworld-chi.vercel.app/en/pal/wistella,pal,2,2
https://palworld-chi.vercel.app/en/pal/wistella/breeding,pal-breeding,3,2
https://palworld-chi.vercel.app/en/pal/wistella/location,pal-location,3,2
https://palworld-chi.vercel.app/en/pal/wixen,pal,2,2
https://palworld-chi.vercel.app/en/pal/wixen/breeding,pal-breeding,3,2
https://palworld-chi.vercel.app/en/pal/wixen/location,pal-location,3,2
https://palworld-chi.vercel.app/en/pal/wixen-noct,pal,2,2
https://palworld-chi.vercel.app/en/pal/wixen-noct/breeding,pal-breeding,3,2
https://palworld-chi.vercel.app/en/pal/wixen-noct/location,pal-location,3,2
https://palworld-chi.vercel.app/en/pal/woolipop,pal,2,2
https://palworld-chi.vercel.app/en/pal/woolipop/breeding,pal-breeding,3,2
https://palworld-chi.vercel.app/en/pal/woolipop/location,pal-location,3,2
https://palworld-chi.vercel.app/en/pal/woolipop-terra,pal,2,2
https://palworld-chi.vercel.app/en/pal/woolipop-terra/breeding,pal-breeding,3,2
https://palworld-chi.vercel.app/en/pal/woolipop-terra/location,pal-location,3,2
https://palworld-chi.vercel.app/en/pal/wumpo,pal,2,2
https://palworld-chi.vercel.app/en/pal/wumpo/breeding,pal-breeding,3,2
https://palworld-chi.vercel.app/en/pal/wumpo/location,pal-location,3,2
https://palworld-chi.vercel.app/en/pal/wumpo-botan,pal,2,2
https://palworld-chi.vercel.app/en/pal/wumpo-botan/breeding,pal-breeding,3,2
https://palworld-chi.vercel.app/en/pal/wumpo-botan/location,pal-location,3,2
https://palworld-chi.vercel.app/en/pal/xenogard,pal,2,2
https://palworld-chi.vercel.app/en/pal/xenogard/breeding,pal-breeding,3,2
https://palworld-chi.vercel.app/en/pal/xenogard/location,pal-location,3,2
https://palworld-chi.vercel.app/en/pal/xenolord,pal,2,2
https://palworld-chi.vercel.app/en/pal/xenolord/breeding,pal-breeding,3,2
https://palworld-chi.vercel.app/en/pal/xenolord/location,pal-location,3,2
https://palworld-chi.vercel.app/en/pal/xenovader,pal,2,2
https://palworld-chi.vercel.app/en/pal/xenovader/breeding,pal-breeding,3,2
https://palworld-chi.vercel.app/en/pal/xenovader/location,pal-location,3,2
https://palworld-chi.vercel.app/en/pal/yakumo,pal,2,2
https://palworld-chi.vercel.app/en/pal/yakumo/breeding,pal-breeding,3,2
https://palworld-chi.vercel.app/en/pal/yakumo/location,pal-location,3,2
https://palworld-chi.vercel.app/en/pals,pals,3077,2785
https://palworld-chi.vercel.app/en/items,items,19504,2785
https://palworld-chi.vercel.app/en/item/accessory-airdash1,item,2,2
https://palworld-chi.vercel.app/en/item/accessory-airdash2,item,2,2
https://palworld-chi.vercel.app/en/item/accessory-airdash3,item,2,2
https://palworld-chi.vercel.app/en/item/accessory-aquaresist-1,item,2,2
https://palworld-chi.vercel.app/en/item/accessory-at-1,item,2,2
https://palworld-chi.vercel.app/en/item/accessory-avoid-1,item,2,2
https://palworld-chi.vercel.app/en/item/accessory-coldice-1,item,2,2
https://palworld-chi.vercel.app/en/item/accessory-coolresist-1,item,2,2
https://palworld-chi.vercel.app/en/item/accessory-darkresist-1,item,2,2
https://palworld-chi.vercel.app/en/item/accessory-defense-1,item,2,2
https://palworld-chi.vercel.app/en/item/accessory-dfhp-1,item,2,2
https://palworld-chi.vercel.app/en/item/accessory-dragonresist-1,item,2,2
https://palworld-chi.vercel.app/en/item/accessory-earthresist-1,item,2,2
https://palworld-chi.vercel.app/en/item/accessory-explosionresist,item,2,2
https://palworld-chi.vercel.app/en/item/accessory-fireresist-1,item,2,2
https://palworld-chi.vercel.app/en/item/accessory-hchp-1,item,2,2
https://palworld-chi.vercel.app/en/item/accessory-hcmw-1,item,2,2
https://palworld-chi.vercel.app/en/item/accessory-heatcoldresist-1,item,2,2
https://palworld-chi.vercel.app/en/item/accessory-heatfire-1,item,2,2
https://palworld-chi.vercel.app/en/item/accessory-heatresist-1,item,2,2
https://palworld-chi.vercel.app/en/item/accessory-hp-1,item,2,2
https://palworld-chi.vercel.app/en/item/accessory-iceresist-1,item,2,2
https://palworld-chi.vercel.app/en/item/accessory-jumpair-1,item,2,2
https://palworld-chi.vercel.app/en/item/accessory-jumpair-2,item,2,2
https://palworld-chi.vercel.app/en/item/accessory-jumpcount-increase1,item,2,2
https://palworld-chi.vercel.app/en/item/accessory-jumpcount-increase2,item,2,2
https://palworld-chi.vercel.app/en/item/accessory-jumppower-increase,item,2,2
https://palworld-chi.vercel.app/en/item/accessory-leafresist-1,item,2,2
https://palworld-chi.vercel.app/en/item/accessory-maxweightup-01,item,2,2
https://palworld-chi.vercel.app/en/item/accessory-nonkchecker-1,item,2,2
https://palworld-chi.vercel.app/en/item/accessory-nonkilling,item,2,2
https://palworld-chi.vercel.app/en/item/accessory-normalresist-1,item,2,2
https://palworld-chi.vercel.app/en/item/accessory-otomo-dargon-1,item,2,2
https://palworld-chi.vercel.app/en/item/accessory-otomo-dark-1,item,2,2
https://palworld-chi.vercel.app/en/item/accessory-otomo-earth-1,item,2,2
https://palworld-chi.vercel.app/en/item/accessory-otomo-electricity-1,item,2,2
https://palworld-chi.vercel.app/en/item/accessory-otomo-fire-1,item,2,2
https://palworld-chi.vercel.app/en/item/accessory-otomo-fire-2,item,2,2
https://palworld-chi.vercel.app/en/item/accessory-otomo-ice-1,item,2,2
https://palworld-chi.vercel.app/en/item/accessory-otomo-leaf-1,item,2,2
https://palworld-chi.vercel.app/en/item/accessory-otomo-water-1,item,2,2
https://palworld-chi.vercel.app/en/item/accessory-ppat-1,item,2,2
https://palworld-chi.vercel.app/en/item/accessory-ppdf-1,item,2,2
https://palworld-chi.vercel.app/en/item/accessory-superjumpair-1,item,2,2
https://palworld-chi.vercel.app/en/item/accessory-superjumpair-2,item,2,2
https://palworld-chi.vercel.app/en/item/accessory-talentchecker,item,2,2
https://palworld-chi.vercel.app/en/item/accessory-thunderresist-1,item,2,2
https://palworld-chi.vercel.app/en/item/accessory-wkmc-1,item,2,2
https://palworld-chi.vercel.app/en/item/accessory-workspeed-1,item,2,2
https://palworld-chi.vercel.app/en/item/additionalinventory-001,item,2,2
https://palworld-chi.vercel.app/en/item/additionalinventory-002,item,2,2
https://palworld-chi.vercel.app/en/item/additionalinventory-003,item,2,2
https://palworld-chi.vercel.app/en/item/additionalinventory-004,item,2,2
https://palworld-chi.vercel.app/en/item/affectionfruit-01,item,2,2
https://palworld-chi.vercel.app/en/item/affectionfruit-02,item,2,2
https://palworld-chi.vercel.app/en/item/aicore,item,2,2
https://palworld-chi.vercel.app/en/item/ancientarmor,item,2,2
https://palworld-chi.vercel.app/en/item/ancientarmor-2,item,2,2
https://palworld-chi.vercel.app/en/item/ancientarmor-3,item,2,2
https://palworld-chi.vercel.app/en/item/ancientarmor-4,item,2,2
https://palworld-chi.vercel.app/en/item/ancientarmor-5,item,1,1
https://palworld-chi.vercel.app/en/item/ancientarmorcold,item,1,1
https://palworld-chi.vercel.app/en/item/ancientarmorcold-2,item,1,1
https://palworld-chi.vercel.app/en/item/ancientarmorcold-3,item,1,1
https://palworld-chi.vercel.app/en/item/ancientarmorcold-4,item,1,1
https://palworld-chi.vercel.app/en/item/ancientarmorcold-5,item,1,1
https://palworld-chi.vercel.app/en/item/ancientarmorheat,item,1,1
https://palworld-chi.vercel.app/en/item/ancientarmorheat-2,item,1,1
https://palworld-chi.vercel.app/en/item/ancientarmorheat-3,item,1,1
https://palworld-chi.vercel.app/en/item/ancientarmorheat-4,item,1,1
https://palworld-chi.vercel.app/en/item/ancientarmorheat-5,item,1,1
https://palworld-chi.vercel.app/en/item/ancientarmorweight,item,1,1
https://palworld-chi.vercel.app/en/item/ancientarmorweight-2,item,1,1
https://palworld-chi.vercel.app/en/item/ancientarmorweight-3,item,1,1
https://palworld-chi.vercel.app/en/item/ancientarmorweight-4,item,1,1
https://palworld-chi.vercel.app/en/item/ancientarmorweight-5,item,1,1
https://palworld-chi.vercel.app/en/item/ancienthelmet,item,1,1
https://palworld-chi.vercel.app/en/item/ancienthelmet-2,item,1,1
https://palworld-chi.vercel.app/en/item/ancienthelmet-3,item,1,1
https://palworld-chi.vercel.app/en/item/ancienthelmet-4,item,1,1
https://palworld-chi.vercel.app/en/item/ancienthelmet-5,item,1,1
https://palworld-chi.vercel.app/en/item/ancientparts2,item,3,3
https://palworld-chi.vercel.app/en/item/ancientparts3,item,1,1
https://palworld-chi.vercel.app/en/item/ancienttechnologybook-g1,item,1,1
https://palworld-chi.vercel.app/en/item/arrow,item,3,3
https://palworld-chi.vercel.app/en/item/arrow-fire,item,1,1
https://palworld-chi.vercel.app/en/item/arrow-poison,item,1,1
https://palworld-chi.vercel.app/en/item/assaultrifle-default1,item,1,1
https://palworld-chi.vercel.app/en/item/assaultrifle-default2,item,1,1
https://palworld-chi.vercel.app/en/item/assaultrifle-default3,item,1,1
https://palworld-chi.vercel.app/en/item/assaultrifle-default4,item,1,1
https://palworld-chi.vercel.app/en/item/assaultrifle-default5,item,1,1
https://palworld-chi.vercel.app/en/item/assaultriflebullet,item,1,1
https://palworld-chi.vercel.app/en/item/automealpouch-tier1,item,1,1
https://palworld-chi.vercel.app/en/item/automealpouch-tier2,item,1,1
https://palworld-chi.vercel.app/en/item/automealpouch-tier3,item,1,1
https://palworld-chi.vercel.app/en/item/automealpouch-tier4,item,1,1
https://palworld-chi.vercel.app/en/item/automealpouch-tier5,item,1,1
https://palworld-chi.vercel.app/en/item/axe-steal,item,1,1
https://palworld-chi.vercel.app/en/item/axe-tier-00,item,1,1
https://palworld-chi.vercel.app/en/item/axe-tier-01,item,1,1
https://palworld-chi.vercel.app/en/item/axe-tier-02,item,1,1
https://palworld-chi.vercel.app/en/item/baconeggs,item,1,1
https://palworld-chi.vercel.app/en/item/baked-berries,item,1,1
https://palworld-chi.vercel.app/en/item/bakedmeat-berrygoat,item,1,1
https://palworld-chi.vercel.app/en/item/bakedmeat-boar,item,1,1
https://palworld-chi.vercel.app/en/item/bakedmeat-chickenpal,item,1,1
https://palworld-chi.vercel.app/en/item/bakedmeat-cowpal,item,1,1
https://palworld-chi.vercel.app/en/item/bakedmeat-deer,item,1,1
https://palworld-chi.vercel.app/en/item/bakedmeat-eagle,item,1,1
https://palworld-chi.vercel.app/en/item/bakedmeat-grassmammoth,item,1,1
https://palworld-chi.vercel.app/en/item/bakedmeat-icecrocodile,item,1,1
https://palworld-chi.vercel.app/en/item/bakedmeat-icedeer,item,1,1
https://palworld-chi.vercel.app/en/item/bakedmeat-kelpie,item,1,1
https://palworld-chi.vercel.app/en/item/bakedmeat-lazycatfish,item,1,1
https://palworld-chi.vercel.app/en/item/bakedmeat-sakurasaurus,item,1,1
https://palworld-chi.vercel.app/en/item/bakedmeat-sheepball,item,1,1
https://palworld-chi.vercel.app/en/item/bakedmushroom,item,1,1
https://palworld-chi.vercel.app/en/item/bat,item,1,1
https://palworld-chi.vercel.app/en/item/bat2,item,1,1
https://palworld-chi.vercel.app/en/item/bat3,item,1,1
https://palworld-chi.vercel.app/en/item/bat3-2,item,1,1
https://palworld-chi.vercel.app/en/item/bat3-3,item,1,1
https://palworld-chi.vercel.app/en/item/bat3-4,item,1,1
https://palworld-chi.vercel.app/en/item/bat3-5,item,1,1
https://palworld-chi.vercel.app/en/item/battleticket,item,1,1
https://palworld-chi.vercel.app/en/item/beamlauncher,item,1,1
https://palworld-chi.vercel.app/en/item/beamlauncher-2,item,1,1
https://palworld-chi.vercel.app/en/item/beamlauncher-3,item,1,1
https://palworld-chi.vercel.app/en/item/beamlauncher-4,item,1,1
https://palworld-chi.vercel.app/en/item/beamlauncher-5,item,1,1
https://palworld-chi.vercel.app/en/item/beamlauncherbullet,item,1,1
https://palworld-chi.vercel.app/en/item/beamsword,item,1,1
https://palworld-chi.vercel.app/en/item/beamsword-2,item,1,1
https://palworld-chi.vercel.app/en/item/beamsword-3,item,1,1
https://palworld-chi.vercel.app/en/item/beamsword-4,item,1,1
https://palworld-chi.vercel.app/en/item/beamsword-5,item,1,1
https://palworld-chi.vercel.app/en/item/beastbone-ancient,item,1,1
https://palworld-chi.vercel.app/en/item/berries,item,8,8
https://palworld-chi.vercel.app/en/item/berryseeds,item,4,4
https://palworld-chi.vercel.app/en/item/bio-battery,item,1,1
https://palworld-chi.vercel.app/en/item/bio-coolant,item,1,1
https://palworld-chi.vercel.app/en/item/blueprint-accessory-aquaresist-1-2,item,1,1
https://palworld-chi.vercel.app/en/item/blueprint-accessory-at-1-2,item,1,1
https://palworld-chi.vercel.app/en/item/blueprint-accessory-avoid-1-fix,item,1,1
https://palworld-chi.vercel.app/en/item/blueprint-accessory-coldice-1,item,1,1
https://palworld-chi.vercel.app/en/item/blueprint-accessory-coolresist-1-2,item,1,1
https://palworld-chi.vercel.app/en/item/blueprint-accessory-darkresist-1-2,item,1,1
https://palworld-chi.vercel.app/en/item/blueprint-accessory-defense-1-2,item,1,1
https://palworld-chi.vercel.app/en/item/blueprint-accessory-dfhp-1,item,1,1
https://palworld-chi.vercel.app/en/item/blueprint-accessory-dragonresist-1-2,item,1,1
https://palworld-chi.vercel.app/en/item/blueprint-accessory-earthresist-1-2,item,1,1
https://palworld-chi.vercel.app/en/item/blueprint-accessory-fireresist-1-2,item,1,1
https://palworld-chi.vercel.app/en/item/blueprint-accessory-hchp-1,item,1,1
https://palworld-chi.vercel.app/en/item/blueprint-accessory-hcmw-1,item,1,1
https://palworld-chi.vercel.app/en/item/blueprint-accessory-heatcoldresist-1-2,item,1,1
https://palworld-chi.vercel.app/en/item/blueprint-accessory-heatfire-1,item,1,1
https://palworld-chi.vercel.app/en/item/blueprint-accessory-heatresist-1-2,item,1,1
https://palworld-chi.vercel.app/en/item/blueprint-accessory-hp-1-2,item,1,1
https://palworld-chi.vercel.app/en/item/blueprint-accessory-iceresist-1-2,item,1,1
https://palworld-chi.vercel.app/en/item/blueprint-accessory-jumpair-1,item,1,1
https://palworld-chi.vercel.app/en/item/blueprint-accessory-jumpair-2,item,1,1
https://palworld-chi.vercel.app/en/item/blueprint-accessory-leafresist-1-2,item,1,1
https://palworld-chi.vercel.app/en/item/blueprint-accessory-maxweightup-01-2,item,1,1
https://palworld-chi.vercel.app/en/item/blueprint-accessory-nonkchecker-1,item,1,1
https://palworld-chi.vercel.app/en/item/blueprint-accessory-normalresist-1-2,item,1,1
https://palworld-chi.vercel.app/en/item/blueprint-accessory-otomo-dargon-1,item,1,1
https://palworld-chi.vercel.app/en/item/blueprint-accessory-otomo-dark-1,item,1,1
https://palworld-chi.vercel.app/en/item/blueprint-accessory-otomo-earth-1,item,1,1
https://palworld-chi.vercel.app/en/item/blueprint-accessory-otomo-electricity-1,item,1,1
https://palworld-chi.vercel.app/en/item/blueprint-accessory-otomo-fire-1,item,1,1
https://palworld-chi.vercel.app/en/item/blueprint-accessory-otomo-fire-2,item,1,1
https://palworld-chi.vercel.app/en/item/blueprint-accessory-otomo-ice-1,item,1,1
https://palworld-chi.vercel.app/en/item/blueprint-accessory-otomo-leaf-1,item,1,1
https://palworld-chi.vercel.app/en/item/blueprint-accessory-otomo-water-1,item,1,1
https://palworld-chi.vercel.app/en/item/blueprint-accessory-ppat-1,item,1,1
https://palworld-chi.vercel.app/en/item/blueprint-accessory-ppdf-1,item,1,1
https://palworld-chi.vercel.app/en/item/blueprint-accessory-superjumpair-1,item,1,1
https://palworld-chi.vercel.app/en/item/blueprint-accessory-superjumpair-2,item,1,1
https://palworld-chi.vercel.app/en/item/blueprint-accessory-thunderresist-1-2,item,1,1
https://palworld-chi.vercel.app/en/item/blueprint-accessory-wkmc-1,item,1,1
https://palworld-chi.vercel.app/en/item/blueprint-accessory-workspeed-1-2,item,1,1
https://palworld-chi.vercel.app/en/item/blueprint-ancientarmor-2,item,1,1
https://palworld-chi.vercel.app/en/item/blueprint-ancientarmor-3,item,1,1
https://palworld-chi.vercel.app/en/item/blueprint-ancientarmor-4,item,1,1
https://palworld-chi.vercel.app/en/item/blueprint-ancientarmor-5,item,1,1
https://palworld-chi.vercel.app/en/item/blueprint-ancientarmorcold-2,item,1,1
https://palworld-chi.vercel.app/en/item/blueprint-ancientarmorcold-3,item,1,1
https://palworld-chi.vercel.app/en/item/blueprint-ancientarmorcold-4,item,1,1
https://palworld-chi.vercel.app/en/item/blueprint-ancientarmorcold-5,item,1,1
https://palworld-chi.vercel.app/en/item/blueprint-ancientarmorheat-2,item,1,1
https://palworld-chi.vercel.app/en/item/blueprint-ancientarmorheat-3,item,1,1
https://palworld-chi.vercel.app/en/item/blueprint-ancientarmorheat-4,item,1,1
https://palworld-chi.vercel.app/en/item/blueprint-ancientarmorheat-5,item,1,1
https://palworld-chi.vercel.app/en/item/blueprint-ancientarmorweight-2,item,1,1
https://palworld-chi.vercel.app/en/item/blueprint-ancientarmorweight-3,item,1,1
https://palworld-chi.vercel.app/en/item/blueprint-ancientarmorweight-4,item,1,1
https://palworld-chi.vercel.app/en/item/blueprint-ancientarmorweight-5,item,1,1
https://palworld-chi.vercel.app/en/item/blueprint-ancienthelmet-2,item,1,1
https://palworld-chi.vercel.app/en/item/blueprint-ancienthelmet-3,item,1,1
https://palworld-chi.vercel.app/en/item/blueprint-ancienthelmet-4,item,1,1
https://palworld-chi.vercel.app/en/item/blueprint-ancienthelmet-5,item,1,1
https://palworld-chi.vercel.app/en/item/blueprint-assaultrifle-default2,item,1,1
https://palworld-chi.vercel.app/en/item/blueprint-assaultrifle-default3,item,1,1
https://palworld-chi.vercel.app/en/item/blueprint-assaultrifle-default4,item,1,1
https://palworld-chi.vercel.app/en/item/blueprint-assaultrifle-default5,item,1,1
https://palworld-chi.vercel.app/en/item/blueprint-bat3-2,item,1,1
https://palworld-chi.vercel.app/en/item/blueprint-bat3-3,item,1,1
https://palworld-chi.vercel.app/en/item/blueprint-bat3-4,item,1,1
https://palworld-chi.vercel.app/en/item/blueprint-bat3-5,item,1,1
https://palworld-chi.vercel.app/en/item/blueprint-beamlauncher-2,item,1,1
https://palworld-chi.vercel.app/en/item/blueprint-beamlauncher-3,item,1,1
https://palworld-chi.vercel.app/en/item/blueprint-beamlauncher-4,item,1,1
https://palworld-chi.vercel.app/en/item/blueprint-beamlauncher-5,item,1,1
https://palworld-chi.vercel.app/en/item/blueprint-beamsword-2,item,1,1
https://palworld-chi.vercel.app/en/item/blueprint-beamsword-3,item,1,1
https://palworld-chi.vercel.app/en/item/blueprint-beamsword-4,item,1,1
https://palworld-chi.vercel.app/en/item/blueprint-beamsword-5,item,1,1
https://palworld-chi.vercel.app/en/item/blueprint-bowgun-2,item,1,1
https://palworld-chi.vercel.app/en/item/blueprint-bowgun-3,item,1,1
https://palworld-chi.vercel.app/en/item/blueprint-bowgun-4,item,1,1
https://palworld-chi.vercel.app/en/item/blueprint-bowgun-5,item,1,1
https://palworld-chi.vercel.app/en/item/blueprint-candlestand,item,1,1
https://palworld-chi.vercel.app/en/item/blueprint-chargelaserrifle-2,item,1,1
https://palworld-chi.vercel.app/en/item/blueprint-chargelaserrifle-3,item,1,1
https://palworld-chi.vercel.app/en/item/blueprint-chargelaserrifle-4,item,1,1
https://palworld-chi.vercel.app/en/item/blueprint-chargelaserrifle-5,item,1,1
https://palworld-chi.vercel.app/en/item/blueprint-clotharmor-2,item,1,1
https://palworld-chi.vercel.app/en/item/blueprint-clotharmor-3,item,1,1
https://palworld-chi.vercel.app/en/item/blueprint-clotharmor-4,item,1,1
https://palworld-chi.vercel.app/en/item/blueprint-clotharmor-5,item,1,1
https://palworld-chi.vercel.app/en/item/blueprint-clotharmorcold-2,item,1,1
https://palworld-chi.vercel.app/en/item/blueprint-clotharmorcold-3,item,1,1
https://palworld-chi.vercel.app/en/item/blueprint-clotharmorcold-4,item,1,1
https://palworld-chi.vercel.app/en/item/blueprint-clotharmorcold-5,item,1,1
https://palworld-chi.vercel.app/en/item/blueprint-clotharmorheat-2,item,1,1
https://palworld-chi.vercel.app/en/item/blueprint-clotharmorheat-3,item,1,1
https://palworld-chi.vercel.app/en/item/blueprint-clotharmorheat-4,item,1,1
https://palworld-chi.vercel.app/en/item/blueprint-clotharmorheat-5,item,1,1
https://palworld-chi.vercel.app/en/item/blueprint-compoundbow-2,item,1,1
https://palworld-chi.vercel.app/en/item/blueprint-compoundbow-3,item,1,1
https://palworld-chi.vercel.app/en/item/blueprint-compoundbow-4,item,1,1
https://palworld-chi.vercel.app/en/item/blueprint-compoundbow-5,item,1,1
https://palworld-chi.vercel.app/en/item/blueprint-conservationgroupbannera,item,1,1
https://palworld-chi.vercel.app/en/item/blueprint-conservationgroupbannerb,item,1,1
https://palworld-chi.vercel.app/en/item/blueprint-copperarmor-2,item,1,1
https://palworld-chi.vercel.app/en/item/blueprint-copperarmor-3,item,1,1
https://palworld-chi.vercel.app/en/item/blueprint-copperarmor-4,item,1,1
https://palworld-chi.vercel.app/en/item/blueprint-copperarmor-5,item,1,1
https://palworld-chi.vercel.app/en/item/blueprint-copperarmorcold-2,item,1,1
https://palworld-chi.vercel.app/en/item/blueprint-copperarmorcold-3,item,1,1
https://palworld-chi.vercel.app/en/item/blueprint-copperarmorcold-4,item,1,1
https://palworld-chi.vercel.app/en/item/blueprint-copperarmorcold-5,item,1,1
https://palworld-chi.vercel.app/en/item/blueprint-copperarmorheat-2,item,1,1
https://palworld-chi.vercel.app/en/item/blueprint-copperarmorheat-3,item,1,1
https://palworld-chi.vercel.app/en/item/blueprint-copperarmorheat-4,item,1,1
https://palworld-chi.vercel.app/en/item/blueprint-copperarmorheat-5,item,1,1
https://palworld-chi.vercel.app/en/item/blueprint-copperhelmet-2,item,1,1
https://palworld-chi.vercel.app/en/item/blueprint-copperhelmet-3,item,1,1
https://palworld-chi.vercel.app/en/item/blueprint-copperhelmet-4,item,1,1
https://palworld-chi.vercel.app/en/item/blueprint-copperhelmet-5,item,1,1
https://palworld-chi.vercel.app/en/item/blueprint-doublebarrelshotgun-2,item,1,1
https://palworld-chi.vercel.app/en/item/blueprint-doublebarrelshotgun-3,item,1,1
https://palworld-chi.vercel.app/en/item/blueprint-doublebarrelshotgun-4,item,1,1
https://palworld-chi.vercel.app/en/item/blueprint-doublebarrelshotgun-5,item,1,1
https://palworld-chi.vercel.app/en/item/blueprint-dronelauncher-2,item,1,1
https://palworld-chi.vercel.app/en/item/blueprint-dronelauncher-3,item,1,1
https://palworld-chi.vercel.app/en/item/blueprint-dronelauncher-4,item,1,1
https://palworld-chi.vercel.app/en/item/blueprint-dronelauncher-5,item,1,1
https://palworld-chi.vercel.app/en/item/blueprint-electricarcassaultrifle-2,item,1,1
https://palworld-chi.vercel.app/en/item/blueprint-electricarcassaultrifle-3,item,1,1
https://palworld-chi.vercel.app/en/item/blueprint-electricarcassaultrifle-4,item,1,1
https://palworld-chi.vercel.app/en/item/blueprint-electricarcassaultrifle-5,item,1,1
https://palworld-chi.vercel.app/en/item/blueprint-energyrocketlauncher-2,item,1,1
https://palworld-chi.vercel.app/en/item/blueprint-energyrocketlauncher-3,item,1,1
https://palworld-chi.vercel.app/en/item/blueprint-energyrocketlauncher-4,item,1,1
https://palworld-chi.vercel.app/en/item/blueprint-energyrocketlauncher-5,item,1,1
https://palworld-chi.vercel.app/en/item/blueprint-energyshotgun-2,item,1,1
https://palworld-chi.vercel.app/en/item/blueprint-energyshotgun-3,item,1,1
https://palworld-chi.vercel.app/en/item/blueprint-energyshotgun-4,item,1,1
https://palworld-chi.vercel.app/en/item/blueprint-energyshotgun-5,item,1,1
https://palworld-chi.vercel.app/en/item/blueprint-firestand,item,1,1
https://palworld-chi.vercel.app/en/item/blueprint-fishingrod-01-2,item,1,1
https://palworld-chi.vercel.app/en/item/blueprint-fishingrod-02-2,item,1,1
https://palworld-chi.vercel.app/en/item/blueprint-fishingrod-03-2,item,1,1
https://palworld-chi.vercel.app/en/item/blueprint-flamethrower-2,item,1,1
https://palworld-chi.vercel.app/en/item/blueprint-flamethrower-3,item,1,1
https://palworld-chi.vercel.app/en/item/blueprint-flamethrower-4,item,1,1
https://palworld-chi.vercel.app/en/item/blueprint-flamethrower-5,item,1,1
https://palworld-chi.vercel.app/en/item/blueprint-furarmor-2,item,1,1
https://palworld-chi.vercel.app/en/item/blueprint-furarmor-3,item,1,1
https://palworld-chi.vercel.app/en/item/blueprint-furarmor-4,item,1,1
https://palworld-chi.vercel.app/en/item/blueprint-furarmor-5,item,1,1
https://palworld-chi.vercel.app/en/item/blueprint-furarmorcold-2,item,1,1
https://palworld-chi.vercel.app/en/item/blueprint-furarmorcold-3,item,1,1
https://palworld-chi.vercel.app/en/item/blueprint-furarmorcold-4,item,1,1
https://palworld-chi.vercel.app/en/item/blueprint-furarmorcold-5,item,1,1
https://palworld-chi.vercel.app/en/item/blueprint-furarmorheat-2,item,1,1
https://palworld-chi.vercel.app/en/item/blueprint-furarmorheat-3,item,1,1
https://palworld-chi.vercel.app/en/item/blueprint-furarmorheat-4,item,1,1
https://palworld-chi.vercel.app/en/item/blueprint-furarmorheat-5,item,1,1
https://palworld-chi.vercel.app/en/item/blueprint-furhelmet-2,item,1,1
https://palworld-chi.vercel.app/en/item/blueprint-furhelmet-3,item,1,1
https://palworld-chi.vercel.app/en/item/blueprint-furhelmet-4,item,1,1
https://palworld-chi.vercel.app/en/item/blueprint-furhelmet-5,item,1,1
https://palworld-chi.vercel.app/en/item/blueprint-gatlinggun-2,item,1,1
https://palworld-chi.vercel.app/en/item/blueprint-gatlinggun-3,item,1,1
https://palworld-chi.vercel.app/en/item/blueprint-gatlinggun-4,item,1,1
https://palworld-chi.vercel.app/en/item/blueprint-gatlinggun-5,item,1,1
https://palworld-chi.vercel.app/en/item/blueprint-grenadelauncher-2,item,1,1
https://palworld-chi.vercel.app/en/item/blueprint-grenadelauncher-3,item,1,1
https://palworld-chi.vercel.app/en/item/blueprint-grenadelauncher-4,item,1,1
https://palworld-chi.vercel.app/en/item/blueprint-grenadelauncher-5,item,1,1
https://palworld-chi.vercel.app/en/item/blueprint-guardiandogstatue,item,1,1
https://palworld-chi.vercel.app/en/item/blueprint-guidedmissilelauncher-2,item,1,1
https://palworld-chi.vercel.app/en/item/blueprint-guidedmissilelauncher-3,item,1,1
https://palworld-chi.vercel.app/en/item/blueprint-guidedmissilelauncher-4,item,1,1
https://palworld-chi.vercel.app/en/item/blueprint-guidedmissilelauncher-5,item,1,1
https://palworld-chi.vercel.app/en/item/blueprint-handgun-default-2,item,1,1
https://palworld-chi.vercel.app/en/item/blueprint-handgun-default-3,item,1,1
https://palworld-chi.vercel.app/en/item/blueprint-handgun-default-4,item,1,1
https://palworld-chi.vercel.app/en/item/blueprint-handgun-default-5,item,1,1
https://palworld-chi.vercel.app/en/item/blueprint-head001-1,item,1,1
https://palworld-chi.vercel.app/en/item/blueprint-head002-1,item,1,1
https://palworld-chi.vercel.app/en/item/blueprint-head003-1,item,1,1
https://palworld-chi.vercel.app/en/item/blueprint-head004-1,item,1,1
https://palworld-chi.vercel.app/en/item/blueprint-head005-1,item,1,1
https://palworld-chi.vercel.app/en/item/blueprint-head006-1,item,1,1
https://palworld-chi.vercel.app/en/item/blueprint-head007-1,item,1,1
https://palworld-chi.vercel.app/en/item/blueprint-head008-1,item,1,1
https://palworld-chi.vercel.app/en/item/blueprint-head009-1,item,1,1
https://palworld-chi.vercel.app/en/item/blueprint-head010-1,item,1,1
https://palworld-chi.vercel.app/en/item/blueprint-head011-1,item,1,1
https://palworld-chi.vercel.app/en/item/blueprint-head012-1,item,1,1
https://palworld-chi.vercel.app/en/item/blueprint-head013-1,item,1,1
https://palworld-chi.vercel.app/en/item/blueprint-head014-1,item,1,1
https://palworld-chi.vercel.app/en/item/blueprint-head015-1,item,1,1
https://palworld-chi.vercel.app/en/item/blueprint-head016-1,item,1,1
https://palworld-chi.vercel.app/en/item/blueprint-head017-1,item,1,1
https://palworld-chi.vercel.app/en/item/blueprint-headequip025-1,item,1,1
https://palworld-chi.vercel.app/en/item/blueprint-headequip026-1,item,1,1
https://palworld-chi.vercel.app/en/item/blueprint-headequip028-1,item,1,1
https://palworld-chi.vercel.app/en/item/blueprint-headequip031-1,item,1,1
https://palworld-chi.vercel.app/en/item/blueprint-headequip032-1,item,1,1
https://palworld-chi.vercel.app/en/item/blueprint-hunter-gangflag,item,1,1
https://palworld-chi.vercel.app/en/item/blueprint-ironarmor-2,item,1,1
https://palworld-chi.vercel.app/en/item/blueprint-ironarmor-3,item,1,1
https://palworld-chi.vercel.app/en/item/blueprint-ironarmor-4,item,1,1
https://palworld-chi.vercel.app/en/item/blueprint-ironarmor-5,item,1,1
https://palworld-chi.vercel.app/en/item/blueprint-ironarmorcold-2,item,1,1
https://palworld-chi.vercel.app/en/item/blueprint-ironarmorcold-3,item,1,1
https://palworld-chi.vercel.app/en/item/blueprint-ironarmorcold-4,item,1,1
https://palworld-chi.vercel.app/en/item/blueprint-ironarmorcold-5,item,1,1
https://palworld-chi.vercel.app/en/item/blueprint-ironarmorheat-2,item,1,1
https://palworld-chi.vercel.app/en/item/blueprint-ironarmorheat-3,item,1,1
https://palworld-chi.vercel.app/en/item/blueprint-ironarmorheat-4,item,1,1
https://palworld-chi.vercel.app/en/item/blueprint-ironarmorheat-5,item,1,1
https://palworld-chi.vercel.app/en/item/blueprint-ironhelmet-2,item,1,1
https://palworld-chi.vercel.app/en/item/blueprint-ironhelmet-3,item,1,1
https://palworld-chi.vercel.app/en/item/blueprint-ironhelmet-4,item,1,1
https://palworld-chi.vercel.app/en/item/blueprint-ironhelmet-5,item,1,1
https://palworld-chi.vercel.app/en/item/blueprint-katana-2,item,1,1
https://palworld-chi.vercel.app/en/item/blueprint-katana-3,item,1,1
https://palworld-chi.vercel.app/en/item/blueprint-katana-4,item,1,1
https://palworld-chi.vercel.app/en/item/blueprint-katana-5,item,1,1
https://palworld-chi.vercel.app/en/item/blueprint-lanterntop,item,1,1
https://palworld-chi.vercel.app/en/item/blueprint-lasergatlinggun-2,item,1,1
https://palworld-chi.vercel.app/en/item/blueprint-lasergatlinggun-3,item,1,1
https://palworld-chi.vercel.app/en/item/blueprint-lasergatlinggun-4,item,1,1
https://palworld-chi.vercel.app/en/item/blueprint-lasergatlinggun-5,item,1,1
https://palworld-chi.vercel.app/en/item/blueprint-laserrifle-2,item,1,1
https://palworld-chi.vercel.app/en/item/blueprint-laserrifle-3,item,1,1
https://palworld-chi.vercel.app/en/item/blueprint-laserrifle-4,item,1,1
https://palworld-chi.vercel.app/en/item/blueprint-laserrifle-5,item,1,1
https://palworld-chi.vercel.app/en/item/blueprint-launcher-default-2,item,1,1
https://palworld-chi.vercel.app/en/item/blueprint-launcher-default-3,item,1,1
https://palworld-chi.vercel.app/en/item/blueprint-launcher-default-4,item,1,1
https://palworld-chi.vercel.app/en/item/blueprint-launcher-default-5,item,1,1
https://palworld-chi.vercel.app/en/item/blueprint-lilyqueenstatue,item,1,1
https://palworld-chi.vercel.app/en/item/blueprint-makeshiftassaultrifle-2,item,1,1
https://palworld-chi.vercel.app/en/item/blueprint-makeshiftassaultrifle-3,item,1,1
https://palworld-chi.vercel.app/en/item/blueprint-makeshiftassaultrifle-4,item,1,1
https://palworld-chi.vercel.app/en/item/blueprint-makeshiftassaultrifle-5,item,1,1
https://palworld-chi.vercel.app/en/item/blueprint-makeshifthandgun-2,item,1,1
https://palworld-chi.vercel.app/en/item/blueprint-makeshifthandgun-3,item,1,1
https://palworld-chi.vercel.app/en/item/blueprint-makeshifthandgun-4,item,1,1
https://palworld-chi.vercel.app/en/item/blueprint-makeshifthandgun-5,item,1,1
https://palworld-chi.vercel.app/en/item/blueprint-makeshiftshotgun-2,item,1,1
https://palworld-chi.vercel.app/en/item/blueprint-makeshiftshotgun-3,item,1,1
https://palworld-chi.vercel.app/en/item/blueprint-makeshiftshotgun-4,item,1,1
https://palworld-chi.vercel.app/en/item/blueprint-makeshiftshotgun-5,item,1,1
https://palworld-chi.vercel.app/en/item/blueprint-makeshiftsubmachinegun-2,item,1,1
https://palworld-chi.vercel.app/en/item/blueprint-makeshiftsubmachinegun-3,item,1,1
https://palworld-chi.vercel.app/en/item/blueprint-makeshiftsubmachinegun-4,item,1,1
https://palworld-chi.vercel.app/en/item/blueprint-makeshiftsubmachinegun-5,item,1,1
https://palworld-chi.vercel.app/en/item/blueprint-multiguidedmissilelauncher,item,1,1
https://palworld-chi.vercel.app/en/item/blueprint-multiguidedmissilelauncher-2,item,1,1
https://palworld-chi.vercel.app/en/item/blueprint-multiguidedmissilelauncher-3,item,1,1
https://palworld-chi.vercel.app/en/item/blueprint-multiguidedmissilelauncher-4,item,1,1
https://palworld-chi.vercel.app/en/item/blueprint-multiguidedmissilelauncher-5,item,1,1
https://palworld-chi.vercel.app/en/item/blueprint-musket-2,item,1,1
https://palworld-chi.vercel.app/en/item/blueprint-musket-3,item,1,1
https://palworld-chi.vercel.app/en/item/blueprint-musket-4,item,1,1
https://palworld-chi.vercel.app/en/item/blueprint-musket-5,item,1,1
https://palworld-chi.vercel.app/en/item/blueprint-octavia001-armor-5,item,1,1
https://palworld-chi.vercel.app/en/item/blueprint-octavia002-armor-5,item,1,1
https://palworld-chi.vercel.app/en/item/blueprint-octaviarevolver-5,item,1,1
https://palworld-chi.vercel.app/en/item/blueprint-octaviashotgun-5,item,1,1
https://palworld-chi.vercel.app/en/item/blueprint-oldrevolver-2,item,1,1
https://palworld-chi.vercel.app/en/item/blueprint-oldrevolver-3,item,1,1
https://palworld-chi.vercel.app/en/item/blueprint-oldrevolver-4,item,1,1
https://palworld-chi.vercel.app/en/item/blueprint-oldrevolver-5,item,1,1
https://palworld-chi.vercel.app/en/item/blueprint-otomo-atdark-elementboost-1,item,1,1
https://palworld-chi.vercel.app/en/item/blueprint-otomo-atdragon-elementboost-1,item,1,1
https://palworld-chi.vercel.app/en/item/blueprint-otomo-atearth-elementboost-1,item,1,1
https://palworld-chi.vercel.app/en/item/blueprint-otomo-atelectricity-elementboost-1,item,1,1
https://palworld-chi.vercel.app/en/item/blueprint-otomo-atfire-elementboost-1,item,1,1
https://palworld-chi.vercel.app/en/item/blueprint-otomo-atice-elementboost-1,item,1,1
https://palworld-chi.vercel.app/en/item/blueprint-otomo-atleaf-elementboost-1,item,1,1
https://palworld-chi.vercel.app/en/item/blueprint-otomo-atnormal-elementboost-1,item,1,1
https://palworld-chi.vercel.app/en/item/blueprint-otomo-attack-up1-2,item,1,1
https://palworld-chi.vercel.app/en/item/blueprint-otomo-atwater-elementboost-1,item,1,1
https://palworld-chi.vercel.app/en/item/blueprint-otomo-defense-up1-2,item,1,1
https://palworld-chi.vercel.app/en/item/blueprint-otomo-dfdark-elementboost-1,item,1,1
https://palworld-chi.vercel.app/en/item/blueprint-otomo-dfdragon-elementboost-1,item,1,1
https://palworld-chi.vercel.app/en/item/blueprint-otomo-dfearth-elementboost-1,item,1,1
https://palworld-chi.vercel.app/en/item/blueprint-otomo-dfelectricity-elementboost-1,item,1,1
https://palworld-chi.vercel.app/en/item/blueprint-otomo-dffire-elementboost-1,item,1,1
https://palworld-chi.vercel.app/en/item/blueprint-otomo-dfice-elementboost-1,item,1,1
https://palworld-chi.vercel.app/en/item/blueprint-otomo-dfleaf-elementboost-1,item,1,1
https://palworld-chi.vercel.app/en/item/blueprint-otomo-dfnormal-elementboost-1,item,1,1
https://palworld-chi.vercel.app/en/item/blueprint-otomo-dfwater-elementboost-1,item,1,1
https://palworld-chi.vercel.app/en/item/blueprint-otomo-elementboost-dark-1-2,item,1,1
https://palworld-chi.vercel.app/en/item/blueprint-otomo-elementboost-dragon-1-2,item,1,1
https://palworld-chi.vercel.app/en/item/blueprint-otomo-elementboost-earth-1-2,item,1,1
https://palworld-chi.vercel.app/en/item/blueprint-otomo-elementboost-electricity-1-2,item,1,1
https://palworld-chi.vercel.app/en/item/blueprint-otomo-elementboost-fire-1-2,item,1,1
https://palworld-chi.vercel.app/en/item/blueprint-otomo-elementboost-ice-1-2,item,1,1
https://palworld-chi.vercel.app/en/item/blueprint-otomo-elementboost-leaf-1-2,item,1,1
https://palworld-chi.vercel.app/en/item/blueprint-otomo-elementboost-normal-1-2,item,1,1
https://palworld-chi.vercel.app/en/item/blueprint-otomo-elementboost-water-1-2,item,1,1
https://palworld-chi.vercel.app/en/item/blueprint-otomo-palconfidence-increase-1-fix,item,1,1
https://palworld-chi.vercel.app/en/item/blueprint-otomo-palexp-increase-1-2,item,1,1
https://palworld-chi.vercel.app/en/item/blueprint-overheatrifle-2,item,1,1
https://palworld-chi.vercel.app/en/item/blueprint-overheatrifle-3,item,1,1
https://palworld-chi.vercel.app/en/item/blueprint-overheatrifle-4,item,1,1
https://palworld-chi.vercel.app/en/item/blueprint-overheatrifle-5,item,1,1
https://palworld-chi.vercel.app/en/item/blueprint-palsummon-yakushimaboss002,item,1,1
https://palworld-chi.vercel.app/en/item/blueprint-plasticarmor-2,item,1,1
https://palworld-chi.vercel.app/en/item/blueprint-plasticarmor-3,item,1,1
https://palworld-chi.vercel.app/en/item/blueprint-plasticarmor-4,item,1,1
https://palworld-chi.vercel.app/en/item/blueprint-plasticarmor-5,item,1,1
https://palworld-chi.vercel.app/en/item/blueprint-plasticarmorcold-2,item,1,1
https://palworld-chi.vercel.app/en/item/blueprint-plasticarmorcold-3,item,1,1
https://palworld-chi.vercel.app/en/item/blueprint-plasticarmorcold-4,item,1,1
https://palworld-chi.vercel.app/en/item/blueprint-plasticarmorcold-5,item,1,1
https://palworld-chi.vercel.app/en/item/blueprint-plasticarmorheat-2,item,1,1
https://palworld-chi.vercel.app/en/item/blueprint-plasticarmorheat-3,item,1,1
https://palworld-chi.vercel.app/en/item/blueprint-plasticarmorheat-4,item,1,1
https://palworld-chi.vercel.app/en/item/blueprint-plasticarmorheat-5,item,1,1
https://palworld-chi.vercel.app/en/item/blueprint-plasticarmorweight-2,item,1,1
https://palworld-chi.vercel.app/en/item/blueprint-plasticarmorweight-3,item,1,1
https://palworld-chi.vercel.app/en/item/blueprint-plasticarmorweight-4,item,1,1
https://palworld-chi.vercel.app/en/item/blueprint-plasticarmorweight-5,item,1,1
https://palworld-chi.vercel.app/en/item/blueprint-plastichelmet-2,item,1,1
https://palworld-chi.vercel.app/en/item/blueprint-plastichelmet-3,item,1,1
https://palworld-chi.vercel.app/en/item/blueprint-plastichelmet-4,item,1,1
https://palworld-chi.vercel.app/en/item/blueprint-plastichelmet-5,item,1,1
https://palworld-chi.vercel.app/en/item/blueprint-pumpactionshotgun-2,item,1,1
https://palworld-chi.vercel.app/en/item/blueprint-pumpactionshotgun-3,item,1,1
https://palworld-chi.vercel.app/en/item/blueprint-pumpactionshotgun-4,item,1,1
https://palworld-chi.vercel.app/en/item/blueprint-pumpactionshotgun-5,item,1,1
https://palworld-chi.vercel.app/en/item/blueprint-semiautorifle-2,item,1,1
https://palworld-chi.vercel.app/en/item/blueprint-semiautorifle-3,item,1,1
https://palworld-chi.vercel.app/en/item/blueprint-semiautorifle-4,item,1,1
https://palworld-chi.vercel.app/en/item/blueprint-semiautorifle-5,item,1,1
https://palworld-chi.vercel.app/en/item/blueprint-semiautoshotgun-2,item,1,1
https://palworld-chi.vercel.app/en/item/blueprint-semiautoshotgun-3,item,1,1
https://palworld-chi.vercel.app/en/item/blueprint-semiautoshotgun-4,item,1,1
https://palworld-chi.vercel.app/en/item/blueprint-semiautoshotgun-5,item,1,1
https://palworld-chi.vercel.app/en/item/blueprint-sf-chair,item,1,1
https://palworld-chi.vercel.app/en/item/blueprint-sf-desk,item,1,1
https://palworld-chi.vercel.app/en/item/blueprint-sfarmor-2,item,1,1
https://palworld-chi.vercel.app/en/item/blueprint-sfarmor-3,item,1,1
https://palworld-chi.vercel.app/en/item/blueprint-sfarmor-4,item,1,1
https://palworld-chi.vercel.app/en/item/blueprint-sfarmor-5,item,1,1
https://palworld-chi.vercel.app/en/item/blueprint-sfarmorcold-2,item,1,1
https://palworld-chi.vercel.app/en/item/blueprint-sfarmorcold-3,item,1,1
https://palworld-chi.vercel.app/en/item/blueprint-sfarmorcold-4,item,1,1
https://palworld-chi.vercel.app/en/item/blueprint-sfarmorcold-5,item,1,1
https://palworld-chi.vercel.app/en/item/blueprint-sfarmorheat-2,item,1,1
https://palworld-chi.vercel.app/en/item/blueprint-sfarmorheat-3,item,1,1
https://palworld-chi.vercel.app/en/item/blueprint-sfarmorheat-4,item,1,1
https://palworld-chi.vercel.app/en/item/blueprint-sfarmorheat-5,item,1,1
https://palworld-chi.vercel.app/en/item/blueprint-sfarmorweight-2,item,1,1
https://palworld-chi.vercel.app/en/item/blueprint-sfarmorweight-3,item,1,1
https://palworld-chi.vercel.app/en/item/blueprint-sfarmorweight-4,item,1,1
https://palworld-chi.vercel.app/en/item/blueprint-sfarmorweight-5,item,1,1
https://palworld-chi.vercel.app/en/item/blueprint-sfbow-2,item,1,1
https://palworld-chi.vercel.app/en/item/blueprint-sfbow-3,item,1,1
https://palworld-chi.vercel.app/en/item/blueprint-sfbow-4,item,1,1
https://palworld-chi.vercel.app/en/item/blueprint-sfbow-5,item,1,1
https://palworld-chi.vercel.app/en/item/blueprint-sfhelmet-2,item,1,1
https://palworld-chi.vercel.app/en/item/blueprint-sfhelmet-3,item,1,1
https://palworld-chi.vercel.app/en/item/blueprint-sfhelmet-4,item,1,1
https://palworld-chi.vercel.app/en/item/blueprint-sfhelmet-5,item,1,1
https://palworld-chi.vercel.app/en/item/blueprint-shrine-lantern,item,1,1
https://palworld-chi.vercel.app/en/item/blueprint-singleshotrifle-2,item,1,1
https://palworld-chi.vercel.app/en/item/blueprint-singleshotrifle-3,item,1,1
https://palworld-chi.vercel.app/en/item/blueprint-singleshotrifle-4,item,1,1
https://palworld-chi.vercel.app/en/item/blueprint-singleshotrifle-5,item,1,1
https://palworld-chi.vercel.app/en/item/blueprint-skyassaultrifle-2,item,1,1
https://palworld-chi.vercel.app/en/item/blueprint-skyassaultrifle-3,item,1,1
https://palworld-chi.vercel.app/en/item/blueprint-skyassaultrifle-4,item,1,1
https://palworld-chi.vercel.app/en/item/blueprint-skyassaultrifle-5,item,1,1
https://palworld-chi.vercel.app/en/item/blueprint-skybeamsword-2,item,1,1
https://palworld-chi.vercel.app/en/item/blueprint-skybeamsword-3,item,1,1
https://palworld-chi.vercel.app/en/item/blueprint-skybeamsword-4,item,1,1
https://palworld-chi.vercel.app/en/item/blueprint-skybeamsword-5,item,1,1
https://palworld-chi.vercel.app/en/item/blueprint-skybow-2,item,1,1
https://palworld-chi.vercel.app/en/item/blueprint-skybow-3,item,1,1
https://palworld-chi.vercel.app/en/item/blueprint-skybow-4,item,1,1
https://palworld-chi.vercel.app/en/item/blueprint-skybow-5,item,1,1
https://palworld-chi.vercel.app/en/item/blueprint-skygrenadelauncher-2,item,1,1
https://palworld-chi.vercel.app/en/item/blueprint-skygrenadelauncher-3,item,1,1
https://palworld-chi.vercel.app/en/item/blueprint-skygrenadelauncher-4,item,1,1
https://palworld-chi.vercel.app/en/item/blueprint-skygrenadelauncher-5,item,1,1
https://palworld-chi.vercel.app/en/item/blueprint-skyshotgun-2,item,1,1
https://palworld-chi.vercel.app/en/item/blueprint-skyshotgun-3,item,1,1
https://palworld-chi.vercel.app/en/item/blueprint-skyshotgun-4,item,1,1
https://palworld-chi.vercel.app/en/item/blueprint-skyshotgun-5,item,1,1
https://palworld-chi.vercel.app/en/item/blueprint-skysubmachinegun-2,item,1,1
https://palworld-chi.vercel.app/en/item/blueprint-skysubmachinegun-3,item,1,1
https://palworld-chi.vercel.app/en/item/blueprint-skysubmachinegun-4,item,1,1
https://palworld-chi.vercel.app/en/item/blueprint-skysubmachinegun-5,item,1,1
https://palworld-chi.vercel.app/en/item/blueprint-spear-forestboss-5,item,1,1
https://palworld-chi.vercel.app/en/item/blueprint-spear-forestboss2-5,item,1,1
https://palworld-chi.vercel.app/en/item/blueprint-stealarmor-2,item,1,1
https://palworld-chi.vercel.app/en/item/blueprint-stealarmor-3,item,1,1
https://palworld-chi.vercel.app/en/item/blueprint-stealarmor-4,item,1,1
https://palworld-chi.vercel.app/en/item/blueprint-stealarmor-5,item,1,1
https://palworld-chi.vercel.app/en/item/blueprint-stealarmorcold-2,item,1,1
https://palworld-chi.vercel.app/en/item/blueprint-stealarmorcold-3,item,1,1
https://palworld-chi.vercel.app/en/item/blueprint-stealarmorcold-4,item,1,1
https://palworld-chi.vercel.app/en/item/blueprint-stealarmorcold-5,item,1,1
https://palworld-chi.vercel.app/en/item/blueprint-stealarmorheat-2,item,1,1
https://palworld-chi.vercel.app/en/item/blueprint-stealarmorheat-3,item,1,1
https://palworld-chi.vercel.app/en/item/blueprint-stealarmorheat-4,item,1,1
https://palworld-chi.vercel.app/en/item/blueprint-stealarmorheat-5,item,1,1
https://palworld-chi.vercel.app/en/item/blueprint-stealhelmet-2,item,1,1
https://palworld-chi.vercel.app/en/item/blueprint-stealhelmet-3,item,1,1
https://palworld-chi.vercel.app/en/item/blueprint-stealhelmet-4,item,1,1
https://palworld-chi.vercel.app/en/item/blueprint-stealhelmet-5,item,1,1
https://palworld-chi.vercel.app/en/item/blueprint-submachinegun-2,item,1,1
https://palworld-chi.vercel.app/en/item/blueprint-submachinegun-3,item,1,1
https://palworld-chi.vercel.app/en/item/blueprint-submachinegun-4,item,1,1
https://palworld-chi.vercel.app/en/item/blueprint-submachinegun-5,item,1,1
https://palworld-chi.vercel.app/en/item/blueprint-sword-2,item,1,1
https://palworld-chi.vercel.app/en/item/blueprint-sword-3,item,1,1
https://palworld-chi.vercel.app/en/item/blueprint-sword-4,item,1,1
https://palworld-chi.vercel.app/en/item/blueprint-sword-5,item,1,1
https://palworld-chi.vercel.app/en/item/blueprint-walltorch02,item,1,1
https://palworld-chi.vercel.app/en/item/blueprint-weakerbow-2,item,1,1
https://palworld-chi.vercel.app/en/item/blueprint-weakerbow-3,item,1,1
https://palworld-chi.vercel.app/en/item/blueprint-weakerbow-4,item,1,1
https://palworld-chi.vercel.app/en/item/blueprint-weakerbow-5,item,1,1
https://palworld-chi.vercel.app/en/item/blueprint-widepenetrateshotgun-2,item,1,1
https://palworld-chi.vercel.app/en/item/blueprint-widepenetrateshotgun-3,item,1,1
https://palworld-chi.vercel.app/en/item/blueprint-widepenetrateshotgun-4,item,1,1
https://palworld-chi.vercel.app/en/item/blueprint-widepenetrateshotgun-5,item,1,1
https://palworld-chi.vercel.app/en/item/blueprint-wire-fence,item,1,1
https://palworld-chi.vercel.app/en/item/blueprint-woodenbarricade,item,1,1
https://palworld-chi.vercel.app/en/item/blueprint-yakushimaarmor001,item,1,1
https://palworld-chi.vercel.app/en/item/blueprint-yakushimaarmor001-2,item,1,1
https://palworld-chi.vercel.app/en/item/blueprint-yakushimaarmor001-3,item,1,1
https://palworld-chi.vercel.app/en/item/blueprint-yakushimaarmor001-4,item,1,1
https://palworld-chi.vercel.app/en/item/blueprint-yakushimaarmor001-5,item,1,1
https://palworld-chi.vercel.app/en/item/blueprint-yakushimablade002,item,1,1
https://palworld-chi.vercel.app/en/item/blueprint-yakushimablade002-2,item,1,1
https://palworld-chi.vercel.app/en/item/blueprint-yakushimablade002-3,item,1,1
https://palworld-chi.vercel.app/en/item/blueprint-yakushimablade002-4,item,1,1
https://palworld-chi.vercel.app/en/item/blueprint-yakushimablade002-5,item,1,1
https://palworld-chi.vercel.app/en/item/blueprint-yakushimablade003,item,1,1
https://palworld-chi.vercel.app/en/item/blueprint-yakushimablade003-2,item,1,1
https://palworld-chi.vercel.app/en/item/blueprint-yakushimablade003-3,item,1,1
https://palworld-chi.vercel.app/en/item/blueprint-yakushimablade003-4,item,1,1
https://palworld-chi.vercel.app/en/item/blueprint-yakushimablade003-5,item,1,1
https://palworld-chi.vercel.app/en/item/blueprint-yakushimablade004,item,1,1
https://palworld-chi.vercel.app/en/item/blueprint-yakushimablade004-2,item,1,1
https://palworld-chi.vercel.app/en/item/blueprint-yakushimablade004-3,item,1,1
https://palworld-chi.vercel.app/en/item/blueprint-yakushimablade004-4,item,1,1
https://palworld-chi.vercel.app/en/item/blueprint-yakushimablade004-5,item,1,1
https://palworld-chi.vercel.app/en/item/blueprint-yakushimaboss002-relic,item,1,1
https://palworld-chi.vercel.app/en/item/blueprint-yakushimagun001,item,1,1
https://palworld-chi.vercel.app/en/item/blueprint-yakushimagun001-2,item,1,1
https://palworld-chi.vercel.app/en/item/blueprint-yakushimagun001-3,item,1,1
https://palworld-chi.vercel.app/en/item/blueprint-yakushimagun001-4,item,1,1
https://palworld-chi.vercel.app/en/item/blueprint-yakushimagun001-5,item,1,1
https://palworld-chi.vercel.app/en/item/blueprint-yakushimaheadequip001,item,1,1
https://palworld-chi.vercel.app/en/item/blueprint-yakushimaheadequip001-2,item,1,1
https://palworld-chi.vercel.app/en/item/blueprint-yakushimaheadequip001-3,item,1,1
https://palworld-chi.vercel.app/en/item/blueprint-yakushimaheadequip001-4,item,1,1
https://palworld-chi.vercel.app/en/item/blueprint-yakushimaheadequip001-5,item,1,1
https://palworld-chi.vercel.app/en/item/blueprint-yakushimaheadequip002,item,1,1
https://palworld-chi.vercel.app/en/item/blueprint-yakushimaheadequip002-2,item,1,1
https://palworld-chi.vercel.app/en/item/blueprint-yakushimaheadequip002-3,item,1,1
https://palworld-chi.vercel.app/en/item/blueprint-yakushimaheadequip002-4,item,1,1
https://palworld-chi.vercel.app/en/item/blueprint-yakushimaheadequip002-5,item,1,1
https://palworld-chi.vercel.app/en/item/blueprint-yakushimaheadequip003,item,1,1
https://palworld-chi.vercel.app/en/item/blueprint-yakushimaheadequip003-2,item,1,1
https://palworld-chi.vercel.app/en/item/blueprint-yakushimaheadequip003-3,item,1,1
https://palworld-chi.vercel.app/en/item/blueprint-yakushimaheadequip003-4,item,1,1
https://palworld-chi.vercel.app/en/item/blueprint-yakushimaheadequip003-5,item,1,1
https://palworld-chi.vercel.app/en/item/blueprint-yakushimaheadequip004,item,1,1
https://palworld-chi.vercel.app/en/item/blueprint-yakushimaheadequip004-2,item,1,1
https://palworld-chi.vercel.app/en/item/blueprint-yakushimaheadequip004-3,item,1,1
https://palworld-chi.vercel.app/en/item/blueprint-yakushimaheadequip004-4,item,1,1
https://palworld-chi.vercel.app/en/item/blueprint-yakushimaheadequip004-5,item,1,1
https://palworld-chi.vercel.app/en/item/blueprint-yakushimalantern001,item,1,1
https://palworld-chi.vercel.app/en/item/blueprint-yakushimalantern001-2,item,1,1
https://palworld-chi.vercel.app/en/item/blueprint-yakushimalantern001-3,item,1,1
https://palworld-chi.vercel.app/en/item/blueprint-yakushimalantern001-4,item,1,1
https://palworld-chi.vercel.app/en/item/blueprint-yakushimalantern001-5,item,1,1
https://palworld-chi.vercel.app/en/item/bone,item,24,24
https://palworld-chi.vercel.app/en/item/bossdefeatreward-badcatgirl,item,1,1
https://palworld-chi.vercel.app/en/item/bossdefeatreward-berrygoat-dark,item,1,1
https://palworld-chi.vercel.app/en/item/bossdefeatreward-blackpuppy,item,1,1
https://palworld-chi.vercel.app/en/item/bossdefeatreward-blueberryfairy,item,1,1
https://palworld-chi.vercel.app/en/item/bossdefeatreward-ghostrabbit,item,1,1
https://palworld-chi.vercel.app/en/item/bossdefeatreward-goldenhorse,item,1,1
https://palworld-chi.vercel.app/en/item/bossdefeatreward-herculesbeetle-ground,item,1,1
https://palworld-chi.vercel.app/en/item/bossdefeatreward-icehorse-dark,item,1,1
https://palworld-chi.vercel.app/en/item/bossdefeatreward-kitsunebi-ice,item,1,1
https://palworld-chi.vercel.app/en/item/bossdefeatreward-mysterymask,item,1,1
https://palworld-chi.vercel.app/en/item/bossdefeatreward-nightbluehorse,item,1,1
https://palworld-chi.vercel.app/en/item/bossdefeatreward-pinkrabbit-grass,item,1,1
https://palworld-chi.vercel.app/en/item/bossdefeatreward-purplespider,item,1,1
https://palworld-chi.vercel.app/en/item/bossdefeatreward-raijindaughter-water,item,1,1
https://palworld-chi.vercel.app/en/item/bossdefeatreward-werewolf-ice,item,1,1
https://palworld-chi.vercel.app/en/item/bossdefeatreward-whitetiger-ground,item,1,1
https://palworld-chi.vercel.app/en/item/bountyproof-1,item,1,1
https://palworld-chi.vercel.app/en/item/bow-triple,item,1,1
https://palworld-chi.vercel.app/en/item/bowgun,item,1,1
https://palworld-chi.vercel.app/en/item/bowgun-2,item,1,1
https://palworld-chi.vercel.app/en/item/bowgun-3,item,1,1
https://palworld-chi.vercel.app/en/item/bowgun-4,item,1,1
https://palworld-chi.vercel.app/en/item/bowgun-5,item,1,1
https://palworld-chi.vercel.app/en/item/bronzesword,item,1,1
https://palworld-chi.vercel.app/en/item/cake,item,2,2
https://palworld-chi.vercel.app/en/item/cake02,item,1,1
https://palworld-chi.vercel.app/en/item/cake03,item,1,1
https://palworld-chi.vercel.app/en/item/cake04,item,1,1
https://palworld-chi.vercel.app/en/item/cake05,item,1,1
https://palworld-chi.vercel.app/en/item/carbonara,item,1,1
https://palworld-chi.vercel.app/en/item/carbonfiber,item,2,2
https://palworld-chi.vercel.app/en/item/carrot,item,2,2
https://palworld-chi.vercel.app/en/item/carrotseeds,item,7,7
https://palworld-chi.vercel.app/en/item/cavemushroom,item,1,1
https://palworld-chi.vercel.app/en/item/cement,item,1,1
https://palworld-chi.vercel.app/en/item/charcoal,item,1,1
https://palworld-chi.vercel.app/en/item/chargelaserrifle,item,1,1
https://palworld-chi.vercel.app/en/item/chargelaserrifle-2,item,1,1
https://palworld-chi.vercel.app/en/item/chargelaserrifle-3,item,1,1
https://palworld-chi.vercel.app/en/item/chargelaserrifle-4,item,1,1
https://palworld-chi.vercel.app/en/item/chargelaserrifle-5,item,1,1
https://palworld-chi.vercel.app/en/item/chargelaserriflebullet,item,1,1
https://palworld-chi.vercel.app/en/item/cheeseburger-2,item,1,1
https://palworld-chi.vercel.app/en/item/chickensaute,item,1,1
https://palworld-chi.vercel.app/en/item/chowder,item,1,1
https://palworld-chi.vercel.app/en/item/chromium,item,3,3
https://palworld-chi.vercel.app/en/item/cloth,item,8,8
https://palworld-chi.vercel.app/en/item/cloth2,item,4,4
https://palworld-chi.vercel.app/en/item/clotharmor,item,1,1
https://palworld-chi.vercel.app/en/item/clotharmor-2,item,1,1
https://palworld-chi.vercel.app/en/item/clotharmor-3,item,1,1
https://palworld-chi.vercel.app/en/item/clotharmor-4,item,1,1
https://palworld-chi.vercel.app/en/item/clotharmor-5,item,1,1
https://palworld-chi.vercel.app/en/item/clotharmorcold,item,1,1
https://palworld-chi.vercel.app/en/item/clotharmorcold-2,item,1,1
https://palworld-chi.vercel.app/en/item/clotharmorcold-3,item,1,1
https://palworld-chi.vercel.app/en/item/clotharmorcold-4,item,1,1
https://palworld-chi.vercel.app/en/item/clotharmorcold-5,item,1,1
https://palworld-chi.vercel.app/en/item/clotharmorheat,item,1,1
https://palworld-chi.vercel.app/en/item/clotharmorheat-2,item,1,1
https://palworld-chi.vercel.app/en/item/clotharmorheat-3,item,1,1
https://palworld-chi.vercel.app/en/item/clotharmorheat-4,item,1,1
https://palworld-chi.vercel.app/en/item/clotharmorheat-5,item,1,1
https://palworld-chi.vercel.app/en/item/coal,item,4,4
https://palworld-chi.vercel.app/en/item/compoundbow,item,1,1
https://palworld-chi.vercel.app/en/item/compoundbow-2,item,1,1
https://palworld-chi.vercel.app/en/item/compoundbow-3,item,1,1
https://palworld-chi.vercel.app/en/item/compoundbow-4,item,1,1
https://palworld-chi.vercel.app/en/item/compoundbow-5,item,1,1
https://palworld-chi.vercel.app/en/item/computer,item,1,1
https://palworld-chi.vercel.app/en/item/copperarmor,item,1,1
https://palworld-chi.vercel.app/en/item/copperarmor-2,item,1,1
https://palworld-chi.vercel.app/en/item/copperarmor-3,item,1,1
https://palworld-chi.vercel.app/en/item/copperarmor-4,item,1,1
https://palworld-chi.vercel.app/en/item/copperarmor-5,item,1,1
https://palworld-chi.vercel.app/en/item/copperarmorcold,item,1,1
https://palworld-chi.vercel.app/en/item/copperarmorcold-2,item,1,1
https://palworld-chi.vercel.app/en/item/copperarmorcold-3,item,1,1
https://palworld-chi.vercel.app/en/item/copperarmorcold-4,item,1,1
https://palworld-chi.vercel.app/en/item/copperarmorcold-5,item,1,1
https://palworld-chi.vercel.app/en/item/copperarmorheat,item,1,1
https://palworld-chi.vercel.app/en/item/copperarmorheat-2,item,1,1
https://palworld-chi.vercel.app/en/item/copperarmorheat-3,item,1,1
https://palworld-chi.vercel.app/en/item/copperarmorheat-4,item,1,1
https://palworld-chi.vercel.app/en/item/copperarmorheat-5,item,1,1
https://palworld-chi.vercel.app/en/item/copperhelmet,item,1,1
https://palworld-chi.vercel.app/en/item/copperhelmet-2,item,1,1
https://palworld-chi.vercel.app/en/item/copperhelmet-3,item,1,1
https://palworld-chi.vercel.app/en/item/copperhelmet-4,item,1,1
https://palworld-chi.vercel.app/en/item/copperhelmet-5,item,1,1
https://palworld-chi.vercel.app/en/item/copperingot,item,3,3
https://palworld-chi.vercel.app/en/item/copperore,item,7,7
https://palworld-chi.vercel.app/en/item/corrosive-solvent,item,1,1
https://palworld-chi.vercel.app/en/item/crudeoil,item,4,4
https://palworld-chi.vercel.app/en/item/curry,item,1,1
https://palworld-chi.vercel.app/en/item/decalgun-1,item,1,1
https://palworld-chi.vercel.app/en/item/decalgun-2,item,1,1
https://palworld-chi.vercel.app/en/item/decalgun-3,item,1,1
https://palworld-chi.vercel.app/en/item/decalgun-4,item,1,1
https://palworld-chi.vercel.app/en/item/decalgun-5,item,1,1
https://palworld-chi.vercel.app/en/item/deerlocomoco,item,1,1
https://palworld-chi.vercel.app/en/item/deerstew,item,1,1
https://palworld-chi.vercel.app/en/item/diamond,item,8,8
https://palworld-chi.vercel.app/en/item/dogcoin,item,2,2
https://palworld-chi.vercel.app/en/item/doublebarrelshotgun,item,1,1
https://palworld-chi.vercel.app/en/item/doublebarrelshotgun-2,item,1,1
https://palworld-chi.vercel.app/en/item/doublebarrelshotgun-3,item,1,1
https://palworld-chi.vercel.app/en/item/doublebarrelshotgun-4,item,1,1
https://palworld-chi.vercel.app/en/item/doublebarrelshotgun-5,item,1,1
https://palworld-chi.vercel.app/en/item/dronelauncher,item,1,1
https://palworld-chi.vercel.app/en/item/dronelauncher-2,item,1,1
https://palworld-chi.vercel.app/en/item/dronelauncher-3,item,1,1
https://palworld-chi.vercel.app/en/item/dronelauncher-4,item,1,1
https://palworld-chi.vercel.app/en/item/dronelauncher-5,item,1,1
https://palworld-chi.vercel.app/en/item/eaglestew,item,1,1
https://palworld-chi.vercel.app/en/item/eemerald,item,2,2
https://palworld-chi.vercel.app/en/item/egg,item,2,2
https://palworld-chi.vercel.app/en/item/elecbaton,item,1,1
https://palworld-chi.vercel.app/en/item/electricarcassaultrifle,item,1,1
https://palworld-chi.vercel.app/en/item/electricarcassaultrifle-2,item,1,1
https://palworld-chi.vercel.app/en/item/electricarcassaultrifle-3,item,1,1
https://palworld-chi.vercel.app/en/item/electricarcassaultrifle-4,item,1,1
https://palworld-chi.vercel.app/en/item/electricarcassaultrifle-5,item,1,1
https://palworld-chi.vercel.app/en/item/electricarcassaultriflebullet,item,1,1
https://palworld-chi.vercel.app/en/item/electricorgan,item,24,24
https://palworld-chi.vercel.app/en/item/elixir-attack-01,item,1,1
https://palworld-chi.vercel.app/en/item/elixir-attack-02,item,1,1
https://palworld-chi.vercel.app/en/item/elixir-hp-01,item,1,1
https://palworld-chi.vercel.app/en/item/elixir-hp-02,item,1,1
https://palworld-chi.vercel.app/en/item/elixir-stamina-01,item,1,1
https://palworld-chi.vercel.app/en/item/elixir-stamina-02,item,1,1
https://palworld-chi.vercel.app/en/item/elixir-weight-01,item,1,1
https://palworld-chi.vercel.app/en/item/elixir-weight-02,item,1,1
https://palworld-chi.vercel.app/en/item/elixir-workspeed-01,item,1,1
https://palworld-chi.vercel.app/en/item/elixir-workspeed-02,item,1,1
https://palworld-chi.vercel.app/en/item/energylauncherbullet,item,1,1
https://palworld-chi.vercel.app/en/item/energyrocketlauncher,item,1,1
https://palworld-chi.vercel.app/en/item/energyrocketlauncher-2,item,1,1
https://palworld-chi.vercel.app/en/item/energyrocketlauncher-3,item,1,1
https://palworld-chi.vercel.app/en/item/energyrocketlauncher-4,item,1,1
https://palworld-chi.vercel.app/en/item/energyrocketlauncher-5,item,1,1
https://palworld-chi.vercel.app/en/item/energyshotgun,item,1,1
https://palworld-chi.vercel.app/en/item/energyshotgun-2,item,1,1
https://palworld-chi.vercel.app/en/item/energyshotgun-3,item,1,1
https://palworld-chi.vercel.app/en/item/energyshotgun-4,item,1,1
https://palworld-chi.vercel.app/en/item/energyshotgun-5,item,1,1
https://palworld-chi.vercel.app/en/item/energyshotgunbullet,item,1,1
https://palworld-chi.vercel.app/en/item/expboost-01,item,1,1
https://palworld-chi.vercel.app/en/item/expboost-02,item,1,1
https://palworld-chi.vercel.app/en/item/expboost-03,item,1,1
https://palworld-chi.vercel.app/en/item/expboost-04,item,2,2
https://palworld-chi.vercel.app/en/item/explosivebullet,item,1,1
https://palworld-chi.vercel.app/en/item/fiber,item,10,10
https://palworld-chi.vercel.app/en/item/fireorgan,item,38,38
https://palworld-chi.vercel.app/en/item/fishingbait-1,item,1,1
https://palworld-chi.vercel.app/en/item/fishingbait-2,item,1,1
https://palworld-chi.vercel.app/en/item/fishingbait-3,item,1,1
https://palworld-chi.vercel.app/en/item/fishingbait-3-a,item,1,1
https://palworld-chi.vercel.app/en/item/fishingrod-01-1,item,1,1
https://palworld-chi.vercel.app/en/item/fishingrod-01-2,item,1,1
https://palworld-chi.vercel.app/en/item/fishingrod-02-1,item,1,1
https://palworld-chi.vercel.app/en/item/fishingrod-02-2,item,1,1
https://palworld-chi.vercel.app/en/item/fishingrod-03-1,item,1,1
https://palworld-chi.vercel.app/en/item/fishingrod-03-2,item,1,1
https://palworld-chi.vercel.app/en/item/flamethrower,item,1,1
https://palworld-chi.vercel.app/en/item/flamethrower-2,item,1,1
https://palworld-chi.vercel.app/en/item/flamethrower-3,item,1,1
https://palworld-chi.vercel.app/en/item/flamethrower-4,item,1,1
https://palworld-chi.vercel.app/en/item/flamethrower-5,item,1,1
https://palworld-chi.vercel.app/en/item/flamethrowerbullet,item,1,1
https://palworld-chi.vercel.app/en/item/flour,item,1,1
https://palworld-chi.vercel.app/en/item/fraggrenade,item,1,1
https://palworld-chi.vercel.app/en/item/fraggrenade-dark,item,1,1
https://palworld-chi.vercel.app/en/item/fraggrenade-dragon,item,1,1
https://palworld-chi.vercel.app/en/item/fraggrenade-elec,item,1,1
https://palworld-chi.vercel.app/en/item/fraggrenade-fire,item,1,1
https://palworld-chi.vercel.app/en/item/fraggrenade-ground,item,1,1
https://palworld-chi.vercel.app/en/item/fraggrenade-ice,item,1,1
https://palworld-chi.vercel.app/en/item/fraggrenade-leaf,item,1,1
https://palworld-chi.vercel.app/en/item/fraggrenade-super,item,1,1
https://palworld-chi.vercel.app/en/item/fraggrenade-water,item,1,1
https://palworld-chi.vercel.app/en/item/friedchicken,item,1,1
https://palworld-chi.vercel.app/en/item/friedeggs,item,1,1
https://palworld-chi.vercel.app/en/item/friedkelpie,item,1,1
https://palworld-chi.vercel.app/en/item/fruit-attack-01,item,1,1
https://palworld-chi.vercel.app/en/item/fruit-defense-01,item,1,1
https://palworld-chi.vercel.app/en/item/fruit-hp-01,item,1,1
https://palworld-chi.vercel.app/en/item/furarmor,item,1,1
https://palworld-chi.vercel.app/en/item/furarmor-2,item,1,1
https://palworld-chi.vercel.app/en/item/furarmor-3,item,1,1
https://palworld-chi.vercel.app/en/item/furarmor-4,item,1,1
https://palworld-chi.vercel.app/en/item/furarmor-5,item,1,1
https://palworld-chi.vercel.app/en/item/furarmorcold,item,1,1
https://palworld-chi.vercel.app/en/item/furarmorcold-2,item,1,1
https://palworld-chi.vercel.app/en/item/furarmorcold-3,item,1,1
https://palworld-chi.vercel.app/en/item/furarmorcold-4,item,1,1
https://palworld-chi.vercel.app/en/item/furarmorcold-5,item,1,1
https://palworld-chi.vercel.app/en/item/furarmorheat,item,1,1
https://palworld-chi.vercel.app/en/item/furarmorheat-2,item,1,1
https://palworld-chi.vercel.app/en/item/furarmorheat-3,item,1,1
https://palworld-chi.vercel.app/en/item/furarmorheat-4,item,1,1
https://palworld-chi.vercel.app/en/item/furarmorheat-5,item,1,1
https://palworld-chi.vercel.app/en/item/furhelmet,item,1,1
https://palworld-chi.vercel.app/en/item/furhelmet-2,item,1,1
https://palworld-chi.vercel.app/en/item/furhelmet-3,item,1,1
https://palworld-chi.vercel.app/en/item/furhelmet-4,item,1,1
https://palworld-chi.vercel.app/en/item/furhelmet-5,item,1,1
https://palworld-chi.vercel.app/en/item/gasmask,item,1,1
https://palworld-chi.vercel.app/en/item/gatlingbullet,item,1,1
https://palworld-chi.vercel.app/en/item/gatlinggun,item,1,1
https://palworld-chi.vercel.app/en/item/gatlinggun-2,item,1,1
https://palworld-chi.vercel.app/en/item/gatlinggun-3,item,1,1
https://palworld-chi.vercel.app/en/item/gatlinggun-4,item,1,1
https://palworld-chi.vercel.app/en/item/gatlinggun-5,item,1,1
https://palworld-chi.vercel.app/en/item/genghiskhan,item,1,1
https://palworld-chi.vercel.app/en/item/glider-good,item,1,1
https://palworld-chi.vercel.app/en/item/glider-old,item,1,1
https://palworld-chi.vercel.app/en/item/glider-super,item,1,1
https://palworld-chi.vercel.app/en/item/glider-tera,item,1,1
https://palworld-chi.vercel.app/en/item/grapplinggun,item,1,1
https://palworld-chi.vercel.app/en/item/grapplinggun2,item,1,1
https://palworld-chi.vercel.app/en/item/grapplinggun3,item,1,1
https://palworld-chi.vercel.app/en/item/grapplinggun4,item,1,1
https://palworld-chi.vercel.app/en/item/grapplinggun5,item,1,1
https://palworld-chi.vercel.app/en/item/gratin,item,1,1
https://palworld-chi.vercel.app/en/item/grenadebullet,item,1,1
https://palworld-chi.vercel.app/en/item/grenadelauncher,item,1,1
https://palworld-chi.vercel.app/en/item/grenadelauncher-2,item,1,1
https://palworld-chi.vercel.app/en/item/grenadelauncher-3,item,1,1
https://palworld-chi.vercel.app/en/item/grenadelauncher-4,item,1,1
https://palworld-chi.vercel.app/en/item/grenadelauncher-5,item,1,1
https://palworld-chi.vercel.app/en/item/grilledsheepherbs,item,1,1
https://palworld-chi.vercel.app/en/item/grilledswordcutlassfish,item,1,1
https://palworld-chi.vercel.app/en/item/guidedmissilelauncher,item,1,1
https://palworld-chi.vercel.app/en/item/guidedmissilelauncher-2,item,1,1
https://palworld-chi.vercel.app/en/item/guidedmissilelauncher-3,item,1,1
https://palworld-chi.vercel.app/en/item/guidedmissilelauncher-4,item,1,1
https://palworld-chi.vercel.app/en/item/guidedmissilelauncher-5,item,1,1
https://palworld-chi.vercel.app/en/item/gunpowder2,item,2,2
https://palworld-chi.vercel.app/en/item/gym-head-desert,item,1,1
https://palworld-chi.vercel.app/en/item/gym-head-electric,item,1,1
https://palworld-chi.vercel.app/en/item/gym-head-forest,item,1,1
https://palworld-chi.vercel.app/en/item/gym-head-grass,item,1,1
https://palworld-chi.vercel.app/en/item/gym-head-sakurajima,item,1,1
https://palworld-chi.vercel.app/en/item/gym-head-snow,item,1,1
https://palworld-chi.vercel.app/en/item/gym-head-viking,item,1,1
https://palworld-chi.vercel.app/en/item/gyoza,item,1,1
https://palworld-chi.vercel.app/en/item/hamburger-2,item,1,1
https://palworld-chi.vercel.app/en/item/handgun-default,item,1,1
https://palworld-chi.vercel.app/en/item/handgun-default-2,item,1,1
https://palworld-chi.vercel.app/en/item/handgun-default-3,item,1,1
https://palworld-chi.vercel.app/en/item/handgun-default-4,item,1,1
https://palworld-chi.vercel.app/en/item/handgun-default-5,item,1,1
https://palworld-chi.vercel.app/en/item/handgunbullet,item,1,1
https://palworld-chi.vercel.app/en/item/head001,item,1,1
https://palworld-chi.vercel.app/en/item/head002,item,1,1
https://palworld-chi.vercel.app/en/item/head003,item,1,1
https://palworld-chi.vercel.app/en/item/head004,item,1,1
https://palworld-chi.vercel.app/en/item/head005,item,1,1
https://palworld-chi.vercel.app/en/item/head006,item,1,1
https://palworld-chi.vercel.app/en/item/head007,item,1,1
https://palworld-chi.vercel.app/en/item/head008,item,1,1
https://palworld-chi.vercel.app/en/item/head009,item,1,1
https://palworld-chi.vercel.app/en/item/head010,item,1,1
https://palworld-chi.vercel.app/en/item/head011,item,1,1
https://palworld-chi.vercel.app/en/item/head012,item,1,1
https://palworld-chi.vercel.app/en/item/head013,item,1,1
https://palworld-chi.vercel.app/en/item/head014,item,1,1
https://palworld-chi.vercel.app/en/item/head015,item,1,1
https://palworld-chi.vercel.app/en/item/head016,item,1,1
https://palworld-chi.vercel.app/en/item/head017,item,1,1
https://palworld-chi.vercel.app/en/item/headequip001-purple,item,1,1
https://palworld-chi.vercel.app/en/item/headequip023,item,1,1
https://palworld-chi.vercel.app/en/item/headequip024,item,1,1
https://palworld-chi.vercel.app/en/item/headequip025,item,1,1
https://palworld-chi.vercel.app/en/item/headequip026,item,1,1
https://palworld-chi.vercel.app/en/item/headequip027,item,1,1
https://palworld-chi.vercel.app/en/item/headequip028,item,1,1
https://palworld-chi.vercel.app/en/item/headequip029,item,1,1
https://palworld-chi.vercel.app/en/item/headequip030,item,1,1
https://palworld-chi.vercel.app/en/item/headequip031,item,1,1
https://palworld-chi.vercel.app/en/item/headequip032,item,1,1
https://palworld-chi.vercel.app/en/item/headequip033,item,1,1
https://palworld-chi.vercel.app/en/item/headequip041,item,1,1
https://palworld-chi.vercel.app/en/item/headequip044,item,1,1
https://palworld-chi.vercel.app/en/item/headequip045,item,1,1
https://palworld-chi.vercel.app/en/item/headequip046,item,1,1
https://palworld-chi.vercel.app/en/item/headequip048,item,1,1
https://palworld-chi.vercel.app/en/item/headequip049,item,1,1
https://palworld-chi.vercel.app/en/item/headequip050,item,1,1
https://palworld-chi.vercel.app/en/item/headequip051,item,1,1
https://palworld-chi.vercel.app/en/item/headequip052,item,1,1
https://palworld-chi.vercel.app/en/item/headequip053,item,1,1
https://palworld-chi.vercel.app/en/item/headequip054,item,1,1
https://palworld-chi.vercel.app/en/item/headequip055,item,1,1
https://palworld-chi.vercel.app/en/item/headequip056,item,1,1
https://palworld-chi.vercel.app/en/item/headequip057,item,1,1
https://palworld-chi.vercel.app/en/item/headequip058,item,1,1
https://palworld-chi.vercel.app/en/item/headequip059,item,1,1
https://palworld-chi.vercel.app/en/item/headequip060,item,1,1
https://palworld-chi.vercel.app/en/item/headequip061,item,1,1
https://palworld-chi.vercel.app/en/item/headequip062,item,1,1
https://palworld-chi.vercel.app/en/item/herbs,item,5,5
https://palworld-chi.vercel.app/en/item/highgrade-processed-wood,item,1,1
https://palworld-chi.vercel.app/en/item/homeward,item,1,1
https://palworld-chi.vercel.app/en/item/homingspherelauncher,item,1,1
https://palworld-chi.vercel.app/en/item/honey,item,6,6
https://palworld-chi.vercel.app/en/item/horn,item,21,21
https://palworld-chi.vercel.app/en/item/hotdog-2,item,1,1
https://palworld-chi.vercel.app/en/item/hotmilk,item,1,1
https://palworld-chi.vercel.app/en/item/iceorgan,item,32,32
https://palworld-chi.vercel.app/en/item/inkbullet,item,1,1
https://palworld-chi.vercel.app/en/item/ironarmor,item,1,1
https://palworld-chi.vercel.app/en/item/ironarmor-2,item,1,1
https://palworld-chi.vercel.app/en/item/ironarmor-3,item,1,1
https://palworld-chi.vercel.app/en/item/ironarmor-4,item,1,1
https://palworld-chi.vercel.app/en/item/ironarmor-5,item,1,1
https://palworld-chi.vercel.app/en/item/ironarmorcold,item,1,1
https://palworld-chi.vercel.app/en/item/ironarmorcold-2,item,1,1
https://palworld-chi.vercel.app/en/item/ironarmorcold-3,item,1,1
https://palworld-chi.vercel.app/en/item/ironarmorcold-4,item,1,1
https://palworld-chi.vercel.app/en/item/ironarmorcold-5,item,1,1
https://palworld-chi.vercel.app/en/item/ironarmorheat,item,1,1
https://palworld-chi.vercel.app/en/item/ironarmorheat-2,item,1,1
https://palworld-chi.vercel.app/en/item/ironarmorheat-3,item,1,1
https://palworld-chi.vercel.app/en/item/ironarmorheat-4,item,1,1
https://palworld-chi.vercel.app/en/item/ironarmorheat-5,item,1,1
https://palworld-chi.vercel.app/en/item/ironhelmet,item,1,1
https://palworld-chi.vercel.app/en/item/ironhelmet-2,item,1,1
https://palworld-chi.vercel.app/en/item/ironhelmet-3,item,1,1
https://palworld-chi.vercel.app/en/item/ironhelmet-4,item,1,1
https://palworld-chi.vercel.app/en/item/ironhelmet-5,item,1,1
https://palworld-chi.vercel.app/en/item/ironingot,item,1,1
https://palworld-chi.vercel.app/en/item/jambun,item,1,1
https://palworld-chi.vercel.app/en/item/jellyfishfairy-jelly,item,1,1
https://palworld-chi.vercel.app/en/item/jellyfishghost-jelly,item,1,1
https://palworld-chi.vercel.app/en/item/katana,item,1,1
https://palworld-chi.vercel.app/en/item/katana-2,item,1,1
https://palworld-chi.vercel.app/en/item/katana-3,item,1,1
https://palworld-chi.vercel.app/en/item/katana-4,item,1,1
https://palworld-chi.vercel.app/en/item/katana-5,item,1,1
https://palworld-chi.vercel.app/en/item/lantern,item,1,1
https://palworld-chi.vercel.app/en/item/lantern-high,item,1,1
https://palworld-chi.vercel.app/en/item/laserbullet,item,1,1
https://palworld-chi.vercel.app/en/item/lasergatlingbullet,item,1,1
https://palworld-chi.vercel.app/en/item/lasergatlinggun,item,1,1
https://palworld-chi.vercel.app/en/item/lasergatlinggun-2,item,1,1
https://palworld-chi.vercel.app/en/item/lasergatlinggun-3,item,1,1
https://palworld-chi.vercel.app/en/item/lasergatlinggun-4,item,1,1
https://palworld-chi.vercel.app/en/item/lasergatlinggun-5,item,1,1
https://palworld-chi.vercel.app/en/item/laserminingtool,item,1,1
https://palworld-chi.vercel.app/en/item/laserrifle,item,1,1
https://palworld-chi.vercel.app/en/item/laserrifle-2,item,1,1
https://palworld-chi.vercel.app/en/item/laserrifle-3,item,1,1
https://palworld-chi.vercel.app/en/item/laserrifle-4,item,1,1
https://palworld-chi.vercel.app/en/item/laserrifle-5,item,1,1
https://palworld-chi.vercel.app/en/item/launcher-default,item,1,1
https://palworld-chi.vercel.app/en/item/launcher-default-2,item,1,1
https://palworld-chi.vercel.app/en/item/launcher-default-3,item,1,1
https://palworld-chi.vercel.app/en/item/launcher-default-4,item,1,1
https://palworld-chi.vercel.app/en/item/launcher-default-5,item,1,1
https://palworld-chi.vercel.app/en/item/launcher-meteor,item,1,1
https://palworld-chi.vercel.app/en/item/launcher-meteor-5,item,1,1
https://palworld-chi.vercel.app/en/item/lava-ancient,item,1,1
https://palworld-chi.vercel.app/en/item/leather,item,79,79
https://palworld-chi.vercel.app/en/item/lettuce,item,1,1
https://palworld-chi.vercel.app/en/item/lettuceseeds,item,5,5
https://palworld-chi.vercel.app/en/item/lotus-attack-01,item,1,1
https://palworld-chi.vercel.app/en/item/lotus-attack-02,item,1,1
https://palworld-chi.vercel.app/en/item/lotus-hp-01,item,1,1
https://palworld-chi.vercel.app/en/item/lotus-hp-02,item,1,1
https://palworld-chi.vercel.app/en/item/lotus-stamina-01,item,1,1
https://palworld-chi.vercel.app/en/item/lotus-stamina-02,item,1,1
https://palworld-chi.vercel.app/en/item/lotus-weight-01,item,1,1
https://palworld-chi.vercel.app/en/item/lotus-weight-02,item,1,1
https://palworld-chi.vercel.app/en/item/lotus-workspeed-01,item,1,1
https://palworld-chi.vercel.app/en/item/lotus-workspeed-02,item,1,1
https://palworld-chi.vercel.app/en/item/luxurymedicines,item,1,1
https://palworld-chi.vercel.app/en/item/lvup-01,item,1,1
https://palworld-chi.vercel.app/en/item/machineparts,item,1,1
https://palworld-chi.vercel.app/en/item/machineparts2,item,1,1
https://palworld-chi.vercel.app/en/item/makeshiftassaultrifle,item,1,1
https://palworld-chi.vercel.app/en/item/makeshiftassaultrifle-2,item,1,1
https://palworld-chi.vercel.app/en/item/makeshiftassaultrifle-3,item,1,1
https://palworld-chi.vercel.app/en/item/makeshiftassaultrifle-4,item,1,1
https://palworld-chi.vercel.app/en/item/makeshiftassaultrifle-5,item,1,1
https://palworld-chi.vercel.app/en/item/makeshifthandgun,item,1,1
https://palworld-chi.vercel.app/en/item/makeshifthandgun-2,item,1,1
https://palworld-chi.vercel.app/en/item/makeshifthandgun-3,item,1,1
https://palworld-chi.vercel.app/en/item/makeshifthandgun-4,item,1,1
https://palworld-chi.vercel.app/en/item/makeshifthandgun-5,item,1,1
https://palworld-chi.vercel.app/en/item/makeshiftshotgun,item,1,1
https://palworld-chi.vercel.app/en/item/makeshiftshotgun-2,item,1,1
https://palworld-chi.vercel.app/en/item/makeshiftshotgun-3,item,1,1
https://palworld-chi.vercel.app/en/item/makeshiftshotgun-4,item,1,1
https://palworld-chi.vercel.app/en/item/makeshiftshotgun-5,item,1,1
https://palworld-chi.vercel.app/en/item/makeshiftsubmachinegun,item,1,1
https://palworld-chi.vercel.app/en/item/makeshiftsubmachinegun-2,item,1,1
https://palworld-chi.vercel.app/en/item/makeshiftsubmachinegun-3,item,1,1
https://palworld-chi.vercel.app/en/item/makeshiftsubmachinegun-4,item,1,1
https://palworld-chi.vercel.app/en/item/makeshiftsubmachinegun-5,item,1,1
https://palworld-chi.vercel.app/en/item/manganeseingot,item,1,1
https://palworld-chi.vercel.app/en/item/manganeseore,item,4,4
https://palworld-chi.vercel.app/en/item/marinatedmushrooms,item,1,1
https://palworld-chi.vercel.app/en/item/meaninglessitem-butcheringimportpal,item,1,1
https://palworld-chi.vercel.app/en/item/meat-berrygoat,item,3,3
https://palworld-chi.vercel.app/en/item/meat-boar,item,2,2
https://palworld-chi.vercel.app/en/item/meat-chickenpal,item,2,2
https://palworld-chi.vercel.app/en/item/meat-cowpal,item,2,2
https://palworld-chi.vercel.app/en/item/meat-deer,item,3,3
https://palworld-chi.vercel.app/en/item/meat-eagle,item,2,2
https://palworld-chi.vercel.app/en/item/meat-grassmammoth,item,3,3
https://palworld-chi.vercel.app/en/item/meat-icecrocodile,item,2,2
https://palworld-chi.vercel.app/en/item/meat-icedeer,item,2,2
https://palworld-chi.vercel.app/en/item/meat-jellyfishfairy,item,2,2
https://palworld-chi.vercel.app/en/item/meat-jellyfishghost,item,2,2
https://palworld-chi.vercel.app/en/item/meat-kelpie,item,3,3
https://palworld-chi.vercel.app/en/item/meat-lazycatfish,item,3,3
https://palworld-chi.vercel.app/en/item/meat-octopusgirl,item,3,3
https://palworld-chi.vercel.app/en/item/meat-sakurasaurus,item,3,3
https://palworld-chi.vercel.app/en/item/meat-sheepball,item,2,2
https://palworld-chi.vercel.app/en/item/meat-swordcutlassfish,item,3,3
https://palworld-chi.vercel.app/en/item/meatandpotatoes,item,1,1
https://palworld-chi.vercel.app/en/item/meatcutterknife,item,1,1
https://palworld-chi.vercel.app/en/item/medicines,item,1,1
https://palworld-chi.vercel.app/en/item/metaldetector,item,1,1
https://palworld-chi.vercel.app/en/item/meteorbullet,item,1,1
https://palworld-chi.vercel.app/en/item/meteordrop,item,4,4
https://palworld-chi.vercel.app/en/item/milk,item,2,2
https://palworld-chi.vercel.app/en/item/minestrone,item,1,1
https://palworld-chi.vercel.app/en/item/missilebullet,item,1,1
https://palworld-chi.vercel.app/en/item/money,item,6,6
https://palworld-chi.vercel.app/en/item/multiguidedmissilelauncher,item,1,1
https://palworld-chi.vercel.app/en/item/multiguidedmissilelauncher-2,item,1,1
https://palworld-chi.vercel.app/en/item/multiguidedmissilelauncher-3,item,1,1
https://palworld-chi.vercel.app/en/item/multiguidedmissilelauncher-4,item,1,1
https://palworld-chi.vercel.app/en/item/multiguidedmissilelauncher-5,item,1,1
https://palworld-chi.vercel.app/en/item/mushroom,item,6,6
https://palworld-chi.vercel.app/en/item/mushroomjuice,item,1,1
https://palworld-chi.vercel.app/en/item/mushroomsoup,item,1,1
https://palworld-chi.vercel.app/en/item/musket,item,1,1
https://palworld-chi.vercel.app/en/item/musket-2,item,1,1
https://palworld-chi.vercel.app/en/item/musket-3,item,1,1
https://palworld-chi.vercel.app/en/item/musket-4,item,1,1
https://palworld-chi.vercel.app/en/item/musket-5,item,1,1
https://palworld-chi.vercel.app/en/item/narcotic,item,2,2
https://palworld-chi.vercel.app/en/item/nightstone,item,3,3
https://palworld-chi.vercel.app/en/item/octavia001-armor,item,1,1
https://palworld-chi.vercel.app/en/item/octavia001-armor-5,item,1,1
https://palworld-chi.vercel.app/en/item/octavia002-armor,item,1,1
https://palworld-chi.vercel.app/en/item/octavia002-armor-5,item,1,1
https://palworld-chi.vercel.app/en/item/octaviarevolver,item,1,1
https://palworld-chi.vercel.app/en/item/octaviarevolver-5,item,1,1
https://palworld-chi.vercel.app/en/item/octaviashotgun,item,1,1
https://palworld-chi.vercel.app/en/item/octaviashotgun-5,item,1,1
https://palworld-chi.vercel.app/en/item/octopusgirl-takoyaki,item,1,1
https://palworld-chi.vercel.app/en/item/octopusgirl-takoyaki2,item,1,1
https://palworld-chi.vercel.app/en/item/oldrevolver,item,1,1
https://palworld-chi.vercel.app/en/item/oldrevolver-2,item,1,1
https://palworld-chi.vercel.app/en/item/oldrevolver-3,item,1,1
https://palworld-chi.vercel.app/en/item/oldrevolver-4,item,1,1
https://palworld-chi.vercel.app/en/item/oldrevolver-5,item,1,1
https://palworld-chi.vercel.app/en/item/omelet,item,1,1
https://palworld-chi.vercel.app/en/item/onion,item,1,1
https://palworld-chi.vercel.app/en/item/onionseeds,item,5,5
https://palworld-chi.vercel.app/en/item/opium,item,2,2
https://palworld-chi.vercel.app/en/item/otomo-atdark-elementboost-1,item,1,1
https://palworld-chi.vercel.app/en/item/otomo-atdragon-elementboost-1,item,1,1
https://palworld-chi.vercel.app/en/item/otomo-atearth-elementboost-1,item,1,1
https://palworld-chi.vercel.app/en/item/otomo-atelectricity-elementboost-1,item,1,1
https://palworld-chi.vercel.app/en/item/otomo-atfire-elementboost-1,item,1,1
https://palworld-chi.vercel.app/en/item/otomo-atice-elementboost-1,item,1,1
https://palworld-chi.vercel.app/en/item/otomo-atleaf-elementboost-1,item,1,1
https://palworld-chi.vercel.app/en/item/otomo-atnormal-elementboost-1,item,1,1
https://palworld-chi.vercel.app/en/item/otomo-attack-up1,item,1,1
https://palworld-chi.vercel.app/en/item/otomo-atwater-elementboost-1,item,1,1
https://palworld-chi.vercel.app/en/item/otomo-defense-up1,item,1,1
https://palworld-chi.vercel.app/en/item/otomo-dfdark-elementboost-1,item,1,1
https://palworld-chi.vercel.app/en/item/otomo-dfdragon-elementboost-1,item,1,1
https://palworld-chi.vercel.app/en/item/otomo-dfearth-elementboost-1,item,1,1
https://palworld-chi.vercel.app/en/item/otomo-dfelectricity-elementboost-1,item,1,1
https://palworld-chi.vercel.app/en/item/otomo-dffire-elementboost-1,item,1,1
https://palworld-chi.vercel.app/en/item/otomo-dfice-elementboost-1,item,1,1
https://palworld-chi.vercel.app/en/item/otomo-dfleaf-elementboost-1,item,1,1
https://palworld-chi.vercel.app/en/item/otomo-dfnormal-elementboost-1,item,1,1
https://palworld-chi.vercel.app/en/item/otomo-dfwater-elementboost-1,item,1,1
https://palworld-chi.vercel.app/en/item/otomo-elementboost-dark-1,item,1,1
https://palworld-chi.vercel.app/en/item/otomo-elementboost-dragon-1,item,1,1
https://palworld-chi.vercel.app/en/item/otomo-elementboost-earth-1,item,1,1
https://palworld-chi.vercel.app/en/item/otomo-elementboost-electricity-1,item,1,1
https://palworld-chi.vercel.app/en/item/otomo-elementboost-fire-1,item,1,1
https://palworld-chi.vercel.app/en/item/otomo-elementboost-ice-1,item,1,1
https://palworld-chi.vercel.app/en/item/otomo-elementboost-leaf-1,item,1,1
https://palworld-chi.vercel.app/en/item/otomo-elementboost-normal-1,item,1,1
https://palworld-chi.vercel.app/en/item/otomo-elementboost-water-1,item,1,1
https://palworld-chi.vercel.app/en/item/otomo-palconfidence-increase-1,item,1,1
https://palworld-chi.vercel.app/en/item/otomo-palexp-increase-1,item,1,1
https://palworld-chi.vercel.app/en/item/overheatrifle,item,1,1
https://palworld-chi.vercel.app/en/item/overheatrifle-2,item,1,1
https://palworld-chi.vercel.app/en/item/overheatrifle-3,item,1,1
https://palworld-chi.vercel.app/en/item/overheatrifle-4,item,1,1
https://palworld-chi.vercel.app/en/item/overheatrifle-5,item,1,1
https://palworld-chi.vercel.app/en/item/overheatriflebullet,item,1,1
https://palworld-chi.vercel.app/en/item/pal-crystal-s,item,2,2
https://palworld-chi.vercel.app/en/item/palawakening-dark,item,1,1
https://palworld-chi.vercel.app/en/item/palawakening-dragon,item,1,1
https://palworld-chi.vercel.app/en/item/palawakening-electric,item,1,1
https://palworld-chi.vercel.app/en/item/palawakening-fire,item,1,1
https://palworld-chi.vercel.app/en/item/palawakening-grass,item,1,1
https://palworld-chi.vercel.app/en/item/palawakening-ground,item,1,1
https://palworld-chi.vercel.app/en/item/palawakening-ice,item,1,1
https://palworld-chi.vercel.app/en/item/palawakening-material-dark,item,11,11
https://palworld-chi.vercel.app/en/item/palawakening-material-dragon,item,11,11
https://palworld-chi.vercel.app/en/item/palawakening-material-electric,item,19,19
https://palworld-chi.vercel.app/en/item/palawakening-material-fire,item,14,14
https://palworld-chi.vercel.app/en/item/palawakening-material-grass,item,13,13
https://palworld-chi.vercel.app/en/item/palawakening-material-ground,item,10,10
https://palworld-chi.vercel.app/en/item/palawakening-material-ice,item,10,10
https://palworld-chi.vercel.app/en/item/palawakening-material-neutral,item,10,10
https://palworld-chi.vercel.app/en/item/palawakening-material-water,item,5,5
https://palworld-chi.vercel.app/en/item/palawakening-neutral,item,1,1
https://palworld-chi.vercel.app/en/item/palawakening-water,item,1,1
https://palworld-chi.vercel.app/en/item/palcrystal-ex,item,1,1
https://palworld-chi.vercel.app/en/item/paldarkparts,item,10,10
https://palworld-chi.vercel.app/en/item/paldopingshot,item,1,1
https://palworld-chi.vercel.app/en/item/paldopingshot-2,item,1,1
https://palworld-chi.vercel.app/en/item/paldopingshotbullet,item,1,1
https://palworld-chi.vercel.app/en/item/palegg-dark-01,item,1,1
https://palworld-chi.vercel.app/en/item/palegg-dark-02,item,1,1
https://palworld-chi.vercel.app/en/item/palegg-dark-03,item,1,1
https://palworld-chi.vercel.app/en/item/palegg-dark-04,item,1,1
https://palworld-chi.vercel.app/en/item/palegg-dark-05,item,1,1
https://palworld-chi.vercel.app/en/item/palegg-dragon-01,item,1,1
https://palworld-chi.vercel.app/en/item/palegg-dragon-02,item,1,1
https://palworld-chi.vercel.app/en/item/palegg-dragon-03,item,1,1
https://palworld-chi.vercel.app/en/item/palegg-dragon-04,item,1,1
https://palworld-chi.vercel.app/en/item/palegg-dragon-05,item,1,1
https://palworld-chi.vercel.app/en/item/palegg-earth-01,item,1,1
https://palworld-chi.vercel.app/en/item/palegg-earth-02,item,1,1
https://palworld-chi.vercel.app/en/item/palegg-earth-03,item,1,1
https://palworld-chi.vercel.app/en/item/palegg-earth-04,item,1,1
https://palworld-chi.vercel.app/en/item/palegg-earth-05,item,1,1
https://palworld-chi.vercel.app/en/item/palegg-electricity-01,item,1,1
https://palworld-chi.vercel.app/en/item/palegg-electricity-02,item,1,1
https://palworld-chi.vercel.app/en/item/palegg-electricity-03,item,1,1
https://palworld-chi.vercel.app/en/item/palegg-electricity-04,item,1,1
https://palworld-chi.vercel.app/en/item/palegg-electricity-05,item,1,1
https://palworld-chi.vercel.app/en/item/palegg-fire-01,item,1,1
https://palworld-chi.vercel.app/en/item/palegg-fire-02,item,1,1
https://palworld-chi.vercel.app/en/item/palegg-fire-03,item,1,1
https://palworld-chi.vercel.app/en/item/palegg-fire-04,item,1,1
https://palworld-chi.vercel.app/en/item/palegg-fire-05,item,1,1
https://palworld-chi.vercel.app/en/item/palegg-ice-01,item,1,1
https://palworld-chi.vercel.app/en/item/palegg-ice-02,item,1,1
https://palworld-chi.vercel.app/en/item/palegg-ice-03,item,1,1
https://palworld-chi.vercel.app/en/item/palegg-ice-04,item,1,1
https://palworld-chi.vercel.app/en/item/palegg-ice-05,item,1,1
https://palworld-chi.vercel.app/en/item/palegg-leaf-01,item,1,1
https://palworld-chi.vercel.app/en/item/palegg-leaf-02,item,1,1
https://palworld-chi.vercel.app/en/item/palegg-leaf-03,item,1,1
https://palworld-chi.vercel.app/en/item/palegg-leaf-04,item,1,1
https://palworld-chi.vercel.app/en/item/palegg-leaf-05,item,1,1
https://palworld-chi.vercel.app/en/item/palegg-mutationpal-03,item,1,1
https://palworld-chi.vercel.app/en/item/palegg-mutationpal-04,item,1,1
https://palworld-chi.vercel.app/en/item/palegg-mutationpal-05,item,1,1
https://palworld-chi.vercel.app/en/item/palegg-normal-01,item,1,1
https://palworld-chi.vercel.app/en/item/palegg-normal-02,item,1,1
https://palworld-chi.vercel.app/en/item/palegg-normal-03,item,1,1
https://palworld-chi.vercel.app/en/item/palegg-normal-04,item,1,1
https://palworld-chi.vercel.app/en/item/palegg-normal-05,item,1,1
https://palworld-chi.vercel.app/en/item/palegg-water-01,item,1,1
https://palworld-chi.vercel.app/en/item/palegg-water-02,item,1,1
https://palworld-chi.vercel.app/en/item/palegg-water-03,item,1,1
https://palworld-chi.vercel.app/en/item/palegg-water-04,item,1,1
https://palworld-chi.vercel.app/en/item/palegg-water-05,item,1,1
https://palworld-chi.vercel.app/en/item/palegg-worldtree-01,item,1,1
https://palworld-chi.vercel.app/en/item/palegg-worldtree-02,item,1,1
https://palworld-chi.vercel.app/en/item/palegg-worldtree-03,item,1,1
https://palworld-chi.vercel.app/en/item/palegg-worldtree-04,item,1,1
https://palworld-chi.vercel.app/en/item/palegg-worldtree-05,item,1,1
https://palworld-chi.vercel.app/en/item/palfluid,item,38,38
https://palworld-chi.vercel.app/en/item/palgenderreverse,item,1,1
https://palworld-chi.vercel.app/en/item/palhealinggrenade,item,1,1
https://palworld-chi.vercel.app/en/item/palitem-captainpenguin,item,3,3
https://palworld-chi.vercel.app/en/item/palitem-catmage,item,3,3
https://palworld-chi.vercel.app/en/item/palitem-colorfulbird,item,2,2
https://palworld-chi.vercel.app/en/item/palitem-lizardman,item,3,3
https://palworld-chi.vercel.app/en/item/palitem-mopbaby,item,2,2
https://palworld-chi.vercel.app/en/item/palitem-negativeoctopus,item,3,3
https://palworld-chi.vercel.app/en/item/palitem-pinkrabbit,item,3,3
https://palworld-chi.vercel.app/en/item/palitem-plantslime,item,2,2
https://palworld-chi.vercel.app/en/item/palitem-raijindaughter,item,3,3
https://palworld-chi.vercel.app/en/item/palitem-tosell-01,item,1,1
https://palworld-chi.vercel.app/en/item/palitem-tosell-02,item,1,1
https://palworld-chi.vercel.app/en/item/palitem-tosell-03,item,1,1
https://palworld-chi.vercel.app/en/item/palitem-tosell-04,item,1,1
https://palworld-chi.vercel.app/en/item/palitem-tosell-05,item,1,1
https://palworld-chi.vercel.app/en/item/paloil,item,25,25
https://palworld-chi.vercel.app/en/item/palpassiveskillchange-autohpregenerate-passive,item,1,1
https://palworld-chi.vercel.app/en/item/palpassiveskillchange-consumable-craftspeed-up3,item,1,1
https://palworld-chi.vercel.app/en/item/palpassiveskillchange-consumable-deffence-up3,item,1,1
https://palworld-chi.vercel.app/en/item/palpassiveskillchange-consumable-movespeed-up-3,item,1,1
https://palworld-chi.vercel.app/en/item/palpassiveskillchange-consumable-mutationpal-babysitter,item,1,1
https://palworld-chi.vercel.app/en/item/palpassiveskillchange-consumable-mutationpal-explosionresist,item,1,1
https://palworld-chi.vercel.app/en/item/palpassiveskillchange-consumable-mutationpal-immortal,item,1,1
https://palworld-chi.vercel.app/en/item/palpassiveskillchange-consumable-mutationpal-mutant,item,1,1
https://palworld-chi.vercel.app/en/item/palpassiveskillchange-consumable-pal-allattack-up3,item,1,1
https://palworld-chi.vercel.app/en/item/palpassiveskillchange-consumable-pal-fullstomach-down-3,item,1,1
https://palworld-chi.vercel.app/en/item/palpassiveskillchange-consumable-pal-sanity-down-3,item,1,1
https://palworld-chi.vercel.app/en/item/palpassiveskillchange-consumable-ridejumpcount-increase2,item,1,1
https://palworld-chi.vercel.app/en/item/palpassiveskillchange-consumable-stamina-up-3,item,1,1
https://palworld-chi.vercel.app/en/item/palpassiveskillchange-consumable-swimspeed-up-3,item,1,1
https://palworld-chi.vercel.app/en/item/palpassiveskillchange-consumable-vampire,item,1,1
https://palworld-chi.vercel.app/en/item/palpassiveskillchange-consumable-worldtree-atk,item,1,1
https://palworld-chi.vercel.app/en/item/palpassiveskillchange-consumable-worldtree-atk-def,item,1,1
https://palworld-chi.vercel.app/en/item/palpassiveskillchange-consumable-worldtree-craftspeed,item,1,1
https://palworld-chi.vercel.app/en/item/palpassiveskillchange-consumable-worldtree-def,item,1,1
https://palworld-chi.vercel.app/en/item/palpassiveskillchange-consumable-worldtree-fullstomach,item,1,1
https://palworld-chi.vercel.app/en/item/palpassiveskillchange-consumable-worldtree-movespeed,item,1,1
https://palworld-chi.vercel.app/en/item/palpassiveskillchange-consumable-worldtree-sanity,item,1,1
https://palworld-chi.vercel.app/en/item/palpassiveskillchange-cooltimereduction-up-1,item,1,1
https://palworld-chi.vercel.app/en/item/palpassiveskillchange-cooltimereduction-up-2,item,1,1
https://palworld-chi.vercel.app/en/item/palpassiveskillchange-craftspeed-up1,item,1,1
https://palworld-chi.vercel.app/en/item/palpassiveskillchange-craftspeed-up2,item,1,1
https://palworld-chi.vercel.app/en/item/palpassiveskillchange-craftspeed-up3,item,1,1
https://palworld-chi.vercel.app/en/item/palpassiveskillchange-deffence-up1,item,1,1
https://palworld-chi.vercel.app/en/item/palpassiveskillchange-deffence-up2,item,1,1
https://palworld-chi.vercel.app/en/item/palpassiveskillchange-deffence-up3,item,1,1
https://palworld-chi.vercel.app/en/item/palpassiveskillchange-hatchingspeed-up,item,1,1
https://palworld-chi.vercel.app/en/item/palpassiveskillchange-movespeed-up-1,item,1,1
https://palworld-chi.vercel.app/en/item/palpassiveskillchange-movespeed-up-2,item,1,1
https://palworld-chi.vercel.app/en/item/palpassiveskillchange-movespeed-up-3,item,1,1
https://palworld-chi.vercel.app/en/item/palpassiveskillchange-nocturnal,item,1,1
https://palworld-chi.vercel.app/en/item/palpassiveskillchange-nonkilling,item,1,1
https://palworld-chi.vercel.app/en/item/palpassiveskillchange-noukin,item,1,1
https://palworld-chi.vercel.app/en/item/palpassiveskillchange-pal-allattack-up1,item,1,1
https://palworld-chi.vercel.app/en/item/palpassiveskillchange-pal-allattack-up2,item,1,1
https://palworld-chi.vercel.app/en/item/palpassiveskillchange-pal-allattack-up3,item,1,1
https://palworld-chi.vercel.app/en/item/palpassiveskillchange-pal-corporateslave,item,1,1
https://palworld-chi.vercel.app/en/item/palpassiveskillchange-pal-fullstomach-down-1,item,1,1
https://palworld-chi.vercel.app/en/item/palpassiveskillchange-pal-fullstomach-down-2,item,1,1
https://palworld-chi.vercel.app/en/item/palpassiveskillchange-pal-fullstomach-down-3,item,1,1
https://palworld-chi.vercel.app/en/item/palpassiveskillchange-pal-sanity-down-1,item,1,1
https://palworld-chi.vercel.app/en/item/palpassiveskillchange-pal-sanity-down-2,item,1,1
https://palworld-chi.vercel.app/en/item/palpassiveskillchange-pal-sanity-down-3,item,1,1
https://palworld-chi.vercel.app/en/item/palpassiveskillchange-playersp-decreaserate-passive,item,1,1
https://palworld-chi.vercel.app/en/item/palpassiveskillchange-reloadspeedup-passive,item,1,1
https://palworld-chi.vercel.app/en/item/palpassiveskillchange-saleprice-up-1,item,1,1
https://palworld-chi.vercel.app/en/item/palpassiveskillchange-saleprice-up-2,item,1,1
https://palworld-chi.vercel.app/en/item/palpassiveskillchange-stamina-up-1,item,1,1
https://palworld-chi.vercel.app/en/item/palpassiveskillchange-stamina-up-2,item,1,1
https://palworld-chi.vercel.app/en/item/palpassiveskillchange-stamina-up-3,item,1,1
https://palworld-chi.vercel.app/en/item/palpassiveskillchange-swimspeed-up-1,item,1,1
https://palworld-chi.vercel.app/en/item/palpassiveskillchange-swimspeed-up-2,item,1,1
https://palworld-chi.vercel.app/en/item/palpassiveskillchange-traineratk-up-1,item,1,1
https://palworld-chi.vercel.app/en/item/palpassiveskillchange-trainerdef-up-1,item,1,1
https://palworld-chi.vercel.app/en/item/palpassiveskillchange-trainerlogging-up1,item,1,1
https://palworld-chi.vercel.app/en/item/palpassiveskillchange-trainermining-up1,item,1,1
https://palworld-chi.vercel.app/en/item/palpassiveskillchange-trainerworkspeed-up-1,item,1,1
https://palworld-chi.vercel.app/en/item/palrevive,item,1,1
https://palworld-chi.vercel.app/en/item/palsphere,item,1,1
https://palworld-chi.vercel.app/en/item/palsphere-ancient-1,item,1,1
https://palworld-chi.vercel.app/en/item/palsphere-ancient-2,item,1,1
https://palworld-chi.vercel.app/en/item/palsphere-exotic,item,1,1
https://palworld-chi.vercel.app/en/item/palsphere-giga,item,1,1
https://palworld-chi.vercel.app/en/item/palsphere-legend,item,1,1
https://palworld-chi.vercel.app/en/item/palsphere-master,item,1,1
https://palworld-chi.vercel.app/en/item/palsphere-mega,item,1,1
https://palworld-chi.vercel.app/en/item/palsphere-tera,item,1,1
https://palworld-chi.vercel.app/en/item/palsphere-ultimate,item,1,1
https://palworld-chi.vercel.app/en/item/palsummon-darkmechadragon,item,1,1
https://palworld-chi.vercel.app/en/item/palsummon-darkmechadragon-2,item,1,1
https://palworld-chi.vercel.app/en/item/palsummon-darkmechadragon-parts,item,1,1
https://palworld-chi.vercel.app/en/item/palsummon-darkmechadragon-parts-2,item,1,1
https://palworld-chi.vercel.app/en/item/palsummon-kingbahamut-dragon,item,1,1
https://palworld-chi.vercel.app/en/item/palsummon-kingbahamut-dragon-2,item,1,1
https://palworld-chi.vercel.app/en/item/palsummon-kingbahamut-dragon-parts,item,1,1
https://palworld-chi.vercel.app/en/item/palsummon-kingbahamut-dragon-parts-2,item,1,1
https://palworld-chi.vercel.app/en/item/palsummon-legenddeer,item,1,1
https://palworld-chi.vercel.app/en/item/palsummon-legenddeer-2,item,1,1
https://palworld-chi.vercel.app/en/item/palsummon-legenddeer-parts,item,1,1
https://palworld-chi.vercel.app/en/item/palsummon-legenddeer-parts-2,item,1,1
https://palworld-chi.vercel.app/en/item/palsummon-nightlady,item,1,1
https://palworld-chi.vercel.app/en/item/palsummon-nightlady-dark,item,1,1
https://palworld-chi.vercel.app/en/item/palsummon-nightlady-dark-2,item,1,1
https://palworld-chi.vercel.app/en/item/palsummon-nightlady-dark-parts,item,1,1
https://palworld-chi.vercel.app/en/item/palsummon-nightlady-dark-parts-2,item,1,1
https://palworld-chi.vercel.app/en/item/palsummon-nightlady-parts,item,1,1
https://palworld-chi.vercel.app/en/item/palsummon-yakushimaboss002,item,1,1
https://palworld-chi.vercel.app/en/item/palsummon-yakushimaboss002-2,item,1,1
https://palworld-chi.vercel.app/en/item/palupgradestone,item,14,14
https://palworld-chi.vercel.app/en/item/palupgradestone2,item,11,11
https://palworld-chi.vercel.app/en/item/palupgradestone3,item,19,19
https://palworld-chi.vercel.app/en/item/palupgradestone4,item,5,5
https://palworld-chi.vercel.app/en/item/pan,item,1,1
https://palworld-chi.vercel.app/en/item/pancake,item,1,1
https://palworld-chi.vercel.app/en/item/pickaxe-steal,item,1,1
https://palworld-chi.vercel.app/en/item/pickaxe-tier-00,item,1,1
https://palworld-chi.vercel.app/en/item/pickaxe-tier-01,item,1,1
https://palworld-chi.vercel.app/en/item/pickaxe-tier-02,item,1,1
https://palworld-chi.vercel.app/en/item/pizza,item,1,1
https://palworld-chi.vercel.app/en/item/plastic,item,3,3
https://palworld-chi.vercel.app/en/item/plasticarmor,item,1,1
https://palworld-chi.vercel.app/en/item/plasticarmor-2,item,1,1
https://palworld-chi.vercel.app/en/item/plasticarmor-3,item,1,1
https://palworld-chi.vercel.app/en/item/plasticarmor-4,item,1,1
https://palworld-chi.vercel.app/en/item/plasticarmor-5,item,1,1
https://palworld-chi.vercel.app/en/item/plasticarmorcold,item,1,1
https://palworld-chi.vercel.app/en/item/plasticarmorcold-2,item,1,1
https://palworld-chi.vercel.app/en/item/plasticarmorcold-3,item,1,1
https://palworld-chi.vercel.app/en/item/plasticarmorcold-4,item,1,1
https://palworld-chi.vercel.app/en/item/plasticarmorcold-5,item,1,1
https://palworld-chi.vercel.app/en/item/plasticarmorheat,item,1,1
https://palworld-chi.vercel.app/en/item/plasticarmorheat-2,item,1,1
https://palworld-chi.vercel.app/en/item/plasticarmorheat-3,item,1,1
https://palworld-chi.vercel.app/en/item/plasticarmorheat-4,item,1,1
https://palworld-chi.vercel.app/en/item/plasticarmorheat-5,item,1,1
https://palworld-chi.vercel.app/en/item/plasticarmorweight,item,1,1
https://palworld-chi.vercel.app/en/item/plasticarmorweight-2,item,1,1
https://palworld-chi.vercel.app/en/item/plasticarmorweight-3,item,1,1
https://palworld-chi.vercel.app/en/item/plasticarmorweight-4,item,1,1
https://palworld-chi.vercel.app/en/item/plasticarmorweight-5,item,1,1
https://palworld-chi.vercel.app/en/item/plastichelmet,item,1,1
https://palworld-chi.vercel.app/en/item/plastichelmet-2,item,1,1
https://palworld-chi.vercel.app/en/item/plastichelmet-3,item,1,1
https://palworld-chi.vercel.app/en/item/plastichelmet-4,item,1,1
https://palworld-chi.vercel.app/en/item/plastichelmet-5,item,1,1
https://palworld-chi.vercel.app/en/item/player-outfit-kigurumi001,item,1,1
https://palworld-chi.vercel.app/en/item/playerdropitem,item,1,1
https://palworld-chi.vercel.app/en/item/poisonmushroom,item,4,4
https://palworld-chi.vercel.app/en/item/polymer,item,1,1
https://palworld-chi.vercel.app/en/item/poppy,item,14,14
https://palworld-chi.vercel.app/en/item/potato,item,1,1
https://palworld-chi.vercel.app/en/item/potatochips,item,1,1
https://palworld-chi.vercel.app/en/item/potatoseeds,item,4,4
https://palworld-chi.vercel.app/en/item/potion,item,1,1
https://palworld-chi.vercel.app/en/item/potion-extreme,item,1,1
https://palworld-chi.vercel.app/en/item/potion-high,item,5,5
https://palworld-chi.vercel.app/en/item/potion-low,item,1,1
https://palworld-chi.vercel.app/en/item/predatorcrystal,item,1,1
https://palworld-chi.vercel.app/en/item/processed-wood,item,1,1
https://palworld-chi.vercel.app/en/item/pumpactionshotgun,item,1,1
https://palworld-chi.vercel.app/en/item/pumpactionshotgun-2,item,1,1
https://palworld-chi.vercel.app/en/item/pumpactionshotgun-3,item,1,1
https://palworld-chi.vercel.app/en/item/pumpactionshotgun-4,item,1,1
https://palworld-chi.vercel.app/en/item/pumpactionshotgun-5,item,1,1
https://palworld-chi.vercel.app/en/item/quartz,item,2,2
https://palworld-chi.vercel.app/en/item/quiche,item,1,1
https://palworld-chi.vercel.app/en/item/rainbowcrystal,item,2,2
https://palworld-chi.vercel.app/en/item/rankup-1,item,1,1
https://palworld-chi.vercel.app/en/item/rankup-2,item,1,1
https://palworld-chi.vercel.app/en/item/rankup-3,item,1,1
https://palworld-chi.vercel.app/en/item/rankup-4,item,1,1
https://palworld-chi.vercel.app/en/item/rankup-arbitrary,item,1,1
https://palworld-chi.vercel.app/en/item/reinforcedarrow,item,1,1
https://palworld-chi.vercel.app/en/item/repairkit,item,1,1
https://palworld-chi.vercel.app/en/item/riflebullet,item,1,1
https://palworld-chi.vercel.app/en/item/roughbullet,item,1,1
https://palworld-chi.vercel.app/en/item/ruby,item,6,6
https://palworld-chi.vercel.app/en/item/salad,item,1,1
https://palworld-chi.vercel.app/en/item/salvage-treasureboxkey02,item,1,1
https://palworld-chi.vercel.app/en/item/sapphire,item,6,6
https://palworld-chi.vercel.app/en/item/seafood-salada,item,1,1
https://palworld-chi.vercel.app/en/item/semiautorifle,item,1,1
https://palworld-chi.vercel.app/en/item/semiautorifle-2,item,1,1
https://palworld-chi.vercel.app/en/item/semiautorifle-3,item,1,1
https://palworld-chi.vercel.app/en/item/semiautorifle-4,item,1,1
https://palworld-chi.vercel.app/en/item/semiautorifle-5,item,1,1
https://palworld-chi.vercel.app/en/item/semiautoshotgun,item,1,1
https://palworld-chi.vercel.app/en/item/semiautoshotgun-2,item,1,1
https://palworld-chi.vercel.app/en/item/semiautoshotgun-3,item,1,1
https://palworld-chi.vercel.app/en/item/semiautoshotgun-4,item,1,1
https://palworld-chi.vercel.app/en/item/semiautoshotgun-5,item,1,1
https://palworld-chi.vercel.app/en/item/sfarmor,item,1,1
https://palworld-chi.vercel.app/en/item/sfarmor-2,item,1,1
https://palworld-chi.vercel.app/en/item/sfarmor-3,item,1,1
https://palworld-chi.vercel.app/en/item/sfarmor-4,item,1,1
https://palworld-chi.vercel.app/en/item/sfarmor-5,item,1,1
https://palworld-chi.vercel.app/en/item/sfarmorcold,item,1,1
https://palworld-chi.vercel.app/en/item/sfarmorcold-2,item,1,1
https://palworld-chi.vercel.app/en/item/sfarmorcold-3,item,1,1
https://palworld-chi.vercel.app/en/item/sfarmorcold-4,item,1,1
https://palworld-chi.vercel.app/en/item/sfarmorcold-5,item,1,1
https://palworld-chi.vercel.app/en/item/sfarmorheat,item,1,1
https://palworld-chi.vercel.app/en/item/sfarmorheat-2,item,1,1
https://palworld-chi.vercel.app/en/item/sfarmorheat-3,item,1,1
https://palworld-chi.vercel.app/en/item/sfarmorheat-4,item,1,1
https://palworld-chi.vercel.app/en/item/sfarmorheat-5,item,1,1
https://palworld-chi.vercel.app/en/item/sfarmorweight,item,1,1
https://palworld-chi.vercel.app/en/item/sfarmorweight-2,item,1,1
https://palworld-chi.vercel.app/en/item/sfarmorweight-3,item,1,1
https://palworld-chi.vercel.app/en/item/sfarmorweight-4,item,1,1
https://palworld-chi.vercel.app/en/item/sfarmorweight-5,item,1,1
https://palworld-chi.vercel.app/en/item/sfarrow,item,1,1
https://palworld-chi.vercel.app/en/item/sfbow,item,1,1
https://palworld-chi.vercel.app/en/item/sfbow-2,item,1,1
https://palworld-chi.vercel.app/en/item/sfbow-3,item,1,1
https://palworld-chi.vercel.app/en/item/sfbow-4,item,1,1
https://palworld-chi.vercel.app/en/item/sfbow-5,item,1,1
https://palworld-chi.vercel.app/en/item/sfhelmet,item,1,1
https://palworld-chi.vercel.app/en/item/sfhelmet-2,item,1,1
https://palworld-chi.vercel.app/en/item/sfhelmet-3,item,1,1
https://palworld-chi.vercel.app/en/item/sfhelmet-4,item,1,1
https://palworld-chi.vercel.app/en/item/sfhelmet-5,item,1,1
https://palworld-chi.vercel.app/en/item/shield-01,item,1,1
https://palworld-chi.vercel.app/en/item/shield-02,item,1,1
https://palworld-chi.vercel.app/en/item/shield-03,item,1,1
https://palworld-chi.vercel.app/en/item/shield-04,item,1,1
https://palworld-chi.vercel.app/en/item/shield-07,item,1,1
https://palworld-chi.vercel.app/en/item/shield-sf,item,1,1
https://palworld-chi.vercel.app/en/item/shield-ultra,item,1,1
https://palworld-chi.vercel.app/en/item/shotgunbullet,item,1,1
https://palworld-chi.vercel.app/en/item/singleshotrifle,item,1,1
https://palworld-chi.vercel.app/en/item/singleshotrifle-2,item,1,1
https://palworld-chi.vercel.app/en/item/singleshotrifle-3,item,1,1
https://palworld-chi.vercel.app/en/item/singleshotrifle-4,item,1,1
https://palworld-chi.vercel.app/en/item/singleshotrifle-5,item,1,1
https://palworld-chi.vercel.app/en/item/skillcard-acidrain,item,1,1
https://palworld-chi.vercel.app/en/item/skillcard-airblade,item,1,1
https://palworld-chi.vercel.app/en/item/skillcard-aircanon,item,1,1
https://palworld-chi.vercel.app/en/item/skillcard-apocalypse,item,1,1
https://palworld-chi.vercel.app/en/item/skillcard-aquajet,item,1,1
https://palworld-chi.vercel.app/en/item/skillcard-beamslicer,item,1,1
https://palworld-chi.vercel.app/en/item/skillcard-blastcanon,item,1,1
https://palworld-chi.vercel.app/en/item/skillcard-blizzardlance,item,1,1
https://palworld-chi.vercel.app/en/item/skillcard-bubbleshot,item,1,1
https://palworld-chi.vercel.app/en/item/skillcard-bubbleshower,item,1,1
https://palworld-chi.vercel.app/en/item/skillcard-chargecanon,item,1,1
https://palworld-chi.vercel.app/en/item/skillcard-commet,item,1,1
https://palworld-chi.vercel.app/en/item/skillcard-crosswind,item,1,1
https://palworld-chi.vercel.app/en/item/skillcard-darkarrow,item,1,1
https://palworld-chi.vercel.app/en/item/skillcard-darkcanon,item,1,1
https://palworld-chi.vercel.app/en/item/skillcard-darklaser,item,1,1
https://palworld-chi.vercel.app/en/item/skillcard-darklegion,item,1,1
https://palworld-chi.vercel.app/en/item/skillcard-darkpulse,item,1,1
https://palworld-chi.vercel.app/en/item/skillcard-darkwave,item,1,1
https://palworld-chi.vercel.app/en/item/skillcard-diamondfall,item,1,1
https://palworld-chi.vercel.app/en/item/skillcard-diversionlaser,item,1,1
https://palworld-chi.vercel.app/en/item/skillcard-dragonbreath,item,1,1
https://palworld-chi.vercel.app/en/item/skillcard-dragoncanon,item,1,1
https://palworld-chi.vercel.app/en/item/skillcard-dragonmeteor,item,1,1
https://palworld-chi.vercel.app/en/item/skillcard-dragonwave,item,1,1
https://palworld-chi.vercel.app/en/item/skillcard-elecwave,item,1,1
https://palworld-chi.vercel.app/en/item/skillcard-eruption,item,1,1
https://palworld-chi.vercel.app/en/item/skillcard-fireball,item,1,1
https://palworld-chi.vercel.app/en/item/skillcard-fireblast,item,1,1
https://palworld-chi.vercel.app/en/item/skillcard-fireseed,item,1,1
https://palworld-chi.vercel.app/en/item/skillcard-flamefunnel,item,1,1
https://palworld-chi.vercel.app/en/item/skillcard-flamethrower,item,1,1
https://palworld-chi.vercel.app/en/item/skillcard-flamewall,item,1,1
https://palworld-chi.vercel.app/en/item/skillcard-flarearrow,item,1,1
https://palworld-chi.vercel.app/en/item/skillcard-flaretornado,item,1,1
https://palworld-chi.vercel.app/en/item/skillcard-frostbreath,item,1,1
https://palworld-chi.vercel.app/en/item/skillcard-ghostflame,item,1,1
https://palworld-chi.vercel.app/en/item/skillcard-grasstornado,item,1,1
https://palworld-chi.vercel.app/en/item/skillcard-gravityshot,item,1,1
https://palworld-chi.vercel.app/en/item/skillcard-holyblast,item,1,1
https://palworld-chi.vercel.app/en/item/skillcard-hydropump,item,1,1
https://palworld-chi.vercel.app/en/item/skillcard-hydroslicer,item,1,1
https://palworld-chi.vercel.app/en/item/skillcard-hyperbeam,item,1,1
https://palworld-chi.vercel.app/en/item/skillcard-iceage,item,1,1
https://palworld-chi.vercel.app/en/item/skillcard-iceblade,item,1,1
https://palworld-chi.vercel.app/en/item/skillcard-icemissile,item,1,1
https://palworld-chi.vercel.app/en/item/skillcard-icewall,item,1,1
https://palworld-chi.vercel.app/en/item/skillcard-icicleline,item,1,1
https://palworld-chi.vercel.app/en/item/skillcard-iciclepierce,item,1,1
https://palworld-chi.vercel.app/en/item/skillcard-iciclethrow,item,1,1
https://palworld-chi.vercel.app/en/item/skillcard-inferno,item,1,1
https://palworld-chi.vercel.app/en/item/skillcard-lightningstrike,item,1,1
https://palworld-chi.vercel.app/en/item/skillcard-linegeyser,item,1,1
https://palworld-chi.vercel.app/en/item/skillcard-linethunder,item,1,1
https://palworld-chi.vercel.app/en/item/skillcard-lockonlaser,item,1,1
https://palworld-chi.vercel.app/en/item/skillcard-mudshot,item,1,1
https://palworld-chi.vercel.app/en/item/skillcard-poisonshot,item,1,1
https://palworld-chi.vercel.app/en/item/skillcard-powerball,item,1,1
https://palworld-chi.vercel.app/en/item/skillcard-powershot,item,1,1
https://palworld-chi.vercel.app/en/item/skillcard-psychokinesis,item,1,1
https://palworld-chi.vercel.app/en/item/skillcard-rangethunder,item,1,1
https://palworld-chi.vercel.app/en/item/skillcard-reflectiveshuriken,item,1,1
https://palworld-chi.vercel.app/en/item/skillcard-riptide,item,1,1
https://palworld-chi.vercel.app/en/item/skillcard-rockbeat,item,1,1
https://palworld-chi.vercel.app/en/item/skillcard-rocklance,item,1,1
https://palworld-chi.vercel.app/en/item/skillcard-rootattack,item,1,1
https://palworld-chi.vercel.app/en/item/skillcard-rootlance,item,1,1
https://palworld-chi.vercel.app/en/item/skillcard-sandtornado,item,1,1
https://palworld-chi.vercel.app/en/item/skillcard-sandtwister,item,1,1
https://palworld-chi.vercel.app/en/item/skillcard-seagush,item,1,1
https://palworld-chi.vercel.app/en/item/skillcard-seedmachinegun,item,1,1
https://palworld-chi.vercel.app/en/item/skillcard-seedmine,item,1,1
https://palworld-chi.vercel.app/en/item/skillcard-selfdestruct,item,1,1
https://palworld-chi.vercel.app/en/item/skillcard-shadowball,item,1,1
https://palworld-chi.vercel.app/en/item/skillcard-solarbeam,item,1,1
https://palworld-chi.vercel.app/en/item/skillcard-specialcutter,item,1,1
https://palworld-chi.vercel.app/en/item/skillcard-spreadpulse,item,1,1
https://palworld-chi.vercel.app/en/item/skillcard-stoneshotgun,item,1,1
https://palworld-chi.vercel.app/en/item/skillcard-threethunder,item,1,1
https://palworld-chi.vercel.app/en/item/skillcard-throwrock,item,1,1
https://palworld-chi.vercel.app/en/item/skillcard-thunderball,item,1,1
https://palworld-chi.vercel.app/en/item/skillcard-thunderbolt,item,1,1
https://palworld-chi.vercel.app/en/item/skillcard-thunderfunnel,item,1,1
https://palworld-chi.vercel.app/en/item/skillcard-thunderrain,item,1,1
https://palworld-chi.vercel.app/en/item/skillcard-thunderspear,item,1,1
https://palworld-chi.vercel.app/en/item/skillcard-thunderstorm,item,1,1
https://palworld-chi.vercel.app/en/item/skillcard-tremor,item,1,1
https://palworld-chi.vercel.app/en/item/skillcard-trispark,item,1,1
https://palworld-chi.vercel.app/en/item/skillcard-wallsplash,item,1,1
https://palworld-chi.vercel.app/en/item/skillcard-waterball,item,1,1
https://palworld-chi.vercel.app/en/item/skillcard-watergun,item,1,1
https://palworld-chi.vercel.app/en/item/skillcard-windburst,item,1,1
https://palworld-chi.vercel.app/en/item/skillcard-windcutter,item,1,1
https://palworld-chi.vercel.app/en/item/skillunlock-alpaca,item,1,1
https://palworld-chi.vercel.app/en/item/skillunlock-amaterasuwolf,item,1,1
https://palworld-chi.vercel.app/en/item/skillunlock-amaterasuwolf-dark,item,1,1
https://palworld-chi.vercel.app/en/item/skillunlock-badcatgirl,item,1,1
https://palworld-chi.vercel.app/en/item/skillunlock-birddragon,item,1,1
https://palworld-chi.vercel.app/en/item/skillunlock-birddragon-ice,item,1,1
https://palworld-chi.vercel.app/en/item/skillunlock-blackcentaur,item,1,1
https://palworld-chi.vercel.app/en/item/skillunlock-blackgriffon,item,1,1
https://palworld-chi.vercel.app/en/item/skillunlock-blackmetaldragon,item,1,1
https://palworld-chi.vercel.app/en/item/skillunlock-blackpuppy,item,1,1
https://palworld-chi.vercel.app/en/item/skillunlock-bluedragon,item,1,1
https://palworld-chi.vercel.app/en/item/skillunlock-bluedragon-ice,item,1,1
https://palworld-chi.vercel.app/en/item/skillunlock-blueskydragon,item,1,1
https://palworld-chi.vercel.app/en/item/skillunlock-bluethunderhorse,item,1,1
https://palworld-chi.vercel.app/en/item/skillunlock-boar,item,1,1
https://palworld-chi.vercel.app/en/item/skillunlock-carbunclo,item,1,1
https://palworld-chi.vercel.app/en/item/skillunlock-colorfulbird,item,1,1
https://palworld-chi.vercel.app/en/item/skillunlock-cubeturtle,item,1,1
https://palworld-chi.vercel.app/en/item/skillunlock-cubeturtle-neutral,item,1,1
https://palworld-chi.vercel.app/en/item/skillunlock-darkmechadragon,item,1,1
https://palworld-chi.vercel.app/en/item/skillunlock-deer,item,1,1
https://palworld-chi.vercel.app/en/item/skillunlock-deer-ground,item,1,1
https://palworld-chi.vercel.app/en/item/skillunlock-domearmordragon,item,1,1
https://palworld-chi.vercel.app/en/item/skillunlock-dreamdemon,item,1,1
https://palworld-chi.vercel.app/en/item/skillunlock-eagle,item,1,1
https://palworld-chi.vercel.app/en/item/skillunlock-elecpanda,item,1,1
https://palworld-chi.vercel.app/en/item/skillunlock-fairydragon,item,1,1
https://palworld-chi.vercel.app/en/item/skillunlock-fairydragon-water,item,1,1
https://palworld-chi.vercel.app/en/item/skillunlock-featherostrich,item,1,1
https://palworld-chi.vercel.app/en/item/skillunlock-fengyundeeper,item,1,1
https://palworld-chi.vercel.app/en/item/skillunlock-fengyundeeper-electric,item,1,1
https://palworld-chi.vercel.app/en/item/skillunlock-firekirin,item,1,1
https://palworld-chi.vercel.app/en/item/skillunlock-firekirin-dark,item,1,1
https://palworld-chi.vercel.app/en/item/skillunlock-flamebuffalo,item,1,1
https://palworld-chi.vercel.app/en/item/skillunlock-flowerdinosaur,item,1,1
https://palworld-chi.vercel.app/en/item/skillunlock-flowerdinosaur-electric,item,1,1
https://palworld-chi.vercel.app/en/item/skillunlock-flowerrabbit,item,1,1
https://palworld-chi.vercel.app/en/item/skillunlock-flyingmanta,item,1,1
https://palworld-chi.vercel.app/en/item/skillunlock-flyingmanta-thunder,item,1,1
https://palworld-chi.vercel.app/en/item/skillunlock-garm,item,1,1
https://palworld-chi.vercel.app/en/item/skillunlock-ghostanglerfish,item,1,1
https://palworld-chi.vercel.app/en/item/skillunlock-ghostanglerfish-fire,item,1,1
https://palworld-chi.vercel.app/en/item/skillunlock-ghostbeast,item,1,1
https://palworld-chi.vercel.app/en/item/skillunlock-ghostdragon,item,1,1
https://palworld-chi.vercel.app/en/item/skillunlock-ghostdragon-fire,item,1,1
https://palworld-chi.vercel.app/en/item/skillunlock-goldenhorse,item,1,1
https://palworld-chi.vercel.app/en/item/skillunlock-grassgolem,item,1,1
https://palworld-chi.vercel.app/en/item/skillunlock-grassgolem-dark,item,1,1
https://palworld-chi.vercel.app/en/item/skillunlock-grassmammoth,item,1,1
https://palworld-chi.vercel.app/en/item/skillunlock-grassmammoth-ice,item,1,1
https://palworld-chi.vercel.app/en/item/skillunlock-grasspanda,item,1,1
https://palworld-chi.vercel.app/en/item/skillunlock-grasspanda-electric,item,1,1
https://palworld-chi.vercel.app/en/item/skillunlock-guardiandog,item,1,1
https://palworld-chi.vercel.app/en/item/skillunlock-hadesbird,item,1,1
https://palworld-chi.vercel.app/en/item/skillunlock-hadesbird-electric,item,1,1
https://palworld-chi.vercel.app/en/item/skillunlock-hawkbird,item,1,1
https://palworld-chi.vercel.app/en/item/skillunlock-hedgehog,item,1,1
https://palworld-chi.vercel.app/en/item/skillunlock-hedgehog-ice,item,1,1
https://palworld-chi.vercel.app/en/item/skillunlock-horus,item,1,1
https://palworld-chi.vercel.app/en/item/skillunlock-horus-water,item,1,1
https://palworld-chi.vercel.app/en/item/skillunlock-icedeer,item,1,1
https://palworld-chi.vercel.app/en/item/skillunlock-icehorse,item,1,1
https://palworld-chi.vercel.app/en/item/skillunlock-icehorse-dark,item,1,1
https://palworld-chi.vercel.app/en/item/skillunlock-icenarwhal,item,1,1
https://palworld-chi.vercel.app/en/item/skillunlock-icenarwhal-fire,item,1,1
https://palworld-chi.vercel.app/en/item/skillunlock-iceseal,item,1,1
https://palworld-chi.vercel.app/en/item/skillunlock-iceseal-ground,item,1,1
https://palworld-chi.vercel.app/en/item/skillunlock-jetdragon,item,1,1
https://palworld-chi.vercel.app/en/item/skillunlock-kingalpaca,item,1,1
https://palworld-chi.vercel.app/en/item/skillunlock-kingalpaca-ice,item,1,1
https://palworld-chi.vercel.app/en/item/skillunlock-kingbahamut,item,1,1
https://palworld-chi.vercel.app/en/item/skillunlock-kingbahamut-dragon,item,1,1
https://palworld-chi.vercel.app/en/item/skillunlock-kingsunfish,item,1,1
https://palworld-chi.vercel.app/en/item/skillunlock-kingsunfish-thunder,item,1,1
https://palworld-chi.vercel.app/en/item/skillunlock-kirin,item,1,1
https://palworld-chi.vercel.app/en/item/skillunlock-kirin-ice,item,1,1
https://palworld-chi.vercel.app/en/item/skillunlock-kitsunebi,item,1,1
https://palworld-chi.vercel.app/en/item/skillunlock-kitsunebi-ice,item,1,1
https://palworld-chi.vercel.app/en/item/skillunlock-lazydragon,item,1,1
https://palworld-chi.vercel.app/en/item/skillunlock-lazydragon-electric,item,1,1
https://palworld-chi.vercel.app/en/item/skillunlock-leafmomonga,item,1,1
https://palworld-chi.vercel.app/en/item/skillunlock-legenddeer,item,1,1
https://palworld-chi.vercel.app/en/item/skillunlock-lotusdragon,item,1,1
https://palworld-chi.vercel.app/en/item/skillunlock-manticore,item,1,1
https://palworld-chi.vercel.app/en/item/skillunlock-manticore-dark,item,1,1
https://palworld-chi.vercel.app/en/item/skillunlock-monkey,item,1,1
https://palworld-chi.vercel.app/en/item/skillunlock-monkey-fire,item,1,1
https://palworld-chi.vercel.app/en/item/skillunlock-moonqueen,item,1,1
https://palworld-chi.vercel.app/en/item/skillunlock-mopking,item,1,1
https://palworld-chi.vercel.app/en/item/skillunlock-mushroomdragon,item,1,1
https://palworld-chi.vercel.app/en/item/skillunlock-mushroomdragon-dark,item,1,1
https://palworld-chi.vercel.app/en/item/skillunlock-naughtycat,item,1,1
https://palworld-chi.vercel.app/en/item/skillunlock-negativeoctopus,item,1,1
https://palworld-chi.vercel.app/en/item/skillunlock-negativeoctopus-neutral,item,1,1
https://palworld-chi.vercel.app/en/item/skillunlock-nightbluehorse,item,1,1
https://palworld-chi.vercel.app/en/item/skillunlock-nightbluehorse-neutral,item,1,1
https://palworld-chi.vercel.app/en/item/skillunlock-penguin,item,1,1
https://palworld-chi.vercel.app/en/item/skillunlock-penguin-electric,item,1,1
https://palworld-chi.vercel.app/en/item/skillunlock-plesiosaur,item,1,1
https://palworld-chi.vercel.app/en/item/skillunlock-poseidonorca,item,1,1
https://palworld-chi.vercel.app/en/item/skillunlock-purplespider,item,1,1
https://palworld-chi.vercel.app/en/item/skillunlock-raijindaughter,item,1,1
https://palworld-chi.vercel.app/en/item/skillunlock-raijindaughter-water,item,1,1
https://palworld-chi.vercel.app/en/item/skillunlock-redarmorbird,item,1,1
https://palworld-chi.vercel.app/en/item/skillunlock-saintcentaur,item,1,1
https://palworld-chi.vercel.app/en/item/skillunlock-sakurasaurus,item,1,1
https://palworld-chi.vercel.app/en/item/skillunlock-sakurasaurus-water,item,1,1
https://palworld-chi.vercel.app/en/item/skillunlock-serpent,item,1,1
https://palworld-chi.vercel.app/en/item/skillunlock-serpent-ground,item,1,1
https://palworld-chi.vercel.app/en/item/skillunlock-skydragon,item,1,1
https://palworld-chi.vercel.app/en/item/skillunlock-skydragon-grass,item,1,1
https://palworld-chi.vercel.app/en/item/skillunlock-snowtigerbeastman,item,1,1
https://palworld-chi.vercel.app/en/item/skillunlock-sumodog,item,1,1
https://palworld-chi.vercel.app/en/item/skillunlock-suzaku,item,1,1
https://palworld-chi.vercel.app/en/item/skillunlock-suzaku-water,item,1,1
https://palworld-chi.vercel.app/en/item/skillunlock-thiefbird,item,1,1
https://palworld-chi.vercel.app/en/item/skillunlock-thunderbird,item,1,1
https://palworld-chi.vercel.app/en/item/skillunlock-thunderbird-ice,item,1,1
https://palworld-chi.vercel.app/en/item/skillunlock-thunderdog,item,1,1
https://palworld-chi.vercel.app/en/item/skillunlock-thunderdog-ice,item,1,1
https://palworld-chi.vercel.app/en/item/skillunlock-thunderfluffybird,item,1,1
https://palworld-chi.vercel.app/en/item/skillunlock-tropicalostrich,item,1,1
https://palworld-chi.vercel.app/en/item/skillunlock-umihebi,item,1,1
https://palworld-chi.vercel.app/en/item/skillunlock-umihebi-fire,item,1,1
https://palworld-chi.vercel.app/en/item/skillunlock-volcanicmonster,item,1,1
https://palworld-chi.vercel.app/en/item/skillunlock-volcanicmonster-ice,item,1,1
https://palworld-chi.vercel.app/en/item/skillunlock-volcanodragon,item,1,1
https://palworld-chi.vercel.app/en/item/skillunlock-volcanodragon-ice,item,1,1
https://palworld-chi.vercel.app/en/item/skillunlock-weaseldragon,item,1,1
https://palworld-chi.vercel.app/en/item/skillunlock-weaseldragon-fire,item,1,1
https://palworld-chi.vercel.app/en/item/skillunlock-whitealiendragon,item,1,1
https://palworld-chi.vercel.app/en/item/skillunlock-whitedeer,item,1,1
https://palworld-chi.vercel.app/en/item/skillunlock-whitedeer-dark,item,1,1
https://palworld-chi.vercel.app/en/item/skillunlock-whiteshielddragon,item,1,1
https://palworld-chi.vercel.app/en/item/skillunlock-windchimes,item,1,1
https://palworld-chi.vercel.app/en/item/skillunlock-windchimes-ice,item,1,1
https://palworld-chi.vercel.app/en/item/skillunlock-yeti,item,1,1
https://palworld-chi.vercel.app/en/item/skillunlock-yeti-grass,item,1,1
https://palworld-chi.vercel.app/en/item/skyassaultrifle,item,1,1
https://palworld-chi.vercel.app/en/item/skyassaultrifle-2,item,1,1
https://palworld-chi.vercel.app/en/item/skyassaultrifle-3,item,1,1
https://palworld-chi.vercel.app/en/item/skyassaultrifle-4,item,1,1
https://palworld-chi.vercel.app/en/item/skyassaultrifle-5,item,1,1
https://palworld-chi.vercel.app/en/item/skyassaultriflebullet,item,1,1
https://palworld-chi.vercel.app/en/item/skybeamsword,item,1,1
https://palworld-chi.vercel.app/en/item/skybeamsword-2,item,1,1
https://palworld-chi.vercel.app/en/item/skybeamsword-3,item,1,1
https://palworld-chi.vercel.app/en/item/skybeamsword-4,item,1,1
https://palworld-chi.vercel.app/en/item/skybeamsword-5,item,1,1
https://palworld-chi.vercel.app/en/item/skybow,item,1,1
https://palworld-chi.vercel.app/en/item/skybow-2,item,1,1
https://palworld-chi.vercel.app/en/item/skybow-3,item,1,1
https://palworld-chi.vercel.app/en/item/skybow-4,item,1,1
https://palworld-chi.vercel.app/en/item/skybow-5,item,1,1
https://palworld-chi.vercel.app/en/item/skybowarrow,item,1,1
https://palworld-chi.vercel.app/en/item/skygrenadelauncher,item,1,1
https://palworld-chi.vercel.app/en/item/skygrenadelauncher-2,item,1,1
https://palworld-chi.vercel.app/en/item/skygrenadelauncher-3,item,1,1
https://palworld-chi.vercel.app/en/item/skygrenadelauncher-4,item,1,1
https://palworld-chi.vercel.app/en/item/skygrenadelauncher-5,item,1,1
https://palworld-chi.vercel.app/en/item/skygrenadelauncherbullet,item,1,1
https://palworld-chi.vercel.app/en/item/skyislandingot,item,1,1
https://palworld-chi.vercel.app/en/item/skyislandore,item,3,3
https://palworld-chi.vercel.app/en/item/skyshotgun,item,1,1
https://palworld-chi.vercel.app/en/item/skyshotgun-2,item,1,1
https://palworld-chi.vercel.app/en/item/skyshotgun-3,item,1,1
https://palworld-chi.vercel.app/en/item/skyshotgun-4,item,1,1
https://palworld-chi.vercel.app/en/item/skyshotgun-5,item,1,1
https://palworld-chi.vercel.app/en/item/skyshotgunbullet,item,1,1
https://palworld-chi.vercel.app/en/item/skysubmachinegun,item,1,1
https://palworld-chi.vercel.app/en/item/skysubmachinegun-2,item,1,1
https://palworld-chi.vercel.app/en/item/skysubmachinegun-3,item,1,1
https://palworld-chi.vercel.app/en/item/skysubmachinegun-4,item,1,1
https://palworld-chi.vercel.app/en/item/skysubmachinegun-5,item,1,1
https://palworld-chi.vercel.app/en/item/skysubmachinegunbullet,item,1,1
https://palworld-chi.vercel.app/en/item/spear,item,1,1
https://palworld-chi.vercel.app/en/item/spear-2,item,1,1
https://palworld-chi.vercel.app/en/item/spear-3,item,1,1
https://palworld-chi.vercel.app/en/item/spear-forestboss,item,1,1
https://palworld-chi.vercel.app/en/item/spear-forestboss-5,item,1,1
https://palworld-chi.vercel.app/en/item/spear-forestboss2,item,1,1
https://palworld-chi.vercel.app/en/item/spear-forestboss2-5,item,1,1
https://palworld-chi.vercel.app/en/item/spear-queenbee,item,2,2
https://palworld-chi.vercel.app/en/item/spherelauncher,item,1,1
https://palworld-chi.vercel.app/en/item/spherelauncher-once,item,1,1
https://palworld-chi.vercel.app/en/item/spheremodule-curve,item,1,1
https://palworld-chi.vercel.app/en/item/spheremodule-curve2,item,1,1
https://palworld-chi.vercel.app/en/item/spheremodule-heavy,item,1,1
https://palworld-chi.vercel.app/en/item/spheremodule-homing,item,1,1
https://palworld-chi.vercel.app/en/item/spheremodule-sniper,item,1,1
https://palworld-chi.vercel.app/en/item/spheremodule-sniper2,item,1,1
https://palworld-chi.vercel.app/en/item/springrolls,item,1,1
https://palworld-chi.vercel.app/en/item/stainlesssteel,item,4,4
https://palworld-chi.vercel.app/en/item/statuspointresetsan,item,2,2
https://palworld-chi.vercel.app/en/item/stealarmor,item,1,1
https://palworld-chi.vercel.app/en/item/stealarmor-2,item,1,1
https://palworld-chi.vercel.app/en/item/stealarmor-3,item,1,1
https://palworld-chi.vercel.app/en/item/stealarmor-4,item,1,1
https://palworld-chi.vercel.app/en/item/stealarmor-5,item,1,1
https://palworld-chi.vercel.app/en/item/stealarmorcold,item,1,1
https://palworld-chi.vercel.app/en/item/stealarmorcold-2,item,1,1
https://palworld-chi.vercel.app/en/item/stealarmorcold-3,item,1,1
https://palworld-chi.vercel.app/en/item/stealarmorcold-4,item,1,1
https://palworld-chi.vercel.app/en/item/stealarmorcold-5,item,1,1
https://palworld-chi.vercel.app/en/item/stealarmorheat,item,1,1
https://palworld-chi.vercel.app/en/item/stealarmorheat-2,item,1,1
https://palworld-chi.vercel.app/en/item/stealarmorheat-3,item,1,1
https://palworld-chi.vercel.app/en/item/stealarmorheat-4,item,1,1
https://palworld-chi.vercel.app/en/item/stealarmorheat-5,item,1,1
https://palworld-chi.vercel.app/en/item/stealhelmet,item,1,1
https://palworld-chi.vercel.app/en/item/stealhelmet-2,item,1,1
https://palworld-chi.vercel.app/en/item/stealhelmet-3,item,1,1
https://palworld-chi.vercel.app/en/item/stealhelmet-4,item,1,1
https://palworld-chi.vercel.app/en/item/stealhelmet-5,item,1,1
https://palworld-chi.vercel.app/en/item/stealingot,item,1,1
https://palworld-chi.vercel.app/en/item/stewedicedeer,item,1,1
https://palworld-chi.vercel.app/en/item/stirfriedvegetables,item,1,1
https://palworld-chi.vercel.app/en/item/stone,item,1,1
https://palworld-chi.vercel.app/en/item/submachinegun,item,1,1
https://palworld-chi.vercel.app/en/item/submachinegun-2,item,1,1
https://palworld-chi.vercel.app/en/item/submachinegun-3,item,1,1
https://palworld-chi.vercel.app/en/item/submachinegun-4,item,1,1
https://palworld-chi.vercel.app/en/item/submachinegun-5,item,1,1
https://palworld-chi.vercel.app/en/item/sulfur,item,2,2
https://palworld-chi.vercel.app/en/item/supplement,item,1,1
https://palworld-chi.vercel.app/en/item/sweet,item,2,2
https://palworld-chi.vercel.app/en/item/sweet-caramel,item,2,2
https://palworld-chi.vercel.app/en/item/sword,item,1,1
https://palworld-chi.vercel.app/en/item/sword-2,item,1,1
https://palworld-chi.vercel.app/en/item/sword-3,item,1,1
https://palworld-chi.vercel.app/en/item/sword-4,item,1,1
https://palworld-chi.vercel.app/en/item/sword-5,item,1,1
https://palworld-chi.vercel.app/en/item/technologybook-g1,item,6,6
https://palworld-chi.vercel.app/en/item/technologybook-g2,item,5,5
https://palworld-chi.vercel.app/en/item/technologybook-g3,item,1,1
https://palworld-chi.vercel.app/en/item/thermal-core,item,3,3
https://palworld-chi.vercel.app/en/item/tomato,item,1,1
https://palworld-chi.vercel.app/en/item/tomatoseeds,item,7,7
https://palworld-chi.vercel.app/en/item/torch,item,1,1
https://palworld-chi.vercel.app/en/item/treasureboxkey01,item,2,2
https://palworld-chi.vercel.app/en/item/treasureboxkey02,item,3,3
https://palworld-chi.vercel.app/en/item/treasureboxkey03,item,1,1
https://palworld-chi.vercel.app/en/item/treasuremap01,item,1,1
https://palworld-chi.vercel.app/en/item/treasuremap02,item,1,1
https://palworld-chi.vercel.app/en/item/treasuremap03,item,1,1
https://palworld-chi.vercel.app/en/item/treasuremap04,item,1,1
https://palworld-chi.vercel.app/en/item/treasuremap05,item,1,1
https://palworld-chi.vercel.app/en/item/uniquematerial-flowerprince,item,1,1
https://palworld-chi.vercel.app/en/item/uniquematerial-mothman,item,1,1
https://palworld-chi.vercel.app/en/item/unlock-picking-tier1,item,1,1
https://palworld-chi.vercel.app/en/item/unlock-picking-tier2,item,1,1
https://palworld-chi.vercel.app/en/item/unlock-picking-tier3,item,1,1
https://palworld-chi.vercel.app/en/item/unlockequipmentslot-accessory-01,item,1,1
https://palworld-chi.vercel.app/en/item/unlockequipmentslot-accessory-02,item,1,1
https://palworld-chi.vercel.app/en/item/unlockequipmentslot-weapon-01,item,1,1
https://palworld-chi.vercel.app/en/item/unlockequipmentslot-weapon-02,item,1,1
https://palworld-chi.vercel.app/en/item/venom,item,18,18
https://palworld-chi.vercel.app/en/item/waterbuildkit,item,1,1
https://palworld-chi.vercel.app/en/item/weakerbow,item,1,1
https://palworld-chi.vercel.app/en/item/weakerbow-2,item,1,1
https://palworld-chi.vercel.app/en/item/weakerbow-3,item,1,1
https://palworld-chi.vercel.app/en/item/weakerbow-4,item,1,1
https://palworld-chi.vercel.app/en/item/weakerbow-5,item,1,1
https://palworld-chi.vercel.app/en/item/whalewhistlefragment-01,item,1,1
https://palworld-chi.vercel.app/en/item/whalewhistlefragment-02,item,1,1
https://palworld-chi.vercel.app/en/item/whalewhistlefragment-03,item,1,1
https://palworld-chi.vercel.app/en/item/whalewhistlefragment-04,item,1,1
https://palworld-chi.vercel.app/en/item/wheat,item,1,1
https://palworld-chi.vercel.app/en/item/wheatseeds,item,5,5
https://palworld-chi.vercel.app/en/item/widepenetrateshotgun,item,1,1
https://palworld-chi.vercel.app/en/item/widepenetrateshotgun-2,item,1,1
https://palworld-chi.vercel.app/en/item/widepenetrateshotgun-3,item,1,1
https://palworld-chi.vercel.app/en/item/widepenetrateshotgun-4,item,1,1
https://palworld-chi.vercel.app/en/item/widepenetrateshotgun-5,item,1,1
https://palworld-chi.vercel.app/en/item/widepenetrateshotgunbullet,item,1,1
https://palworld-chi.vercel.app/en/item/wingglider,item,1,1
https://palworld-chi.vercel.app/en/item/wingglider-fuel,item,1,1
https://palworld-chi.vercel.app/en/item/wood,item,1,1
https://palworld-chi.vercel.app/en/item/wood-ancient,item,1,1
https://palworld-chi.vercel.app/en/item/wood-fine,item,5,5
https://palworld-chi.vercel.app/en/item/wood-worldtree,item,1,1
https://palworld-chi.vercel.app/en/item/wool,item,10,10
https://palworld-chi.vercel.app/en/item/worksuitability-addticket-collection,item,1,1
https://palworld-chi.vercel.app/en/item/worksuitability-addticket-cool,item,1,1
https://palworld-chi.vercel.app/en/item/worksuitability-addticket-deforest,item,1,1
https://palworld-chi.vercel.app/en/item/worksuitability-addticket-emitflame,item,1,1
https://palworld-chi.vercel.app/en/item/worksuitability-addticket-generateelectricity,item,1,1
https://palworld-chi.vercel.app/en/item/worksuitability-addticket-handcraft,item,1,1
https://palworld-chi.vercel.app/en/item/worksuitability-addticket-mining,item,1,1
https://palworld-chi.vercel.app/en/item/worksuitability-addticket-monsterfarm,item,1,1
https://palworld-chi.vercel.app/en/item/worksuitability-addticket-productmedicine,item,1,1
https://palworld-chi.vercel.app/en/item/worksuitability-addticket-seeding,item,1,1
https://palworld-chi.vercel.app/en/item/worksuitability-addticket-transport,item,1,1
https://palworld-chi.vercel.app/en/item/worksuitability-addticket-watering,item,1,1
https://palworld-chi.vercel.app/en/item/worldtreeholywater,item,51,51
https://palworld-chi.vercel.app/en/item/worldtreeingot,item,1,1
https://palworld-chi.vercel.app/en/item/worldtreeore,item,1,1
https://palworld-chi.vercel.app/en/item/worldtreerelic-01,item,90,90
https://palworld-chi.vercel.app/en/item/worldtreerelic-02,item,90,90
https://palworld-chi.vercel.app/en/item/worldtreerelic-03,item,90,90
https://palworld-chi.vercel.app/en/item/worldtreerelic-04,item,90,90
https://palworld-chi.vercel.app/en/item/worldtreerelic-05,item,90,90
https://palworld-chi.vercel.app/en/item/yakisoba,item,1,1
https://palworld-chi.vercel.app/en/item/yakushimaarmor001,item,1,1
https://palworld-chi.vercel.app/en/item/yakushimaarmor001-2,item,1,1
https://palworld-chi.vercel.app/en/item/yakushimaarmor001-3,item,1,1
https://palworld-chi.vercel.app/en/item/yakushimaarmor001-4,item,1,1
https://palworld-chi.vercel.app/en/item/yakushimaarmor001-5,item,1,1
https://palworld-chi.vercel.app/en/item/yakushimablade,item,1,1
https://palworld-chi.vercel.app/en/item/yakushimablade002,item,1,1
https://palworld-chi.vercel.app/en/item/yakushimablade002-2,item,1,1
https://palworld-chi.vercel.app/en/item/yakushimablade002-3,item,1,1
https://palworld-chi.vercel.app/en/item/yakushimablade002-4,item,1,1
https://palworld-chi.vercel.app/en/item/yakushimablade002-5,item,1,1
https://palworld-chi.vercel.app/en/item/yakushimablade003,item,1,1
https://palworld-chi.vercel.app/en/item/yakushimablade003-2,item,1,1
https://palworld-chi.vercel.app/en/item/yakushimablade003-3,item,1,1
https://palworld-chi.vercel.app/en/item/yakushimablade003-4,item,1,1
https://palworld-chi.vercel.app/en/item/yakushimablade003-5,item,1,1
https://palworld-chi.vercel.app/en/item/yakushimablade004,item,1,1
https://palworld-chi.vercel.app/en/item/yakushimablade004-2,item,1,1
https://palworld-chi.vercel.app/en/item/yakushimablade004-3,item,1,1
https://palworld-chi.vercel.app/en/item/yakushimablade004-4,item,1,1
https://palworld-chi.vercel.app/en/item/yakushimablade004-5,item,1,1
https://palworld-chi.vercel.app/en/item/yakushimablade005,item,1,1
https://palworld-chi.vercel.app/en/item/yakushimagun001,item,1,1
https://palworld-chi.vercel.app/en/item/yakushimagun001-2,item,1,1
https://palworld-chi.vercel.app/en/item/yakushimagun001-3,item,1,1
https://palworld-chi.vercel.app/en/item/yakushimagun001-4,item,1,1
https://palworld-chi.vercel.app/en/item/yakushimagun001-5,item,1,1
https://palworld-chi.vercel.app/en/item/yakushimaheadequip001,item,1,1
https://palworld-chi.vercel.app/en/item/yakushimaheadequip001-2,item,1,1
https://palworld-chi.vercel.app/en/item/yakushimaheadequip001-3,item,1,1
https://palworld-chi.vercel.app/en/item/yakushimaheadequip001-4,item,1,1
https://palworld-chi.vercel.app/en/item/yakushimaheadequip001-5,item,1,1
https://palworld-chi.vercel.app/en/item/yakushimaheadequip002,item,1,1
https://palworld-chi.vercel.app/en/item/yakushimaheadequip002-2,item,1,1
https://palworld-chi.vercel.app/en/item/yakushimaheadequip002-3,item,1,1
https://palworld-chi.vercel.app/en/item/yakushimaheadequip002-4,item,1,1
https://palworld-chi.vercel.app/en/item/yakushimaheadequip002-5,item,1,1
https://palworld-chi.vercel.app/en/item/yakushimaheadequip003,item,1,1
https://palworld-chi.vercel.app/en/item/yakushimaheadequip003-2,item,1,1
https://palworld-chi.vercel.app/en/item/yakushimaheadequip003-3,item,1,1
https://palworld-chi.vercel.app/en/item/yakushimaheadequip003-4,item,1,1
https://palworld-chi.vercel.app/en/item/yakushimaheadequip003-5,item,1,1
https://palworld-chi.vercel.app/en/item/yakushimaheadequip004,item,1,1
https://palworld-chi.vercel.app/en/item/yakushimaheadequip004-2,item,1,1
https://palworld-chi.vercel.app/en/item/yakushimaheadequip004-3,item,1,1
https://palworld-chi.vercel.app/en/item/yakushimaheadequip004-4,item,1,1
https://palworld-chi.vercel.app/en/item/yakushimaheadequip004-5,item,1,1
https://palworld-chi.vercel.app/en/item/yakushimaheadequip005,item,1,1
https://palworld-chi.vercel.app/en/item/yakushimaheadequip006,item,1,1
https://palworld-chi.vercel.app/en/item/yakushimaingot001,item,1,1
https://palworld-chi.vercel.app/en/item/yakushimalantern001,item,1,1
https://palworld-chi.vercel.app/en/item/yakushimalantern001-2,item,1,1
https://palworld-chi.vercel.app/en/item/yakushimalantern001-3,item,1,1
https://palworld-chi.vercel.app/en/item/yakushimalantern001-4,item,1,1
https://palworld-chi.vercel.app/en/item/yakushimalantern001-5,item,1,1
https://palworld-chi.vercel.app/en/map,map,3076,2785
https://palworld-chi.vercel.app/en/breeding-calculator,breeding-calculator,3368,2785
https://palworld-chi.vercel.app/en/privacy,privacy,2786,2785
https://palworld-chi.vercel.app/en/terms,terms,2786,2785
