url,type,indexable,canonical,hreflang_count,in_sitemap,inlinks,inlink_source_pages
https://palworld-chi.vercel.app/en,home,yes,https://palworld-chi.vercel.app/en,7,yes,2786,2785
https://palworld-chi.vercel.app/en/guide/base,guide,yes,https://palworld-chi.vercel.app/en/guide/base,7,yes,2788,2785
https://palworld-chi.vercel.app/en/guide/beginner,guide,yes,https://palworld-chi.vercel.app/en/guide/beginner,7,yes,2799,2785
https://palworld-chi.vercel.app/en/guide/breeding,guide,yes,https://palworld-chi.vercel.app/en/guide/breeding,7,yes,2800,2785
https://palworld-chi.vercel.app/en/guide/download,guide,yes,https://palworld-chi.vercel.app/en/guide/download,7,yes,11,9
https://palworld-chi.vercel.app/en/guide/endgame,guide,yes,https://palworld-chi.vercel.app/en/guide/endgame,7,yes,2788,2785
https://palworld-chi.vercel.app/en/guide/faq,guide,yes,https://palworld-chi.vercel.app/en/guide/faq,7,yes,2797,2785
https://palworld-chi.vercel.app/en/guide/fishing,guide,yes,https://palworld-chi.vercel.app/en/guide/fishing,7,yes,3,3
https://palworld-chi.vercel.app/en/guide/map,guide,yes,https://palworld-chi.vercel.app/en/guide/map,7,yes,5,5
https://palworld-chi.vercel.app/en/guide/materials,guide,yes,https://palworld-chi.vercel.app/en/guide/materials,7,yes,16,11
https://palworld-chi.vercel.app/en/guide/mobile,guide,yes,https://palworld-chi.vercel.app/en/guide/mobile,7,yes,2791,2785
https://palworld-chi.vercel.app/en/guide/mods,guide,yes,https://palworld-chi.vercel.app/en/guide/mods,7,yes,2,2
https://palworld-chi.vercel.app/en/guide/money,guide,yes,https://palworld-chi.vercel.app/en/guide/money,7,yes,2789,2785
https://palworld-chi.vercel.app/en/guide/new-pals,guide,yes,https://palworld-chi.vercel.app/en/guide/new-pals,7,yes,7,6
https://palworld-chi.vercel.app/en/guide/pals,guide,yes,https://palworld-chi.vercel.app/en/guide/pals,7,yes,16,13
https://palworld-chi.vercel.app/en/guide/passives,guide,yes,https://palworld-chi.vercel.app/en/guide/passives,7,yes,5580,2785
https://palworld-chi.vercel.app/en/guide/ps5,guide,yes,https://palworld-chi.vercel.app/en/guide/ps5,7,yes,2791,2785
https://palworld-chi.vercel.app/en/guide/server,guide,yes,https://palworld-chi.vercel.app/en/guide/server,7,yes,7,6
https://palworld-chi.vercel.app/en/guide/tcg,guide,yes,https://palworld-chi.vercel.app/en/guide/tcg,7,yes,2789,2785
https://palworld-chi.vercel.app/en/guide/terraria,guide,yes,https://palworld-chi.vercel.app/en/guide/terraria,7,yes,10,7
https://palworld-chi.vercel.app/en/guide/updates,guide,yes,https://palworld-chi.vercel.app/en/guide/updates,7,yes,6,6
https://palworld-chi.vercel.app/en/guide/wiki,guide,yes,https://palworld-chi.vercel.app/en/guide/wiki,7,yes,2,2
https://palworld-chi.vercel.app/en/guide/world-tree,guide,yes,https://palworld-chi.vercel.app/en/guide/world-tree,7,yes,2789,2785
https://palworld-chi.vercel.app/en/pal/aegidron,pal,yes,https://palworld-chi.vercel.app/en/pal/aegidron,7,yes,2,2
https://palworld-chi.vercel.app/en/pal/aegidron/breeding,pal-breeding,yes,https://palworld-chi.vercel.app/en/pal/aegidron/breeding,7,yes,3,2
https://palworld-chi.vercel.app/en/pal/aegidron/location,pal-location,yes,https://palworld-chi.vercel.app/en/pal/aegidron/location,7,yes,3,2
https://palworld-chi.vercel.app/en/pal/amione,pal,yes,https://palworld-chi.vercel.app/en/pal/amione,7,yes,2,2
https://palworld-chi.vercel.app/en/pal/amione/breeding,pal-breeding,yes,https://palworld-chi.vercel.app/en/pal/amione/breeding,7,yes,3,2
https://palworld-chi.vercel.app/en/pal/amione/location,pal-location,yes,https://palworld-chi.vercel.app/en/pal/amione/location,7,yes,3,2
https://palworld-chi.vercel.app/en/pal/anubis,pal,yes,https://palworld-chi.vercel.app/en/pal/anubis,7,yes,3,3
https://palworld-chi.vercel.app/en/pal/anubis/breeding,pal-breeding,yes,https://palworld-chi.vercel.app/en/pal/anubis/breeding,7,yes,3,2
https://palworld-chi.vercel.app/en/pal/anubis/location,pal-location,yes,https://palworld-chi.vercel.app/en/pal/anubis/location,7,yes,3,2
https://palworld-chi.vercel.app/en/pal/arsox,pal,yes,https://palworld-chi.vercel.app/en/pal/arsox,7,yes,2,2
https://palworld-chi.vercel.app/en/pal/arsox/breeding,pal-breeding,yes,https://palworld-chi.vercel.app/en/pal/arsox/breeding,7,yes,3,2
https://palworld-chi.vercel.app/en/pal/arsox/location,pal-location,yes,https://palworld-chi.vercel.app/en/pal/arsox/location,7,yes,3,2
https://palworld-chi.vercel.app/en/pal/astegon,pal,yes,https://palworld-chi.vercel.app/en/pal/astegon,7,yes,2,2
https://palworld-chi.vercel.app/en/pal/astegon/breeding,pal-breeding,yes,https://palworld-chi.vercel.app/en/pal/astegon/breeding,7,yes,3,2
https://palworld-chi.vercel.app/en/pal/astegon/location,pal-location,yes,https://palworld-chi.vercel.app/en/pal/astegon/location,7,yes,3,2
https://palworld-chi.vercel.app/en/pal/astralym,pal,yes,https://palworld-chi.vercel.app/en/pal/astralym,7,yes,2,2
https://palworld-chi.vercel.app/en/pal/astralym/breeding,pal-breeding,yes,https://palworld-chi.vercel.app/en/pal/astralym/breeding,7,yes,3,2
https://palworld-chi.vercel.app/en/pal/astralym/location,pal-location,yes,https://palworld-chi.vercel.app/en/pal/astralym/location,7,yes,3,2
https://palworld-chi.vercel.app/en/pal/azurmane,pal,yes,https://palworld-chi.vercel.app/en/pal/azurmane,7,yes,2,2
https://palworld-chi.vercel.app/en/pal/azurmane/breeding,pal-breeding,yes,https://palworld-chi.vercel.app/en/pal/azurmane/breeding,7,yes,3,2
https://palworld-chi.vercel.app/en/pal/azurmane/location,pal-location,yes,https://palworld-chi.vercel.app/en/pal/azurmane/location,7,yes,3,2
https://palworld-chi.vercel.app/en/pal/azurobe,pal,yes,https://palworld-chi.vercel.app/en/pal/azurobe,7,yes,2,2
https://palworld-chi.vercel.app/en/pal/azurobe/breeding,pal-breeding,yes,https://palworld-chi.vercel.app/en/pal/azurobe/breeding,7,yes,3,2
https://palworld-chi.vercel.app/en/pal/azurobe/location,pal-location,yes,https://palworld-chi.vercel.app/en/pal/azurobe/location,7,yes,3,2
https://palworld-chi.vercel.app/en/pal/azurobe-cryst,pal,yes,https://palworld-chi.vercel.app/en/pal/azurobe-cryst,7,yes,2,2
https://palworld-chi.vercel.app/en/pal/azurobe-cryst/breeding,pal-breeding,yes,https://palworld-chi.vercel.app/en/pal/azurobe-cryst/breeding,7,yes,3,2
https://palworld-chi.vercel.app/en/pal/azurobe-cryst/location,pal-location,yes,https://palworld-chi.vercel.app/en/pal/azurobe-cryst/location,7,yes,3,2
https://palworld-chi.vercel.app/en/pal/bakemi,pal,yes,https://palworld-chi.vercel.app/en/pal/bakemi,7,yes,2,2
https://palworld-chi.vercel.app/en/pal/bakemi/breeding,pal-breeding,yes,https://palworld-chi.vercel.app/en/pal/bakemi/breeding,7,yes,3,2
https://palworld-chi.vercel.app/en/pal/bakemi/location,pal-location,yes,https://palworld-chi.vercel.app/en/pal/bakemi/location,7,yes,3,2
https://palworld-chi.vercel.app/en/pal/bastigor,pal,yes,https://palworld-chi.vercel.app/en/pal/bastigor,7,yes,2,2
https://palworld-chi.vercel.app/en/pal/bastigor/breeding,pal-breeding,yes,https://palworld-chi.vercel.app/en/pal/bastigor/breeding,7,yes,3,2
https://palworld-chi.vercel.app/en/pal/bastigor/location,pal-location,yes,https://palworld-chi.vercel.app/en/pal/bastigor/location,7,yes,3,2
https://palworld-chi.vercel.app/en/pal/beakon,pal,yes,https://palworld-chi.vercel.app/en/pal/beakon,7,yes,2,2
https://palworld-chi.vercel.app/en/pal/beakon/breeding,pal-breeding,yes,https://palworld-chi.vercel.app/en/pal/beakon/breeding,7,yes,3,2
https://palworld-chi.vercel.app/en/pal/beakon/location,pal-location,yes,https://palworld-chi.vercel.app/en/pal/beakon/location,7,yes,3,2
https://palworld-chi.vercel.app/en/pal/beakon-cryst,pal,yes,https://palworld-chi.vercel.app/en/pal/beakon-cryst,7,yes,2,2
https://palworld-chi.vercel.app/en/pal/beakon-cryst/breeding,pal-breeding,yes,https://palworld-chi.vercel.app/en/pal/beakon-cryst/breeding,7,yes,3,2
https://palworld-chi.vercel.app/en/pal/beakon-cryst/location,pal-location,yes,https://palworld-chi.vercel.app/en/pal/beakon-cryst/location,7,yes,3,2
https://palworld-chi.vercel.app/en/pal/beegarde,pal,yes,https://palworld-chi.vercel.app/en/pal/beegarde,7,yes,2,2
https://palworld-chi.vercel.app/en/pal/beegarde/breeding,pal-breeding,yes,https://palworld-chi.vercel.app/en/pal/beegarde/breeding,7,yes,3,2
https://palworld-chi.vercel.app/en/pal/beegarde/location,pal-location,yes,https://palworld-chi.vercel.app/en/pal/beegarde/location,7,yes,3,2
https://palworld-chi.vercel.app/en/pal/bellanoir,pal,yes,https://palworld-chi.vercel.app/en/pal/bellanoir,7,yes,3,3
https://palworld-chi.vercel.app/en/pal/bellanoir/breeding,pal-breeding,yes,https://palworld-chi.vercel.app/en/pal/bellanoir/breeding,7,yes,3,2
https://palworld-chi.vercel.app/en/pal/bellanoir/location,pal-location,yes,https://palworld-chi.vercel.app/en/pal/bellanoir/location,7,yes,3,2
https://palworld-chi.vercel.app/en/pal/bellanoir-libero,pal,yes,https://palworld-chi.vercel.app/en/pal/bellanoir-libero,7,yes,2,2
https://palworld-chi.vercel.app/en/pal/bellanoir-libero/breeding,pal-breeding,yes,https://palworld-chi.vercel.app/en/pal/bellanoir-libero/breeding,7,yes,3,2
https://palworld-chi.vercel.app/en/pal/bellanoir-libero/location,pal-location,yes,https://palworld-chi.vercel.app/en/pal/bellanoir-libero/location,7,yes,3,2
https://palworld-chi.vercel.app/en/pal/blazamut,pal,yes,https://palworld-chi.vercel.app/en/pal/blazamut,7,yes,2,2
https://palworld-chi.vercel.app/en/pal/blazamut/breeding,pal-breeding,yes,https://palworld-chi.vercel.app/en/pal/blazamut/breeding,7,yes,3,2
https://palworld-chi.vercel.app/en/pal/blazamut/location,pal-location,yes,https://palworld-chi.vercel.app/en/pal/blazamut/location,7,yes,3,2
https://palworld-chi.vercel.app/en/pal/blazamut-ryu,pal,yes,https://palworld-chi.vercel.app/en/pal/blazamut-ryu,7,yes,2,2
https://palworld-chi.vercel.app/en/pal/blazamut-ryu/breeding,pal-breeding,yes,https://palworld-chi.vercel.app/en/pal/blazamut-ryu/breeding,7,yes,3,2
https://palworld-chi.vercel.app/en/pal/blazamut-ryu/location,pal-location,yes,https://palworld-chi.vercel.app/en/pal/blazamut-ryu/location,7,yes,3,2
https://palworld-chi.vercel.app/en/pal/blazehowl,pal,yes,https://palworld-chi.vercel.app/en/pal/blazehowl,7,yes,2,2
https://palworld-chi.vercel.app/en/pal/blazehowl/breeding,pal-breeding,yes,https://palworld-chi.vercel.app/en/pal/blazehowl/breeding,7,yes,3,2
https://palworld-chi.vercel.app/en/pal/blazehowl/location,pal-location,yes,https://palworld-chi.vercel.app/en/pal/blazehowl/location,7,yes,3,2
https://palworld-chi.vercel.app/en/pal/blazehowl-noct,pal,yes,https://palworld-chi.vercel.app/en/pal/blazehowl-noct,7,yes,2,2
https://palworld-chi.vercel.app/en/pal/blazehowl-noct/breeding,pal-breeding,yes,https://palworld-chi.vercel.app/en/pal/blazehowl-noct/breeding,7,yes,3,2
https://palworld-chi.vercel.app/en/pal/blazehowl-noct/location,pal-location,yes,https://palworld-chi.vercel.app/en/pal/blazehowl-noct/location,7,yes,3,2
https://palworld-chi.vercel.app/en/pal/braloha,pal,yes,https://palworld-chi.vercel.app/en/pal/braloha,7,yes,2,2
https://palworld-chi.vercel.app/en/pal/braloha/breeding,pal-breeding,yes,https://palworld-chi.vercel.app/en/pal/braloha/breeding,7,yes,3,2
https://palworld-chi.vercel.app/en/pal/braloha/location,pal-location,yes,https://palworld-chi.vercel.app/en/pal/braloha/location,7,yes,3,2
https://palworld-chi.vercel.app/en/pal/bristla,pal,yes,https://palworld-chi.vercel.app/en/pal/bristla,7,yes,2,2
https://palworld-chi.vercel.app/en/pal/bristla/breeding,pal-breeding,yes,https://palworld-chi.vercel.app/en/pal/bristla/breeding,7,yes,3,2
https://palworld-chi.vercel.app/en/pal/bristla/location,pal-location,yes,https://palworld-chi.vercel.app/en/pal/bristla/location,7,yes,3,2
https://palworld-chi.vercel.app/en/pal/broncherry,pal,yes,https://palworld-chi.vercel.app/en/pal/broncherry,7,yes,2,2
https://palworld-chi.vercel.app/en/pal/broncherry/breeding,pal-breeding,yes,https://palworld-chi.vercel.app/en/pal/broncherry/breeding,7,yes,3,2
https://palworld-chi.vercel.app/en/pal/broncherry/location,pal-location,yes,https://palworld-chi.vercel.app/en/pal/broncherry/location,7,yes,3,2
https://palworld-chi.vercel.app/en/pal/broncherry-aqua,pal,yes,https://palworld-chi.vercel.app/en/pal/broncherry-aqua,7,yes,2,2
https://palworld-chi.vercel.app/en/pal/broncherry-aqua/breeding,pal-breeding,yes,https://palworld-chi.vercel.app/en/pal/broncherry-aqua/breeding,7,yes,3,2
https://palworld-chi.vercel.app/en/pal/broncherry-aqua/location,pal-location,yes,https://palworld-chi.vercel.app/en/pal/broncherry-aqua/location,7,yes,3,2
https://palworld-chi.vercel.app/en/pal/bulldosu,pal,yes,https://palworld-chi.vercel.app/en/pal/bulldosu,7,yes,2,2
https://palworld-chi.vercel.app/en/pal/bulldosu/breeding,pal-breeding,yes,https://palworld-chi.vercel.app/en/pal/bulldosu/breeding,7,yes,3,2
https://palworld-chi.vercel.app/en/pal/bulldosu/location,pal-location,yes,https://palworld-chi.vercel.app/en/pal/bulldosu/location,7,yes,3,2
https://palworld-chi.vercel.app/en/pal/bushi,pal,yes,https://palworld-chi.vercel.app/en/pal/bushi,7,yes,2,2
https://palworld-chi.vercel.app/en/pal/bushi/breeding,pal-breeding,yes,https://palworld-chi.vercel.app/en/pal/bushi/breeding,7,yes,3,2
https://palworld-chi.vercel.app/en/pal/bushi/location,pal-location,yes,https://palworld-chi.vercel.app/en/pal/bushi/location,7,yes,3,2
https://palworld-chi.vercel.app/en/pal/bushi-noct,pal,yes,https://palworld-chi.vercel.app/en/pal/bushi-noct,7,yes,2,2
https://palworld-chi.vercel.app/en/pal/bushi-noct/breeding,pal-breeding,yes,https://palworld-chi.vercel.app/en/pal/bushi-noct/breeding,7,yes,3,2
https://palworld-chi.vercel.app/en/pal/bushi-noct/location,pal-location,yes,https://palworld-chi.vercel.app/en/pal/bushi-noct/location,7,yes,3,2
https://palworld-chi.vercel.app/en/pal/caprity,pal,yes,https://palworld-chi.vercel.app/en/pal/caprity,7,yes,2,2
https://palworld-chi.vercel.app/en/pal/caprity/breeding,pal-breeding,yes,https://palworld-chi.vercel.app/en/pal/caprity/breeding,7,yes,3,2
https://palworld-chi.vercel.app/en/pal/caprity/location,pal-location,yes,https://palworld-chi.vercel.app/en/pal/caprity/location,7,yes,3,2
https://palworld-chi.vercel.app/en/pal/caprity-noct,pal,yes,https://palworld-chi.vercel.app/en/pal/caprity-noct,7,yes,2,2
https://palworld-chi.vercel.app/en/pal/caprity-noct/breeding,pal-breeding,yes,https://palworld-chi.vercel.app/en/pal/caprity-noct/breeding,7,yes,3,2
https://palworld-chi.vercel.app/en/pal/caprity-noct/location,pal-location,yes,https://palworld-chi.vercel.app/en/pal/caprity-noct/location,7,yes,3,2
https://palworld-chi.vercel.app/en/pal/carnibora,pal,yes,https://palworld-chi.vercel.app/en/pal/carnibora,7,yes,2,2
https://palworld-chi.vercel.app/en/pal/carnibora/breeding,pal-breeding,yes,https://palworld-chi.vercel.app/en/pal/carnibora/breeding,7,yes,3,2
https://palworld-chi.vercel.app/en/pal/carnibora/location,pal-location,yes,https://palworld-chi.vercel.app/en/pal/carnibora/location,7,yes,3,2
https://palworld-chi.vercel.app/en/pal/cattiva,pal,yes,https://palworld-chi.vercel.app/en/pal/cattiva,7,yes,2,2
https://palworld-chi.vercel.app/en/pal/cattiva/breeding,pal-breeding,yes,https://palworld-chi.vercel.app/en/pal/cattiva/breeding,7,yes,3,2
https://palworld-chi.vercel.app/en/pal/cattiva/location,pal-location,yes,https://palworld-chi.vercel.app/en/pal/cattiva/location,7,yes,3,2
https://palworld-chi.vercel.app/en/pal/cawgnito,pal,yes,https://palworld-chi.vercel.app/en/pal/cawgnito,7,yes,2,2
https://palworld-chi.vercel.app/en/pal/cawgnito/breeding,pal-breeding,yes,https://palworld-chi.vercel.app/en/pal/cawgnito/breeding,7,yes,3,2
https://palworld-chi.vercel.app/en/pal/cawgnito/location,pal-location,yes,https://palworld-chi.vercel.app/en/pal/cawgnito/location,7,yes,3,2
https://palworld-chi.vercel.app/en/pal/celaray,pal,yes,https://palworld-chi.vercel.app/en/pal/celaray,7,yes,2,2
https://palworld-chi.vercel.app/en/pal/celaray/breeding,pal-breeding,yes,https://palworld-chi.vercel.app/en/pal/celaray/breeding,7,yes,3,2
https://palworld-chi.vercel.app/en/pal/celaray/location,pal-location,yes,https://palworld-chi.vercel.app/en/pal/celaray/location,7,yes,3,2
https://palworld-chi.vercel.app/en/pal/celaray-lux,pal,yes,https://palworld-chi.vercel.app/en/pal/celaray-lux,7,yes,2,2
https://palworld-chi.vercel.app/en/pal/celaray-lux/breeding,pal-breeding,yes,https://palworld-chi.vercel.app/en/pal/celaray-lux/breeding,7,yes,3,2
https://palworld-chi.vercel.app/en/pal/celaray-lux/location,pal-location,yes,https://palworld-chi.vercel.app/en/pal/celaray-lux/location,7,yes,3,2
https://palworld-chi.vercel.app/en/pal/celesdir,pal,yes,https://palworld-chi.vercel.app/en/pal/celesdir,7,yes,2,2
https://palworld-chi.vercel.app/en/pal/celesdir/breeding,pal-breeding,yes,https://palworld-chi.vercel.app/en/pal/celesdir/breeding,7,yes,3,2
https://palworld-chi.vercel.app/en/pal/celesdir/location,pal-location,yes,https://palworld-chi.vercel.app/en/pal/celesdir/location,7,yes,3,2
https://palworld-chi.vercel.app/en/pal/celesdir-noct,pal,yes,https://palworld-chi.vercel.app/en/pal/celesdir-noct,7,yes,2,2
https://palworld-chi.vercel.app/en/pal/celesdir-noct/breeding,pal-breeding,yes,https://palworld-chi.vercel.app/en/pal/celesdir-noct/breeding,7,yes,3,2
https://palworld-chi.vercel.app/en/pal/celesdir-noct/location,pal-location,yes,https://palworld-chi.vercel.app/en/pal/celesdir-noct/location,7,yes,3,2
https://palworld-chi.vercel.app/en/pal/chikipi,pal,yes,https://palworld-chi.vercel.app/en/pal/chikipi,7,yes,2,2
https://palworld-chi.vercel.app/en/pal/chikipi/breeding,pal-breeding,yes,https://palworld-chi.vercel.app/en/pal/chikipi/breeding,7,yes,3,2
https://palworld-chi.vercel.app/en/pal/chikipi/location,pal-location,yes,https://palworld-chi.vercel.app/en/pal/chikipi/location,7,yes,3,2
https://palworld-chi.vercel.app/en/pal/chillet,pal,yes,https://palworld-chi.vercel.app/en/pal/chillet,7,yes,2,2
https://palworld-chi.vercel.app/en/pal/chillet/breeding,pal-breeding,yes,https://palworld-chi.vercel.app/en/pal/chillet/breeding,7,yes,3,2
https://palworld-chi.vercel.app/en/pal/chillet/location,pal-location,yes,https://palworld-chi.vercel.app/en/pal/chillet/location,7,yes,3,2
https://palworld-chi.vercel.app/en/pal/chillet-ignis,pal,yes,https://palworld-chi.vercel.app/en/pal/chillet-ignis,7,yes,2,2
https://palworld-chi.vercel.app/en/pal/chillet-ignis/breeding,pal-breeding,yes,https://palworld-chi.vercel.app/en/pal/chillet-ignis/breeding,7,yes,3,2
https://palworld-chi.vercel.app/en/pal/chillet-ignis/location,pal-location,yes,https://palworld-chi.vercel.app/en/pal/chillet-ignis/location,7,yes,3,2
https://palworld-chi.vercel.app/en/pal/cinnamoth,pal,yes,https://palworld-chi.vercel.app/en/pal/cinnamoth,7,yes,2,2
https://palworld-chi.vercel.app/en/pal/cinnamoth/breeding,pal-breeding,yes,https://palworld-chi.vercel.app/en/pal/cinnamoth/breeding,7,yes,3,2
https://palworld-chi.vercel.app/en/pal/cinnamoth/location,pal-location,yes,https://palworld-chi.vercel.app/en/pal/cinnamoth/location,7,yes,3,2
https://palworld-chi.vercel.app/en/pal/clovee,pal,yes,https://palworld-chi.vercel.app/en/pal/clovee,7,yes,2,2
https://palworld-chi.vercel.app/en/pal/clovee/breeding,pal-breeding,yes,https://palworld-chi.vercel.app/en/pal/clovee/breeding,7,yes,3,2
https://palworld-chi.vercel.app/en/pal/clovee/location,pal-location,yes,https://palworld-chi.vercel.app/en/pal/clovee/location,7,yes,3,2
https://palworld-chi.vercel.app/en/pal/cremis,pal,yes,https://palworld-chi.vercel.app/en/pal/cremis,7,yes,2,2
https://palworld-chi.vercel.app/en/pal/cremis/breeding,pal-breeding,yes,https://palworld-chi.vercel.app/en/pal/cremis/breeding,7,yes,3,2
https://palworld-chi.vercel.app/en/pal/cremis/location,pal-location,yes,https://palworld-chi.vercel.app/en/pal/cremis/location,7,yes,3,2
https://palworld-chi.vercel.app/en/pal/croajiro,pal,yes,https://palworld-chi.vercel.app/en/pal/croajiro,7,yes,2,2
https://palworld-chi.vercel.app/en/pal/croajiro/breeding,pal-breeding,yes,https://palworld-chi.vercel.app/en/pal/croajiro/breeding,7,yes,3,2
https://palworld-chi.vercel.app/en/pal/croajiro/location,pal-location,yes,https://palworld-chi.vercel.app/en/pal/croajiro/location,7,yes,3,2
https://palworld-chi.vercel.app/en/pal/croajiro-noct,pal,yes,https://palworld-chi.vercel.app/en/pal/croajiro-noct,7,yes,2,2
https://palworld-chi.vercel.app/en/pal/croajiro-noct/breeding,pal-breeding,yes,https://palworld-chi.vercel.app/en/pal/croajiro-noct/breeding,7,yes,3,2
https://palworld-chi.vercel.app/en/pal/croajiro-noct/location,pal-location,yes,https://palworld-chi.vercel.app/en/pal/croajiro-noct/location,7,yes,3,2
https://palworld-chi.vercel.app/en/pal/cryolinx,pal,yes,https://palworld-chi.vercel.app/en/pal/cryolinx,7,yes,2,2
https://palworld-chi.vercel.app/en/pal/cryolinx/breeding,pal-breeding,yes,https://palworld-chi.vercel.app/en/pal/cryolinx/breeding,7,yes,3,2
https://palworld-chi.vercel.app/en/pal/cryolinx/location,pal-location,yes,https://palworld-chi.vercel.app/en/pal/cryolinx/location,7,yes,3,2
https://palworld-chi.vercel.app/en/pal/cryolinx-terra,pal,yes,https://palworld-chi.vercel.app/en/pal/cryolinx-terra,7,yes,2,2
https://palworld-chi.vercel.app/en/pal/cryolinx-terra/breeding,pal-breeding,yes,https://palworld-chi.vercel.app/en/pal/cryolinx-terra/breeding,7,yes,3,2
https://palworld-chi.vercel.app/en/pal/cryolinx-terra/location,pal-location,yes,https://palworld-chi.vercel.app/en/pal/cryolinx-terra/location,7,yes,3,2
https://palworld-chi.vercel.app/en/pal/daedream,pal,yes,https://palworld-chi.vercel.app/en/pal/daedream,7,yes,2,2
https://palworld-chi.vercel.app/en/pal/daedream/breeding,pal-breeding,yes,https://palworld-chi.vercel.app/en/pal/daedream/breeding,7,yes,3,2
https://palworld-chi.vercel.app/en/pal/daedream/location,pal-location,yes,https://palworld-chi.vercel.app/en/pal/daedream/location,7,yes,3,2
https://palworld-chi.vercel.app/en/pal/dandilord,pal,yes,https://palworld-chi.vercel.app/en/pal/dandilord,7,yes,2,2
https://palworld-chi.vercel.app/en/pal/dandilord/breeding,pal-breeding,yes,https://palworld-chi.vercel.app/en/pal/dandilord/breeding,7,yes,3,2
https://palworld-chi.vercel.app/en/pal/dandilord/location,pal-location,yes,https://palworld-chi.vercel.app/en/pal/dandilord/location,7,yes,3,2
https://palworld-chi.vercel.app/en/pal/dazemu,pal,yes,https://palworld-chi.vercel.app/en/pal/dazemu,7,yes,2,2
https://palworld-chi.vercel.app/en/pal/dazemu/breeding,pal-breeding,yes,https://palworld-chi.vercel.app/en/pal/dazemu/breeding,7,yes,3,2
https://palworld-chi.vercel.app/en/pal/dazemu/location,pal-location,yes,https://palworld-chi.vercel.app/en/pal/dazemu/location,7,yes,3,2
https://palworld-chi.vercel.app/en/pal/dazzi,pal,yes,https://palworld-chi.vercel.app/en/pal/dazzi,7,yes,2,2
https://palworld-chi.vercel.app/en/pal/dazzi/breeding,pal-breeding,yes,https://palworld-chi.vercel.app/en/pal/dazzi/breeding,7,yes,3,2
https://palworld-chi.vercel.app/en/pal/dazzi/location,pal-location,yes,https://palworld-chi.vercel.app/en/pal/dazzi/location,7,yes,3,2
https://palworld-chi.vercel.app/en/pal/dazzi-noct,pal,yes,https://palworld-chi.vercel.app/en/pal/dazzi-noct,7,yes,2,2
https://palworld-chi.vercel.app/en/pal/dazzi-noct/breeding,pal-breeding,yes,https://palworld-chi.vercel.app/en/pal/dazzi-noct/breeding,7,yes,3,2
https://palworld-chi.vercel.app/en/pal/dazzi-noct/location,pal-location,yes,https://palworld-chi.vercel.app/en/pal/dazzi-noct/location,7,yes,3,2
https://palworld-chi.vercel.app/en/pal/depresso,pal,yes,https://palworld-chi.vercel.app/en/pal/depresso,7,yes,2,2
https://palworld-chi.vercel.app/en/pal/depresso/breeding,pal-breeding,yes,https://palworld-chi.vercel.app/en/pal/depresso/breeding,7,yes,3,2
https://palworld-chi.vercel.app/en/pal/depresso/location,pal-location,yes,https://palworld-chi.vercel.app/en/pal/depresso/location,7,yes,3,2
https://palworld-chi.vercel.app/en/pal/digtoise,pal,yes,https://palworld-chi.vercel.app/en/pal/digtoise,7,yes,2,2
https://palworld-chi.vercel.app/en/pal/digtoise/breeding,pal-breeding,yes,https://palworld-chi.vercel.app/en/pal/digtoise/breeding,7,yes,3,2
https://palworld-chi.vercel.app/en/pal/digtoise/location,pal-location,yes,https://palworld-chi.vercel.app/en/pal/digtoise/location,7,yes,3,2
https://palworld-chi.vercel.app/en/pal/dinossom,pal,yes,https://palworld-chi.vercel.app/en/pal/dinossom,7,yes,2,2
https://palworld-chi.vercel.app/en/pal/dinossom/breeding,pal-breeding,yes,https://palworld-chi.vercel.app/en/pal/dinossom/breeding,7,yes,3,2
https://palworld-chi.vercel.app/en/pal/dinossom/location,pal-location,yes,https://palworld-chi.vercel.app/en/pal/dinossom/location,7,yes,3,2
https://palworld-chi.vercel.app/en/pal/dinossom-lux,pal,yes,https://palworld-chi.vercel.app/en/pal/dinossom-lux,7,yes,2,2
https://palworld-chi.vercel.app/en/pal/dinossom-lux/breeding,pal-breeding,yes,https://palworld-chi.vercel.app/en/pal/dinossom-lux/breeding,7,yes,3,2
https://palworld-chi.vercel.app/en/pal/dinossom-lux/location,pal-location,yes,https://palworld-chi.vercel.app/en/pal/dinossom-lux/location,7,yes,3,2
https://palworld-chi.vercel.app/en/pal/direhowl,pal,yes,https://palworld-chi.vercel.app/en/pal/direhowl,7,yes,2,2
https://palworld-chi.vercel.app/en/pal/direhowl/breeding,pal-breeding,yes,https://palworld-chi.vercel.app/en/pal/direhowl/breeding,7,yes,3,2
https://palworld-chi.vercel.app/en/pal/direhowl/location,pal-location,yes,https://palworld-chi.vercel.app/en/pal/direhowl/location,7,yes,3,2
https://palworld-chi.vercel.app/en/pal/dogen,pal,yes,https://palworld-chi.vercel.app/en/pal/dogen,7,yes,2,2
https://palworld-chi.vercel.app/en/pal/dogen/breeding,pal-breeding,yes,https://palworld-chi.vercel.app/en/pal/dogen/breeding,7,yes,3,2
https://palworld-chi.vercel.app/en/pal/dogen/location,pal-location,yes,https://palworld-chi.vercel.app/en/pal/dogen/location,7,yes,3,2
https://palworld-chi.vercel.app/en/pal/dualith,pal,yes,https://palworld-chi.vercel.app/en/pal/dualith,7,yes,2,2
https://palworld-chi.vercel.app/en/pal/dualith/breeding,pal-breeding,yes,https://palworld-chi.vercel.app/en/pal/dualith/breeding,7,yes,3,2
https://palworld-chi.vercel.app/en/pal/dualith/location,pal-location,yes,https://palworld-chi.vercel.app/en/pal/dualith/location,7,yes,3,2
https://palworld-chi.vercel.app/en/pal/dualith-noct,pal,yes,https://palworld-chi.vercel.app/en/pal/dualith-noct,7,yes,2,2
https://palworld-chi.vercel.app/en/pal/dualith-noct/breeding,pal-breeding,yes,https://palworld-chi.vercel.app/en/pal/dualith-noct/breeding,7,yes,3,2
https://palworld-chi.vercel.app/en/pal/dualith-noct/location,pal-location,yes,https://palworld-chi.vercel.app/en/pal/dualith-noct/location,7,yes,3,2
https://palworld-chi.vercel.app/en/pal/dumud,pal,yes,https://palworld-chi.vercel.app/en/pal/dumud,7,yes,2,2
https://palworld-chi.vercel.app/en/pal/dumud/breeding,pal-breeding,yes,https://palworld-chi.vercel.app/en/pal/dumud/breeding,7,yes,3,2
https://palworld-chi.vercel.app/en/pal/dumud/location,pal-location,yes,https://palworld-chi.vercel.app/en/pal/dumud/location,7,yes,3,2
https://palworld-chi.vercel.app/en/pal/dumud-gild,pal,yes,https://palworld-chi.vercel.app/en/pal/dumud-gild,7,yes,2,2
https://palworld-chi.vercel.app/en/pal/dumud-gild/breeding,pal-breeding,yes,https://palworld-chi.vercel.app/en/pal/dumud-gild/breeding,7,yes,3,2
https://palworld-chi.vercel.app/en/pal/dumud-gild/location,pal-location,yes,https://palworld-chi.vercel.app/en/pal/dumud-gild/location,7,yes,3,2
https://palworld-chi.vercel.app/en/pal/dupin,pal,yes,https://palworld-chi.vercel.app/en/pal/dupin,7,yes,2,2
https://palworld-chi.vercel.app/en/pal/dupin/breeding,pal-breeding,yes,https://palworld-chi.vercel.app/en/pal/dupin/breeding,7,yes,3,2
https://palworld-chi.vercel.app/en/pal/dupin/location,pal-location,yes,https://palworld-chi.vercel.app/en/pal/dupin/location,7,yes,3,2
https://palworld-chi.vercel.app/en/pal/dynamoff,pal,yes,https://palworld-chi.vercel.app/en/pal/dynamoff,7,yes,2,2
https://palworld-chi.vercel.app/en/pal/dynamoff/breeding,pal-breeding,yes,https://palworld-chi.vercel.app/en/pal/dynamoff/breeding,7,yes,3,2
https://palworld-chi.vercel.app/en/pal/dynamoff/location,pal-location,yes,https://palworld-chi.vercel.app/en/pal/dynamoff/location,7,yes,3,2
https://palworld-chi.vercel.app/en/pal/eidrolon,pal,yes,https://palworld-chi.vercel.app/en/pal/eidrolon,7,yes,2,2
https://palworld-chi.vercel.app/en/pal/eidrolon/breeding,pal-breeding,yes,https://palworld-chi.vercel.app/en/pal/eidrolon/breeding,7,yes,3,2
https://palworld-chi.vercel.app/en/pal/eidrolon/location,pal-location,yes,https://palworld-chi.vercel.app/en/pal/eidrolon/location,7,yes,3,2
https://palworld-chi.vercel.app/en/pal/eidrolon-ignis,pal,yes,https://palworld-chi.vercel.app/en/pal/eidrolon-ignis,7,yes,2,2
https://palworld-chi.vercel.app/en/pal/eidrolon-ignis/breeding,pal-breeding,yes,https://palworld-chi.vercel.app/en/pal/eidrolon-ignis/breeding,7,yes,3,2
https://palworld-chi.vercel.app/en/pal/eidrolon-ignis/location,pal-location,yes,https://palworld-chi.vercel.app/en/pal/eidrolon-ignis/location,7,yes,3,2
https://palworld-chi.vercel.app/en/pal/eikthyrdeer,pal,yes,https://palworld-chi.vercel.app/en/pal/eikthyrdeer,7,yes,2,2
https://palworld-chi.vercel.app/en/pal/eikthyrdeer/breeding,pal-breeding,yes,https://palworld-chi.vercel.app/en/pal/eikthyrdeer/breeding,7,yes,3,2
https://palworld-chi.vercel.app/en/pal/eikthyrdeer/location,pal-location,yes,https://palworld-chi.vercel.app/en/pal/eikthyrdeer/location,7,yes,3,2
https://palworld-chi.vercel.app/en/pal/eikthyrdeer-terra,pal,yes,https://palworld-chi.vercel.app/en/pal/eikthyrdeer-terra,7,yes,2,2
https://palworld-chi.vercel.app/en/pal/eikthyrdeer-terra/breeding,pal-breeding,yes,https://palworld-chi.vercel.app/en/pal/eikthyrdeer-terra/breeding,7,yes,3,2
https://palworld-chi.vercel.app/en/pal/eikthyrdeer-terra/location,pal-location,yes,https://palworld-chi.vercel.app/en/pal/eikthyrdeer-terra/location,7,yes,3,2
https://palworld-chi.vercel.app/en/pal/elgrove,pal,yes,https://palworld-chi.vercel.app/en/pal/elgrove,7,yes,2,2
https://palworld-chi.vercel.app/en/pal/elgrove/breeding,pal-breeding,yes,https://palworld-chi.vercel.app/en/pal/elgrove/breeding,7,yes,3,2
https://palworld-chi.vercel.app/en/pal/elgrove/location,pal-location,yes,https://palworld-chi.vercel.app/en/pal/elgrove/location,7,yes,3,2
https://palworld-chi.vercel.app/en/pal/elgrove-cryst,pal,yes,https://palworld-chi.vercel.app/en/pal/elgrove-cryst,7,yes,2,2
https://palworld-chi.vercel.app/en/pal/elgrove-cryst/breeding,pal-breeding,yes,https://palworld-chi.vercel.app/en/pal/elgrove-cryst/breeding,7,yes,3,2
https://palworld-chi.vercel.app/en/pal/elgrove-cryst/location,pal-location,yes,https://palworld-chi.vercel.app/en/pal/elgrove-cryst/location,7,yes,3,2
https://palworld-chi.vercel.app/en/pal/elizabee,pal,yes,https://palworld-chi.vercel.app/en/pal/elizabee,7,yes,2,2
https://palworld-chi.vercel.app/en/pal/elizabee/breeding,pal-breeding,yes,https://palworld-chi.vercel.app/en/pal/elizabee/breeding,7,yes,3,2
https://palworld-chi.vercel.app/en/pal/elizabee/location,pal-location,yes,https://palworld-chi.vercel.app/en/pal/elizabee/location,7,yes,3,2
https://palworld-chi.vercel.app/en/pal/elphidran,pal,yes,https://palworld-chi.vercel.app/en/pal/elphidran,7,yes,2,2
https://palworld-chi.vercel.app/en/pal/elphidran/breeding,pal-breeding,yes,https://palworld-chi.vercel.app/en/pal/elphidran/breeding,7,yes,3,2
https://palworld-chi.vercel.app/en/pal/elphidran/location,pal-location,yes,https://palworld-chi.vercel.app/en/pal/elphidran/location,7,yes,3,2
https://palworld-chi.vercel.app/en/pal/elphidran-aqua,pal,yes,https://palworld-chi.vercel.app/en/pal/elphidran-aqua,7,yes,2,2
https://palworld-chi.vercel.app/en/pal/elphidran-aqua/breeding,pal-breeding,yes,https://palworld-chi.vercel.app/en/pal/elphidran-aqua/breeding,7,yes,3,2
https://palworld-chi.vercel.app/en/pal/elphidran-aqua/location,pal-location,yes,https://palworld-chi.vercel.app/en/pal/elphidran-aqua/location,7,yes,3,2
https://palworld-chi.vercel.app/en/pal/faleris,pal,yes,https://palworld-chi.vercel.app/en/pal/faleris,7,yes,2,2
https://palworld-chi.vercel.app/en/pal/faleris/breeding,pal-breeding,yes,https://palworld-chi.vercel.app/en/pal/faleris/breeding,7,yes,3,2
https://palworld-chi.vercel.app/en/pal/faleris/location,pal-location,yes,https://palworld-chi.vercel.app/en/pal/faleris/location,7,yes,3,2
https://palworld-chi.vercel.app/en/pal/faleris-aqua,pal,yes,https://palworld-chi.vercel.app/en/pal/faleris-aqua,7,yes,2,2
https://palworld-chi.vercel.app/en/pal/faleris-aqua/breeding,pal-breeding,yes,https://palworld-chi.vercel.app/en/pal/faleris-aqua/breeding,7,yes,3,2
https://palworld-chi.vercel.app/en/pal/faleris-aqua/location,pal-location,yes,https://palworld-chi.vercel.app/en/pal/faleris-aqua/location,7,yes,3,2
https://palworld-chi.vercel.app/en/pal/felbat,pal,yes,https://palworld-chi.vercel.app/en/pal/felbat,7,yes,2,2
https://palworld-chi.vercel.app/en/pal/felbat/breeding,pal-breeding,yes,https://palworld-chi.vercel.app/en/pal/felbat/breeding,7,yes,3,2
https://palworld-chi.vercel.app/en/pal/felbat/location,pal-location,yes,https://palworld-chi.vercel.app/en/pal/felbat/location,7,yes,3,2
https://palworld-chi.vercel.app/en/pal/fenglope,pal,yes,https://palworld-chi.vercel.app/en/pal/fenglope,7,yes,2,2
https://palworld-chi.vercel.app/en/pal/fenglope/breeding,pal-breeding,yes,https://palworld-chi.vercel.app/en/pal/fenglope/breeding,7,yes,3,2
https://palworld-chi.vercel.app/en/pal/fenglope/location,pal-location,yes,https://palworld-chi.vercel.app/en/pal/fenglope/location,7,yes,3,2
https://palworld-chi.vercel.app/en/pal/fenglope-lux,pal,yes,https://palworld-chi.vercel.app/en/pal/fenglope-lux,7,yes,2,2
https://palworld-chi.vercel.app/en/pal/fenglope-lux/breeding,pal-breeding,yes,https://palworld-chi.vercel.app/en/pal/fenglope-lux/breeding,7,yes,3,2
https://palworld-chi.vercel.app/en/pal/fenglope-lux/location,pal-location,yes,https://palworld-chi.vercel.app/en/pal/fenglope-lux/location,7,yes,3,2
https://palworld-chi.vercel.app/en/pal/finsider,pal,yes,https://palworld-chi.vercel.app/en/pal/finsider,7,yes,2,2
https://palworld-chi.vercel.app/en/pal/finsider/breeding,pal-breeding,yes,https://palworld-chi.vercel.app/en/pal/finsider/breeding,7,yes,3,2
https://palworld-chi.vercel.app/en/pal/finsider/location,pal-location,yes,https://palworld-chi.vercel.app/en/pal/finsider/location,7,yes,3,2
https://palworld-chi.vercel.app/en/pal/finsider-ignis,pal,yes,https://palworld-chi.vercel.app/en/pal/finsider-ignis,7,yes,2,2
https://palworld-chi.vercel.app/en/pal/finsider-ignis/breeding,pal-breeding,yes,https://palworld-chi.vercel.app/en/pal/finsider-ignis/breeding,7,yes,3,2
https://palworld-chi.vercel.app/en/pal/finsider-ignis/location,pal-location,yes,https://palworld-chi.vercel.app/en/pal/finsider-ignis/location,7,yes,3,2
https://palworld-chi.vercel.app/en/pal/flambelle,pal,yes,https://palworld-chi.vercel.app/en/pal/flambelle,7,yes,2,2
https://palworld-chi.vercel.app/en/pal/flambelle/breeding,pal-breeding,yes,https://palworld-chi.vercel.app/en/pal/flambelle/breeding,7,yes,3,2
https://palworld-chi.vercel.app/en/pal/flambelle/location,pal-location,yes,https://palworld-chi.vercel.app/en/pal/flambelle/location,7,yes,3,2
https://palworld-chi.vercel.app/en/pal/flaracle,pal,yes,https://palworld-chi.vercel.app/en/pal/flaracle,7,yes,2,2
https://palworld-chi.vercel.app/en/pal/flaracle/breeding,pal-breeding,yes,https://palworld-chi.vercel.app/en/pal/flaracle/breeding,7,yes,3,2
https://palworld-chi.vercel.app/en/pal/flaracle/location,pal-location,yes,https://palworld-chi.vercel.app/en/pal/flaracle/location,7,yes,3,2
https://palworld-chi.vercel.app/en/pal/flopie,pal,yes,https://palworld-chi.vercel.app/en/pal/flopie,7,yes,2,2
https://palworld-chi.vercel.app/en/pal/flopie/breeding,pal-breeding,yes,https://palworld-chi.vercel.app/en/pal/flopie/breeding,7,yes,3,2
https://palworld-chi.vercel.app/en/pal/flopie/location,pal-location,yes,https://palworld-chi.vercel.app/en/pal/flopie/location,7,yes,3,2
https://palworld-chi.vercel.app/en/pal/foxcicle,pal,yes,https://palworld-chi.vercel.app/en/pal/foxcicle,7,yes,2,2
https://palworld-chi.vercel.app/en/pal/foxcicle/breeding,pal-breeding,yes,https://palworld-chi.vercel.app/en/pal/foxcicle/breeding,7,yes,3,2
https://palworld-chi.vercel.app/en/pal/foxcicle/location,pal-location,yes,https://palworld-chi.vercel.app/en/pal/foxcicle/location,7,yes,3,2
https://palworld-chi.vercel.app/en/pal/foxparks,pal,yes,https://palworld-chi.vercel.app/en/pal/foxparks,7,yes,2,2
https://palworld-chi.vercel.app/en/pal/foxparks/breeding,pal-breeding,yes,https://palworld-chi.vercel.app/en/pal/foxparks/breeding,7,yes,3,2
https://palworld-chi.vercel.app/en/pal/foxparks/location,pal-location,yes,https://palworld-chi.vercel.app/en/pal/foxparks/location,7,yes,3,2
https://palworld-chi.vercel.app/en/pal/foxparks-cryst,pal,yes,https://palworld-chi.vercel.app/en/pal/foxparks-cryst,7,yes,2,2
https://palworld-chi.vercel.app/en/pal/foxparks-cryst/breeding,pal-breeding,yes,https://palworld-chi.vercel.app/en/pal/foxparks-cryst/breeding,7,yes,3,2
https://palworld-chi.vercel.app/en/pal/foxparks-cryst/location,pal-location,yes,https://palworld-chi.vercel.app/en/pal/foxparks-cryst/location,7,yes,3,2
https://palworld-chi.vercel.app/en/pal/frostallion,pal,yes,https://palworld-chi.vercel.app/en/pal/frostallion,7,yes,3,3
https://palworld-chi.vercel.app/en/pal/frostallion/breeding,pal-breeding,yes,https://palworld-chi.vercel.app/en/pal/frostallion/breeding,7,yes,3,2
https://palworld-chi.vercel.app/en/pal/frostallion/location,pal-location,yes,https://palworld-chi.vercel.app/en/pal/frostallion/location,7,yes,3,2
https://palworld-chi.vercel.app/en/pal/frostallion-noct,pal,yes,https://palworld-chi.vercel.app/en/pal/frostallion-noct,7,yes,2,2
https://palworld-chi.vercel.app/en/pal/frostallion-noct/breeding,pal-breeding,yes,https://palworld-chi.vercel.app/en/pal/frostallion-noct/breeding,7,yes,3,2
https://palworld-chi.vercel.app/en/pal/frostallion-noct/location,pal-location,yes,https://palworld-chi.vercel.app/en/pal/frostallion-noct/location,7,yes,3,2
https://palworld-chi.vercel.app/en/pal/frostplume,pal,yes,https://palworld-chi.vercel.app/en/pal/frostplume,7,yes,2,2
https://palworld-chi.vercel.app/en/pal/frostplume/breeding,pal-breeding,yes,https://palworld-chi.vercel.app/en/pal/frostplume/breeding,7,yes,3,2
https://palworld-chi.vercel.app/en/pal/frostplume/location,pal-location,yes,https://palworld-chi.vercel.app/en/pal/frostplume/location,7,yes,3,2
https://palworld-chi.vercel.app/en/pal/fuack,pal,yes,https://palworld-chi.vercel.app/en/pal/fuack,7,yes,2,2
https://palworld-chi.vercel.app/en/pal/fuack/breeding,pal-breeding,yes,https://palworld-chi.vercel.app/en/pal/fuack/breeding,7,yes,3,2
https://palworld-chi.vercel.app/en/pal/fuack/location,pal-location,yes,https://palworld-chi.vercel.app/en/pal/fuack/location,7,yes,3,2
https://palworld-chi.vercel.app/en/pal/fuack-ignis,pal,yes,https://palworld-chi.vercel.app/en/pal/fuack-ignis,7,yes,2,2
https://palworld-chi.vercel.app/en/pal/fuack-ignis/breeding,pal-breeding,yes,https://palworld-chi.vercel.app/en/pal/fuack-ignis/breeding,7,yes,3,2
https://palworld-chi.vercel.app/en/pal/fuack-ignis/location,pal-location,yes,https://palworld-chi.vercel.app/en/pal/fuack-ignis/location,7,yes,3,2
https://palworld-chi.vercel.app/en/pal/fuddler,pal,yes,https://palworld-chi.vercel.app/en/pal/fuddler,7,yes,2,2
https://palworld-chi.vercel.app/en/pal/fuddler/breeding,pal-breeding,yes,https://palworld-chi.vercel.app/en/pal/fuddler/breeding,7,yes,3,2
https://palworld-chi.vercel.app/en/pal/fuddler/location,pal-location,yes,https://palworld-chi.vercel.app/en/pal/fuddler/location,7,yes,3,2
https://palworld-chi.vercel.app/en/pal/galeclaw,pal,yes,https://palworld-chi.vercel.app/en/pal/galeclaw,7,yes,2,2
https://palworld-chi.vercel.app/en/pal/galeclaw/breeding,pal-breeding,yes,https://palworld-chi.vercel.app/en/pal/galeclaw/breeding,7,yes,3,2
https://palworld-chi.vercel.app/en/pal/galeclaw/location,pal-location,yes,https://palworld-chi.vercel.app/en/pal/galeclaw/location,7,yes,3,2
https://palworld-chi.vercel.app/en/pal/ghangler,pal,yes,https://palworld-chi.vercel.app/en/pal/ghangler,7,yes,2,2
https://palworld-chi.vercel.app/en/pal/ghangler/breeding,pal-breeding,yes,https://palworld-chi.vercel.app/en/pal/ghangler/breeding,7,yes,3,2
https://palworld-chi.vercel.app/en/pal/ghangler/location,pal-location,yes,https://palworld-chi.vercel.app/en/pal/ghangler/location,7,yes,3,2
https://palworld-chi.vercel.app/en/pal/ghangler-ignis,pal,yes,https://palworld-chi.vercel.app/en/pal/ghangler-ignis,7,yes,2,2
https://palworld-chi.vercel.app/en/pal/ghangler-ignis/breeding,pal-breeding,yes,https://palworld-chi.vercel.app/en/pal/ghangler-ignis/breeding,7,yes,3,2
https://palworld-chi.vercel.app/en/pal/ghangler-ignis/location,pal-location,yes,https://palworld-chi.vercel.app/en/pal/ghangler-ignis/location,7,yes,3,2
https://palworld-chi.vercel.app/en/pal/gildane,pal,yes,https://palworld-chi.vercel.app/en/pal/gildane,7,yes,2,2
https://palworld-chi.vercel.app/en/pal/gildane/breeding,pal-breeding,yes,https://palworld-chi.vercel.app/en/pal/gildane/breeding,7,yes,3,2
https://palworld-chi.vercel.app/en/pal/gildane/location,pal-location,yes,https://palworld-chi.vercel.app/en/pal/gildane/location,7,yes,3,2
https://palworld-chi.vercel.app/en/pal/gildra,pal,yes,https://palworld-chi.vercel.app/en/pal/gildra,7,yes,2,2
https://palworld-chi.vercel.app/en/pal/gildra/breeding,pal-breeding,yes,https://palworld-chi.vercel.app/en/pal/gildra/breeding,7,yes,3,2
https://palworld-chi.vercel.app/en/pal/gildra/location,pal-location,yes,https://palworld-chi.vercel.app/en/pal/gildra/location,7,yes,3,2
https://palworld-chi.vercel.app/en/pal/gloopie,pal,yes,https://palworld-chi.vercel.app/en/pal/gloopie,7,yes,2,2
https://palworld-chi.vercel.app/en/pal/gloopie/breeding,pal-breeding,yes,https://palworld-chi.vercel.app/en/pal/gloopie/breeding,7,yes,3,2
https://palworld-chi.vercel.app/en/pal/gloopie/location,pal-location,yes,https://palworld-chi.vercel.app/en/pal/gloopie/location,7,yes,3,2
https://palworld-chi.vercel.app/en/pal/gloopie-primo,pal,yes,https://palworld-chi.vercel.app/en/pal/gloopie-primo,7,yes,2,2
https://palworld-chi.vercel.app/en/pal/gloopie-primo/breeding,pal-breeding,yes,https://palworld-chi.vercel.app/en/pal/gloopie-primo/breeding,7,yes,3,2
https://palworld-chi.vercel.app/en/pal/gloopie-primo/location,pal-location,yes,https://palworld-chi.vercel.app/en/pal/gloopie-primo/location,7,yes,3,2
https://palworld-chi.vercel.app/en/pal/gobfin,pal,yes,https://palworld-chi.vercel.app/en/pal/gobfin,7,yes,2,2
https://palworld-chi.vercel.app/en/pal/gobfin/breeding,pal-breeding,yes,https://palworld-chi.vercel.app/en/pal/gobfin/breeding,7,yes,3,2
https://palworld-chi.vercel.app/en/pal/gobfin/location,pal-location,yes,https://palworld-chi.vercel.app/en/pal/gobfin/location,7,yes,3,2
https://palworld-chi.vercel.app/en/pal/gobfin-ignis,pal,yes,https://palworld-chi.vercel.app/en/pal/gobfin-ignis,7,yes,2,2
https://palworld-chi.vercel.app/en/pal/gobfin-ignis/breeding,pal-breeding,yes,https://palworld-chi.vercel.app/en/pal/gobfin-ignis/breeding,7,yes,3,2
https://palworld-chi.vercel.app/en/pal/gobfin-ignis/location,pal-location,yes,https://palworld-chi.vercel.app/en/pal/gobfin-ignis/location,7,yes,3,2
https://palworld-chi.vercel.app/en/pal/gorirat,pal,yes,https://palworld-chi.vercel.app/en/pal/gorirat,7,yes,2,2
https://palworld-chi.vercel.app/en/pal/gorirat/breeding,pal-breeding,yes,https://palworld-chi.vercel.app/en/pal/gorirat/breeding,7,yes,3,2
https://palworld-chi.vercel.app/en/pal/gorirat/location,pal-location,yes,https://palworld-chi.vercel.app/en/pal/gorirat/location,7,yes,3,2
https://palworld-chi.vercel.app/en/pal/gorirat-terra,pal,yes,https://palworld-chi.vercel.app/en/pal/gorirat-terra,7,yes,2,2
https://palworld-chi.vercel.app/en/pal/gorirat-terra/breeding,pal-breeding,yes,https://palworld-chi.vercel.app/en/pal/gorirat-terra/breeding,7,yes,3,2
https://palworld-chi.vercel.app/en/pal/gorirat-terra/location,pal-location,yes,https://palworld-chi.vercel.app/en/pal/gorirat-terra/location,7,yes,3,2
https://palworld-chi.vercel.app/en/pal/grintale,pal,yes,https://palworld-chi.vercel.app/en/pal/grintale,7,yes,2,2
https://palworld-chi.vercel.app/en/pal/grintale/breeding,pal-breeding,yes,https://palworld-chi.vercel.app/en/pal/grintale/breeding,7,yes,3,2
https://palworld-chi.vercel.app/en/pal/grintale/location,pal-location,yes,https://palworld-chi.vercel.app/en/pal/grintale/location,7,yes,3,2
https://palworld-chi.vercel.app/en/pal/grizzbolt,pal,yes,https://palworld-chi.vercel.app/en/pal/grizzbolt,7,yes,3,3
https://palworld-chi.vercel.app/en/pal/grizzbolt/breeding,pal-breeding,yes,https://palworld-chi.vercel.app/en/pal/grizzbolt/breeding,7,yes,3,2
https://palworld-chi.vercel.app/en/pal/grizzbolt/location,pal-location,yes,https://palworld-chi.vercel.app/en/pal/grizzbolt/location,7,yes,3,2
https://palworld-chi.vercel.app/en/pal/gumoss,pal,yes,https://palworld-chi.vercel.app/en/pal/gumoss,7,yes,2,2
https://palworld-chi.vercel.app/en/pal/gumoss/breeding,pal-breeding,yes,https://palworld-chi.vercel.app/en/pal/gumoss/breeding,7,yes,3,2
https://palworld-chi.vercel.app/en/pal/gumoss/location,pal-location,yes,https://palworld-chi.vercel.app/en/pal/gumoss/location,7,yes,3,2
https://palworld-chi.vercel.app/en/pal/hangyu,pal,yes,https://palworld-chi.vercel.app/en/pal/hangyu,7,yes,2,2
https://palworld-chi.vercel.app/en/pal/hangyu/breeding,pal-breeding,yes,https://palworld-chi.vercel.app/en/pal/hangyu/breeding,7,yes,3,2
https://palworld-chi.vercel.app/en/pal/hangyu/location,pal-location,yes,https://palworld-chi.vercel.app/en/pal/hangyu/location,7,yes,3,2
https://palworld-chi.vercel.app/en/pal/hangyu-cryst,pal,yes,https://palworld-chi.vercel.app/en/pal/hangyu-cryst,7,yes,2,2
https://palworld-chi.vercel.app/en/pal/hangyu-cryst/breeding,pal-breeding,yes,https://palworld-chi.vercel.app/en/pal/hangyu-cryst/breeding,7,yes,3,2
https://palworld-chi.vercel.app/en/pal/hangyu-cryst/location,pal-location,yes,https://palworld-chi.vercel.app/en/pal/hangyu-cryst/location,7,yes,3,2
https://palworld-chi.vercel.app/en/pal/hartalis,pal,yes,https://palworld-chi.vercel.app/en/pal/hartalis,7,yes,2,2
https://palworld-chi.vercel.app/en/pal/hartalis/breeding,pal-breeding,yes,https://palworld-chi.vercel.app/en/pal/hartalis/breeding,7,yes,3,2
https://palworld-chi.vercel.app/en/pal/hartalis/location,pal-location,yes,https://palworld-chi.vercel.app/en/pal/hartalis/location,7,yes,3,2
https://palworld-chi.vercel.app/en/pal/helzephyr,pal,yes,https://palworld-chi.vercel.app/en/pal/helzephyr,7,yes,2,2
https://palworld-chi.vercel.app/en/pal/helzephyr/breeding,pal-breeding,yes,https://palworld-chi.vercel.app/en/pal/helzephyr/breeding,7,yes,3,2
https://palworld-chi.vercel.app/en/pal/helzephyr/location,pal-location,yes,https://palworld-chi.vercel.app/en/pal/helzephyr/location,7,yes,3,2
https://palworld-chi.vercel.app/en/pal/helzephyr-lux,pal,yes,https://palworld-chi.vercel.app/en/pal/helzephyr-lux,7,yes,2,2
https://palworld-chi.vercel.app/en/pal/helzephyr-lux/breeding,pal-breeding,yes,https://palworld-chi.vercel.app/en/pal/helzephyr-lux/breeding,7,yes,3,2
https://palworld-chi.vercel.app/en/pal/helzephyr-lux/location,pal-location,yes,https://palworld-chi.vercel.app/en/pal/helzephyr-lux/location,7,yes,3,2
https://palworld-chi.vercel.app/en/pal/herbil,pal,yes,https://palworld-chi.vercel.app/en/pal/herbil,7,yes,2,2
https://palworld-chi.vercel.app/en/pal/herbil/breeding,pal-breeding,yes,https://palworld-chi.vercel.app/en/pal/herbil/breeding,7,yes,3,2
https://palworld-chi.vercel.app/en/pal/herbil/location,pal-location,yes,https://palworld-chi.vercel.app/en/pal/herbil/location,7,yes,3,2
https://palworld-chi.vercel.app/en/pal/hoocrates,pal,yes,https://palworld-chi.vercel.app/en/pal/hoocrates,7,yes,2,2
https://palworld-chi.vercel.app/en/pal/hoocrates/breeding,pal-breeding,yes,https://palworld-chi.vercel.app/en/pal/hoocrates/breeding,7,yes,3,2
https://palworld-chi.vercel.app/en/pal/hoocrates/location,pal-location,yes,https://palworld-chi.vercel.app/en/pal/hoocrates/location,7,yes,3,2
https://palworld-chi.vercel.app/en/pal/hoodle,pal,yes,https://palworld-chi.vercel.app/en/pal/hoodle,7,yes,2,2
https://palworld-chi.vercel.app/en/pal/hoodle/breeding,pal-breeding,yes,https://palworld-chi.vercel.app/en/pal/hoodle/breeding,7,yes,3,2
https://palworld-chi.vercel.app/en/pal/hoodle/location,pal-location,yes,https://palworld-chi.vercel.app/en/pal/hoodle/location,7,yes,3,2
https://palworld-chi.vercel.app/en/pal/icelyn,pal,yes,https://palworld-chi.vercel.app/en/pal/icelyn,7,yes,2,2
https://palworld-chi.vercel.app/en/pal/icelyn/breeding,pal-breeding,yes,https://palworld-chi.vercel.app/en/pal/icelyn/breeding,7,yes,3,2
https://palworld-chi.vercel.app/en/pal/icelyn/location,pal-location,yes,https://palworld-chi.vercel.app/en/pal/icelyn/location,7,yes,3,2
https://palworld-chi.vercel.app/en/pal/incineram,pal,yes,https://palworld-chi.vercel.app/en/pal/incineram,7,yes,2,2
https://palworld-chi.vercel.app/en/pal/incineram/breeding,pal-breeding,yes,https://palworld-chi.vercel.app/en/pal/incineram/breeding,7,yes,3,2
https://palworld-chi.vercel.app/en/pal/incineram/location,pal-location,yes,https://palworld-chi.vercel.app/en/pal/incineram/location,7,yes,3,2
https://palworld-chi.vercel.app/en/pal/incineram-noct,pal,yes,https://palworld-chi.vercel.app/en/pal/incineram-noct,7,yes,2,2
https://palworld-chi.vercel.app/en/pal/incineram-noct/breeding,pal-breeding,yes,https://palworld-chi.vercel.app/en/pal/incineram-noct/breeding,7,yes,3,2
https://palworld-chi.vercel.app/en/pal/incineram-noct/location,pal-location,yes,https://palworld-chi.vercel.app/en/pal/incineram-noct/location,7,yes,3,2
https://palworld-chi.vercel.app/en/pal/jelliette,pal,yes,https://palworld-chi.vercel.app/en/pal/jelliette,7,yes,2,2
https://palworld-chi.vercel.app/en/pal/jelliette/breeding,pal-breeding,yes,https://palworld-chi.vercel.app/en/pal/jelliette/breeding,7,yes,3,2
https://palworld-chi.vercel.app/en/pal/jelliette/location,pal-location,yes,https://palworld-chi.vercel.app/en/pal/jelliette/location,7,yes,3,2
https://palworld-chi.vercel.app/en/pal/jellroy,pal,yes,https://palworld-chi.vercel.app/en/pal/jellroy,7,yes,2,2
https://palworld-chi.vercel.app/en/pal/jellroy/breeding,pal-breeding,yes,https://palworld-chi.vercel.app/en/pal/jellroy/breeding,7,yes,3,2
https://palworld-chi.vercel.app/en/pal/jellroy/location,pal-location,yes,https://palworld-chi.vercel.app/en/pal/jellroy/location,7,yes,3,2
https://palworld-chi.vercel.app/en/pal/jetragon,pal,yes,https://palworld-chi.vercel.app/en/pal/jetragon,7,yes,3,3
https://palworld-chi.vercel.app/en/pal/jetragon/breeding,pal-breeding,yes,https://palworld-chi.vercel.app/en/pal/jetragon/breeding,7,yes,3,2
https://palworld-chi.vercel.app/en/pal/jetragon/location,pal-location,yes,https://palworld-chi.vercel.app/en/pal/jetragon/location,7,yes,3,2
https://palworld-chi.vercel.app/en/pal/jolthog,pal,yes,https://palworld-chi.vercel.app/en/pal/jolthog,7,yes,2,2
https://palworld-chi.vercel.app/en/pal/jolthog/breeding,pal-breeding,yes,https://palworld-chi.vercel.app/en/pal/jolthog/breeding,7,yes,3,2
https://palworld-chi.vercel.app/en/pal/jolthog/location,pal-location,yes,https://palworld-chi.vercel.app/en/pal/jolthog/location,7,yes,3,2
https://palworld-chi.vercel.app/en/pal/jolthog-cryst,pal,yes,https://palworld-chi.vercel.app/en/pal/jolthog-cryst,7,yes,2,2
https://palworld-chi.vercel.app/en/pal/jolthog-cryst/breeding,pal-breeding,yes,https://palworld-chi.vercel.app/en/pal/jolthog-cryst/breeding,7,yes,3,2
https://palworld-chi.vercel.app/en/pal/jolthog-cryst/location,pal-location,yes,https://palworld-chi.vercel.app/en/pal/jolthog-cryst/location,7,yes,3,2
https://palworld-chi.vercel.app/en/pal/jormuntide,pal,yes,https://palworld-chi.vercel.app/en/pal/jormuntide,7,yes,2,2
https://palworld-chi.vercel.app/en/pal/jormuntide/breeding,pal-breeding,yes,https://palworld-chi.vercel.app/en/pal/jormuntide/breeding,7,yes,3,2
https://palworld-chi.vercel.app/en/pal/jormuntide/location,pal-location,yes,https://palworld-chi.vercel.app/en/pal/jormuntide/location,7,yes,3,2
https://palworld-chi.vercel.app/en/pal/jormuntide-ignis,pal,yes,https://palworld-chi.vercel.app/en/pal/jormuntide-ignis,7,yes,2,2
https://palworld-chi.vercel.app/en/pal/jormuntide-ignis/breeding,pal-breeding,yes,https://palworld-chi.vercel.app/en/pal/jormuntide-ignis/breeding,7,yes,3,2
https://palworld-chi.vercel.app/en/pal/jormuntide-ignis/location,pal-location,yes,https://palworld-chi.vercel.app/en/pal/jormuntide-ignis/location,7,yes,3,2
https://palworld-chi.vercel.app/en/pal/katress,pal,yes,https://palworld-chi.vercel.app/en/pal/katress,7,yes,2,2
https://palworld-chi.vercel.app/en/pal/katress/breeding,pal-breeding,yes,https://palworld-chi.vercel.app/en/pal/katress/breeding,7,yes,3,2
https://palworld-chi.vercel.app/en/pal/katress/location,pal-location,yes,https://palworld-chi.vercel.app/en/pal/katress/location,7,yes,3,2
https://palworld-chi.vercel.app/en/pal/katress-ignis,pal,yes,https://palworld-chi.vercel.app/en/pal/katress-ignis,7,yes,2,2
https://palworld-chi.vercel.app/en/pal/katress-ignis/breeding,pal-breeding,yes,https://palworld-chi.vercel.app/en/pal/katress-ignis/breeding,7,yes,3,2
https://palworld-chi.vercel.app/en/pal/katress-ignis/location,pal-location,yes,https://palworld-chi.vercel.app/en/pal/katress-ignis/location,7,yes,3,2
https://palworld-chi.vercel.app/en/pal/kelpsea,pal,yes,https://palworld-chi.vercel.app/en/pal/kelpsea,7,yes,2,2
https://palworld-chi.vercel.app/en/pal/kelpsea/breeding,pal-breeding,yes,https://palworld-chi.vercel.app/en/pal/kelpsea/breeding,7,yes,3,2
https://palworld-chi.vercel.app/en/pal/kelpsea/location,pal-location,yes,https://palworld-chi.vercel.app/en/pal/kelpsea/location,7,yes,3,2
https://palworld-chi.vercel.app/en/pal/kelpsea-ignis,pal,yes,https://palworld-chi.vercel.app/en/pal/kelpsea-ignis,7,yes,2,2
https://palworld-chi.vercel.app/en/pal/kelpsea-ignis/breeding,pal-breeding,yes,https://palworld-chi.vercel.app/en/pal/kelpsea-ignis/breeding,7,yes,3,2
https://palworld-chi.vercel.app/en/pal/kelpsea-ignis/location,pal-location,yes,https://palworld-chi.vercel.app/en/pal/kelpsea-ignis/location,7,yes,3,2
https://palworld-chi.vercel.app/en/pal/kikit,pal,yes,https://palworld-chi.vercel.app/en/pal/kikit,7,yes,2,2
https://palworld-chi.vercel.app/en/pal/kikit/breeding,pal-breeding,yes,https://palworld-chi.vercel.app/en/pal/kikit/breeding,7,yes,3,2
https://palworld-chi.vercel.app/en/pal/kikit/location,pal-location,yes,https://palworld-chi.vercel.app/en/pal/kikit/location,7,yes,3,2
https://palworld-chi.vercel.app/en/pal/killamari,pal,yes,https://palworld-chi.vercel.app/en/pal/killamari,7,yes,2,2
https://palworld-chi.vercel.app/en/pal/killamari/breeding,pal-breeding,yes,https://palworld-chi.vercel.app/en/pal/killamari/breeding,7,yes,3,2
https://palworld-chi.vercel.app/en/pal/killamari/location,pal-location,yes,https://palworld-chi.vercel.app/en/pal/killamari/location,7,yes,3,2
https://palworld-chi.vercel.app/en/pal/killamari-primo,pal,yes,https://palworld-chi.vercel.app/en/pal/killamari-primo,7,yes,2,2
https://palworld-chi.vercel.app/en/pal/killamari-primo/breeding,pal-breeding,yes,https://palworld-chi.vercel.app/en/pal/killamari-primo/breeding,7,yes,3,2
https://palworld-chi.vercel.app/en/pal/killamari-primo/location,pal-location,yes,https://palworld-chi.vercel.app/en/pal/killamari-primo/location,7,yes,3,2
https://palworld-chi.vercel.app/en/pal/kingpaca,pal,yes,https://palworld-chi.vercel.app/en/pal/kingpaca,7,yes,2,2
https://palworld-chi.vercel.app/en/pal/kingpaca/breeding,pal-breeding,yes,https://palworld-chi.vercel.app/en/pal/kingpaca/breeding,7,yes,3,2
https://palworld-chi.vercel.app/en/pal/kingpaca/location,pal-location,yes,https://palworld-chi.vercel.app/en/pal/kingpaca/location,7,yes,3,2
https://palworld-chi.vercel.app/en/pal/kingpaca-cryst,pal,yes,https://palworld-chi.vercel.app/en/pal/kingpaca-cryst,7,yes,2,2
https://palworld-chi.vercel.app/en/pal/kingpaca-cryst/breeding,pal-breeding,yes,https://palworld-chi.vercel.app/en/pal/kingpaca-cryst/breeding,7,yes,3,2
https://palworld-chi.vercel.app/en/pal/kingpaca-cryst/location,pal-location,yes,https://palworld-chi.vercel.app/en/pal/kingpaca-cryst/location,7,yes,3,2
https://palworld-chi.vercel.app/en/pal/kitsun,pal,yes,https://palworld-chi.vercel.app/en/pal/kitsun,7,yes,2,2
https://palworld-chi.vercel.app/en/pal/kitsun/breeding,pal-breeding,yes,https://palworld-chi.vercel.app/en/pal/kitsun/breeding,7,yes,3,2
https://palworld-chi.vercel.app/en/pal/kitsun/location,pal-location,yes,https://palworld-chi.vercel.app/en/pal/kitsun/location,7,yes,3,2
https://palworld-chi.vercel.app/en/pal/kitsun-noct,pal,yes,https://palworld-chi.vercel.app/en/pal/kitsun-noct,7,yes,2,2
https://palworld-chi.vercel.app/en/pal/kitsun-noct/breeding,pal-breeding,yes,https://palworld-chi.vercel.app/en/pal/kitsun-noct/breeding,7,yes,3,2
https://palworld-chi.vercel.app/en/pal/kitsun-noct/location,pal-location,yes,https://palworld-chi.vercel.app/en/pal/kitsun-noct/location,7,yes,3,2
https://palworld-chi.vercel.app/en/pal/knocklem,pal,yes,https://palworld-chi.vercel.app/en/pal/knocklem,7,yes,2,2
https://palworld-chi.vercel.app/en/pal/knocklem/breeding,pal-breeding,yes,https://palworld-chi.vercel.app/en/pal/knocklem/breeding,7,yes,3,2
https://palworld-chi.vercel.app/en/pal/knocklem/location,pal-location,yes,https://palworld-chi.vercel.app/en/pal/knocklem/location,7,yes,3,2
https://palworld-chi.vercel.app/en/pal/knocklem-ignis,pal,yes,https://palworld-chi.vercel.app/en/pal/knocklem-ignis,7,yes,2,2
https://palworld-chi.vercel.app/en/pal/knocklem-ignis/breeding,pal-breeding,yes,https://palworld-chi.vercel.app/en/pal/knocklem-ignis/breeding,7,yes,3,2
https://palworld-chi.vercel.app/en/pal/knocklem-ignis/location,pal-location,yes,https://palworld-chi.vercel.app/en/pal/knocklem-ignis/location,7,yes,3,2
https://palworld-chi.vercel.app/en/pal/lamball,pal,yes,https://palworld-chi.vercel.app/en/pal/lamball,7,yes,2,2
https://palworld-chi.vercel.app/en/pal/lamball/breeding,pal-breeding,yes,https://palworld-chi.vercel.app/en/pal/lamball/breeding,7,yes,3,2
https://palworld-chi.vercel.app/en/pal/lamball/location,pal-location,yes,https://palworld-chi.vercel.app/en/pal/lamball/location,7,yes,3,2
https://palworld-chi.vercel.app/en/pal/lapiron,pal,yes,https://palworld-chi.vercel.app/en/pal/lapiron,7,yes,2,2
https://palworld-chi.vercel.app/en/pal/lapiron/breeding,pal-breeding,yes,https://palworld-chi.vercel.app/en/pal/lapiron/breeding,7,yes,3,2
https://palworld-chi.vercel.app/en/pal/lapiron/location,pal-location,yes,https://palworld-chi.vercel.app/en/pal/lapiron/location,7,yes,3,2
https://palworld-chi.vercel.app/en/pal/lapure,pal,yes,https://palworld-chi.vercel.app/en/pal/lapure,7,yes,2,2
https://palworld-chi.vercel.app/en/pal/lapure/breeding,pal-breeding,yes,https://palworld-chi.vercel.app/en/pal/lapure/breeding,7,yes,3,2
https://palworld-chi.vercel.app/en/pal/lapure/location,pal-location,yes,https://palworld-chi.vercel.app/en/pal/lapure/location,7,yes,3,2
https://palworld-chi.vercel.app/en/pal/leafan,pal,yes,https://palworld-chi.vercel.app/en/pal/leafan,7,yes,2,2
https://palworld-chi.vercel.app/en/pal/leafan/breeding,pal-breeding,yes,https://palworld-chi.vercel.app/en/pal/leafan/breeding,7,yes,3,2
https://palworld-chi.vercel.app/en/pal/leafan/location,pal-location,yes,https://palworld-chi.vercel.app/en/pal/leafan/location,7,yes,3,2
https://palworld-chi.vercel.app/en/pal/leezpunk,pal,yes,https://palworld-chi.vercel.app/en/pal/leezpunk,7,yes,2,2
https://palworld-chi.vercel.app/en/pal/leezpunk/breeding,pal-breeding,yes,https://palworld-chi.vercel.app/en/pal/leezpunk/breeding,7,yes,3,2
https://palworld-chi.vercel.app/en/pal/leezpunk/location,pal-location,yes,https://palworld-chi.vercel.app/en/pal/leezpunk/location,7,yes,3,2
https://palworld-chi.vercel.app/en/pal/leezpunk-ignis,pal,yes,https://palworld-chi.vercel.app/en/pal/leezpunk-ignis,7,yes,2,2
https://palworld-chi.vercel.app/en/pal/leezpunk-ignis/breeding,pal-breeding,yes,https://palworld-chi.vercel.app/en/pal/leezpunk-ignis/breeding,7,yes,3,2
https://palworld-chi.vercel.app/en/pal/leezpunk-ignis/location,pal-location,yes,https://palworld-chi.vercel.app/en/pal/leezpunk-ignis/location,7,yes,3,2
https://palworld-chi.vercel.app/en/pal/lifmunk,pal,yes,https://palworld-chi.vercel.app/en/pal/lifmunk,7,yes,2,2
https://palworld-chi.vercel.app/en/pal/lifmunk/breeding,pal-breeding,yes,https://palworld-chi.vercel.app/en/pal/lifmunk/breeding,7,yes,3,2
https://palworld-chi.vercel.app/en/pal/lifmunk/location,pal-location,yes,https://palworld-chi.vercel.app/en/pal/lifmunk/location,7,yes,3,2
https://palworld-chi.vercel.app/en/pal/loomen,pal,yes,https://palworld-chi.vercel.app/en/pal/loomen,7,yes,2,2
https://palworld-chi.vercel.app/en/pal/loomen/breeding,pal-breeding,yes,https://palworld-chi.vercel.app/en/pal/loomen/breeding,7,yes,3,2
https://palworld-chi.vercel.app/en/pal/loomen/location,pal-location,yes,https://palworld-chi.vercel.app/en/pal/loomen/location,7,yes,3,2
https://palworld-chi.vercel.app/en/pal/loupmoon,pal,yes,https://palworld-chi.vercel.app/en/pal/loupmoon,7,yes,2,2
https://palworld-chi.vercel.app/en/pal/loupmoon/breeding,pal-breeding,yes,https://palworld-chi.vercel.app/en/pal/loupmoon/breeding,7,yes,3,2
https://palworld-chi.vercel.app/en/pal/loupmoon/location,pal-location,yes,https://palworld-chi.vercel.app/en/pal/loupmoon/location,7,yes,3,2
https://palworld-chi.vercel.app/en/pal/loupmoon-cryst,pal,yes,https://palworld-chi.vercel.app/en/pal/loupmoon-cryst,7,yes,2,2
https://palworld-chi.vercel.app/en/pal/loupmoon-cryst/breeding,pal-breeding,yes,https://palworld-chi.vercel.app/en/pal/loupmoon-cryst/breeding,7,yes,3,2
https://palworld-chi.vercel.app/en/pal/loupmoon-cryst/location,pal-location,yes,https://palworld-chi.vercel.app/en/pal/loupmoon-cryst/location,7,yes,3,2
https://palworld-chi.vercel.app/en/pal/lovander,pal,yes,https://palworld-chi.vercel.app/en/pal/lovander,7,yes,2,2
https://palworld-chi.vercel.app/en/pal/lovander/breeding,pal-breeding,yes,https://palworld-chi.vercel.app/en/pal/lovander/breeding,7,yes,3,2
https://palworld-chi.vercel.app/en/pal/lovander/location,pal-location,yes,https://palworld-chi.vercel.app/en/pal/lovander/location,7,yes,3,2
https://palworld-chi.vercel.app/en/pal/lullu,pal,yes,https://palworld-chi.vercel.app/en/pal/lullu,7,yes,2,2
https://palworld-chi.vercel.app/en/pal/lullu/breeding,pal-breeding,yes,https://palworld-chi.vercel.app/en/pal/lullu/breeding,7,yes,3,2
https://palworld-chi.vercel.app/en/pal/lullu/location,pal-location,yes,https://palworld-chi.vercel.app/en/pal/lullu/location,7,yes,3,2
https://palworld-chi.vercel.app/en/pal/lunaris,pal,yes,https://palworld-chi.vercel.app/en/pal/lunaris,7,yes,2,2
https://palworld-chi.vercel.app/en/pal/lunaris/breeding,pal-breeding,yes,https://palworld-chi.vercel.app/en/pal/lunaris/breeding,7,yes,3,2
https://palworld-chi.vercel.app/en/pal/lunaris/location,pal-location,yes,https://palworld-chi.vercel.app/en/pal/lunaris/location,7,yes,3,2
https://palworld-chi.vercel.app/en/pal/lyleen,pal,yes,https://palworld-chi.vercel.app/en/pal/lyleen,7,yes,3,3
https://palworld-chi.vercel.app/en/pal/lyleen/breeding,pal-breeding,yes,https://palworld-chi.vercel.app/en/pal/lyleen/breeding,7,yes,3,2
https://palworld-chi.vercel.app/en/pal/lyleen/location,pal-location,yes,https://palworld-chi.vercel.app/en/pal/lyleen/location,7,yes,3,2
https://palworld-chi.vercel.app/en/pal/lyleen-noct,pal,yes,https://palworld-chi.vercel.app/en/pal/lyleen-noct,7,yes,2,2
https://palworld-chi.vercel.app/en/pal/lyleen-noct/breeding,pal-breeding,yes,https://palworld-chi.vercel.app/en/pal/lyleen-noct/breeding,7,yes,3,2
https://palworld-chi.vercel.app/en/pal/lyleen-noct/location,pal-location,yes,https://palworld-chi.vercel.app/en/pal/lyleen-noct/location,7,yes,3,2
https://palworld-chi.vercel.app/en/pal/majex,pal,yes,https://palworld-chi.vercel.app/en/pal/majex,7,yes,2,2
https://palworld-chi.vercel.app/en/pal/majex/breeding,pal-breeding,yes,https://palworld-chi.vercel.app/en/pal/majex/breeding,7,yes,3,2
https://palworld-chi.vercel.app/en/pal/majex/location,pal-location,yes,https://palworld-chi.vercel.app/en/pal/majex/location,7,yes,3,2
https://palworld-chi.vercel.app/en/pal/mammorest,pal,yes,https://palworld-chi.vercel.app/en/pal/mammorest,7,yes,2,2
https://palworld-chi.vercel.app/en/pal/mammorest/breeding,pal-breeding,yes,https://palworld-chi.vercel.app/en/pal/mammorest/breeding,7,yes,3,2
https://palworld-chi.vercel.app/en/pal/mammorest/location,pal-location,yes,https://palworld-chi.vercel.app/en/pal/mammorest/location,7,yes,3,2
https://palworld-chi.vercel.app/en/pal/mammorest-cryst,pal,yes,https://palworld-chi.vercel.app/en/pal/mammorest-cryst,7,yes,2,2
https://palworld-chi.vercel.app/en/pal/mammorest-cryst/breeding,pal-breeding,yes,https://palworld-chi.vercel.app/en/pal/mammorest-cryst/breeding,7,yes,3,2
https://palworld-chi.vercel.app/en/pal/mammorest-cryst/location,pal-location,yes,https://palworld-chi.vercel.app/en/pal/mammorest-cryst/location,7,yes,3,2
https://palworld-chi.vercel.app/en/pal/maraith,pal,yes,https://palworld-chi.vercel.app/en/pal/maraith,7,yes,2,2
https://palworld-chi.vercel.app/en/pal/maraith/breeding,pal-breeding,yes,https://palworld-chi.vercel.app/en/pal/maraith/breeding,7,yes,3,2
https://palworld-chi.vercel.app/en/pal/maraith/location,pal-location,yes,https://palworld-chi.vercel.app/en/pal/maraith/location,7,yes,3,2
https://palworld-chi.vercel.app/en/pal/mau,pal,yes,https://palworld-chi.vercel.app/en/pal/mau,7,yes,2,2
https://palworld-chi.vercel.app/en/pal/mau/breeding,pal-breeding,yes,https://palworld-chi.vercel.app/en/pal/mau/breeding,7,yes,3,2
https://palworld-chi.vercel.app/en/pal/mau/location,pal-location,yes,https://palworld-chi.vercel.app/en/pal/mau/location,7,yes,3,2
https://palworld-chi.vercel.app/en/pal/mau-cryst,pal,yes,https://palworld-chi.vercel.app/en/pal/mau-cryst,7,yes,2,2
https://palworld-chi.vercel.app/en/pal/mau-cryst/breeding,pal-breeding,yes,https://palworld-chi.vercel.app/en/pal/mau-cryst/breeding,7,yes,3,2
https://palworld-chi.vercel.app/en/pal/mau-cryst/location,pal-location,yes,https://palworld-chi.vercel.app/en/pal/mau-cryst/location,7,yes,3,2
https://palworld-chi.vercel.app/en/pal/melpaca,pal,yes,https://palworld-chi.vercel.app/en/pal/melpaca,7,yes,2,2
https://palworld-chi.vercel.app/en/pal/melpaca/breeding,pal-breeding,yes,https://palworld-chi.vercel.app/en/pal/melpaca/breeding,7,yes,3,2
https://palworld-chi.vercel.app/en/pal/melpaca/location,pal-location,yes,https://palworld-chi.vercel.app/en/pal/melpaca/location,7,yes,3,2
https://palworld-chi.vercel.app/en/pal/menasting,pal,yes,https://palworld-chi.vercel.app/en/pal/menasting,7,yes,2,2
https://palworld-chi.vercel.app/en/pal/menasting/breeding,pal-breeding,yes,https://palworld-chi.vercel.app/en/pal/menasting/breeding,7,yes,3,2
https://palworld-chi.vercel.app/en/pal/menasting/location,pal-location,yes,https://palworld-chi.vercel.app/en/pal/menasting/location,7,yes,3,2
https://palworld-chi.vercel.app/en/pal/menasting-terra,pal,yes,https://palworld-chi.vercel.app/en/pal/menasting-terra,7,yes,2,2
https://palworld-chi.vercel.app/en/pal/menasting-terra/breeding,pal-breeding,yes,https://palworld-chi.vercel.app/en/pal/menasting-terra/breeding,7,yes,3,2
https://palworld-chi.vercel.app/en/pal/menasting-terra/location,pal-location,yes,https://palworld-chi.vercel.app/en/pal/menasting-terra/location,7,yes,3,2
https://palworld-chi.vercel.app/en/pal/mimog,pal,yes,https://palworld-chi.vercel.app/en/pal/mimog,7,yes,2,2
https://palworld-chi.vercel.app/en/pal/mimog/breeding,pal-breeding,yes,https://palworld-chi.vercel.app/en/pal/mimog/breeding,7,yes,3,2
https://palworld-chi.vercel.app/en/pal/mimog/location,pal-location,yes,https://palworld-chi.vercel.app/en/pal/mimog/location,7,yes,3,2
https://palworld-chi.vercel.app/en/pal/moldron,pal,yes,https://palworld-chi.vercel.app/en/pal/moldron,7,yes,2,2
https://palworld-chi.vercel.app/en/pal/moldron/breeding,pal-breeding,yes,https://palworld-chi.vercel.app/en/pal/moldron/breeding,7,yes,3,2
https://palworld-chi.vercel.app/en/pal/moldron/location,pal-location,yes,https://palworld-chi.vercel.app/en/pal/moldron/location,7,yes,3,2
https://palworld-chi.vercel.app/en/pal/moldron-cryst,pal,yes,https://palworld-chi.vercel.app/en/pal/moldron-cryst,7,yes,2,2
https://palworld-chi.vercel.app/en/pal/moldron-cryst/breeding,pal-breeding,yes,https://palworld-chi.vercel.app/en/pal/moldron-cryst/breeding,7,yes,3,2
https://palworld-chi.vercel.app/en/pal/moldron-cryst/location,pal-location,yes,https://palworld-chi.vercel.app/en/pal/moldron-cryst/location,7,yes,3,2
https://palworld-chi.vercel.app/en/pal/mossanda,pal,yes,https://palworld-chi.vercel.app/en/pal/mossanda,7,yes,2,2
https://palworld-chi.vercel.app/en/pal/mossanda/breeding,pal-breeding,yes,https://palworld-chi.vercel.app/en/pal/mossanda/breeding,7,yes,3,2
https://palworld-chi.vercel.app/en/pal/mossanda/location,pal-location,yes,https://palworld-chi.vercel.app/en/pal/mossanda/location,7,yes,3,2
https://palworld-chi.vercel.app/en/pal/mossanda-lux,pal,yes,https://palworld-chi.vercel.app/en/pal/mossanda-lux,7,yes,2,2
https://palworld-chi.vercel.app/en/pal/mossanda-lux/breeding,pal-breeding,yes,https://palworld-chi.vercel.app/en/pal/mossanda-lux/breeding,7,yes,3,2
https://palworld-chi.vercel.app/en/pal/mossanda-lux/location,pal-location,yes,https://palworld-chi.vercel.app/en/pal/mossanda-lux/location,7,yes,3,2
https://palworld-chi.vercel.app/en/pal/mozzarina,pal,yes,https://palworld-chi.vercel.app/en/pal/mozzarina,7,yes,2,2
https://palworld-chi.vercel.app/en/pal/mozzarina/breeding,pal-breeding,yes,https://palworld-chi.vercel.app/en/pal/mozzarina/breeding,7,yes,3,2
https://palworld-chi.vercel.app/en/pal/mozzarina/location,pal-location,yes,https://palworld-chi.vercel.app/en/pal/mozzarina/location,7,yes,3,2
https://palworld-chi.vercel.app/en/pal/muffly,pal,yes,https://palworld-chi.vercel.app/en/pal/muffly,7,yes,2,2
https://palworld-chi.vercel.app/en/pal/muffly/breeding,pal-breeding,yes,https://palworld-chi.vercel.app/en/pal/muffly/breeding,7,yes,3,2
https://palworld-chi.vercel.app/en/pal/muffly/location,pal-location,yes,https://palworld-chi.vercel.app/en/pal/muffly/location,7,yes,3,2
https://palworld-chi.vercel.app/en/pal/munchill,pal,yes,https://palworld-chi.vercel.app/en/pal/munchill,7,yes,2,2
https://palworld-chi.vercel.app/en/pal/munchill/breeding,pal-breeding,yes,https://palworld-chi.vercel.app/en/pal/munchill/breeding,7,yes,3,2
https://palworld-chi.vercel.app/en/pal/munchill/location,pal-location,yes,https://palworld-chi.vercel.app/en/pal/munchill/location,7,yes,3,2
https://palworld-chi.vercel.app/en/pal/mycora,pal,yes,https://palworld-chi.vercel.app/en/pal/mycora,7,yes,2,2
https://palworld-chi.vercel.app/en/pal/mycora/breeding,pal-breeding,yes,https://palworld-chi.vercel.app/en/pal/mycora/breeding,7,yes,3,2
https://palworld-chi.vercel.app/en/pal/mycora/location,pal-location,yes,https://palworld-chi.vercel.app/en/pal/mycora/location,7,yes,3,2
https://palworld-chi.vercel.app/en/pal/necromus,pal,yes,https://palworld-chi.vercel.app/en/pal/necromus,7,yes,2,2
https://palworld-chi.vercel.app/en/pal/necromus/breeding,pal-breeding,yes,https://palworld-chi.vercel.app/en/pal/necromus/breeding,7,yes,3,2
https://palworld-chi.vercel.app/en/pal/necromus/location,pal-location,yes,https://palworld-chi.vercel.app/en/pal/necromus/location,7,yes,3,2
https://palworld-chi.vercel.app/en/pal/needoll,pal,yes,https://palworld-chi.vercel.app/en/pal/needoll,7,yes,2,2
https://palworld-chi.vercel.app/en/pal/needoll/breeding,pal-breeding,yes,https://palworld-chi.vercel.app/en/pal/needoll/breeding,7,yes,3,2
https://palworld-chi.vercel.app/en/pal/needoll/location,pal-location,yes,https://palworld-chi.vercel.app/en/pal/needoll/location,7,yes,3,2
https://palworld-chi.vercel.app/en/pal/needoll-noct,pal,yes,https://palworld-chi.vercel.app/en/pal/needoll-noct,7,yes,2,2
https://palworld-chi.vercel.app/en/pal/needoll-noct/breeding,pal-breeding,yes,https://palworld-chi.vercel.app/en/pal/needoll-noct/breeding,7,yes,3,2
https://palworld-chi.vercel.app/en/pal/needoll-noct/location,pal-location,yes,https://palworld-chi.vercel.app/en/pal/needoll-noct/location,7,yes,3,2
https://palworld-chi.vercel.app/en/pal/neptilius,pal,yes,https://palworld-chi.vercel.app/en/pal/neptilius,7,yes,2,2
https://palworld-chi.vercel.app/en/pal/neptilius/breeding,pal-breeding,yes,https://palworld-chi.vercel.app/en/pal/neptilius/breeding,7,yes,3,2
https://palworld-chi.vercel.app/en/pal/neptilius/location,pal-location,yes,https://palworld-chi.vercel.app/en/pal/neptilius/location,7,yes,3,2
https://palworld-chi.vercel.app/en/pal/nitemary,pal,yes,https://palworld-chi.vercel.app/en/pal/nitemary,7,yes,2,2
https://palworld-chi.vercel.app/en/pal/nitemary/breeding,pal-breeding,yes,https://palworld-chi.vercel.app/en/pal/nitemary/breeding,7,yes,3,2
https://palworld-chi.vercel.app/en/pal/nitemary/location,pal-location,yes,https://palworld-chi.vercel.app/en/pal/nitemary/location,7,yes,3,2
https://palworld-chi.vercel.app/en/pal/nitemary-botan,pal,yes,https://palworld-chi.vercel.app/en/pal/nitemary-botan,7,yes,2,2
https://palworld-chi.vercel.app/en/pal/nitemary-botan/breeding,pal-breeding,yes,https://palworld-chi.vercel.app/en/pal/nitemary-botan/breeding,7,yes,3,2
https://palworld-chi.vercel.app/en/pal/nitemary-botan/location,pal-location,yes,https://palworld-chi.vercel.app/en/pal/nitemary-botan/location,7,yes,3,2
https://palworld-chi.vercel.app/en/pal/nitewing,pal,yes,https://palworld-chi.vercel.app/en/pal/nitewing,7,yes,2,2
https://palworld-chi.vercel.app/en/pal/nitewing/breeding,pal-breeding,yes,https://palworld-chi.vercel.app/en/pal/nitewing/breeding,7,yes,3,2
https://palworld-chi.vercel.app/en/pal/nitewing/location,pal-location,yes,https://palworld-chi.vercel.app/en/pal/nitewing/location,7,yes,3,2
https://palworld-chi.vercel.app/en/pal/nox,pal,yes,https://palworld-chi.vercel.app/en/pal/nox,7,yes,2,2
https://palworld-chi.vercel.app/en/pal/nox/breeding,pal-breeding,yes,https://palworld-chi.vercel.app/en/pal/nox/breeding,7,yes,3,2
https://palworld-chi.vercel.app/en/pal/nox/location,pal-location,yes,https://palworld-chi.vercel.app/en/pal/nox/location,7,yes,3,2
https://palworld-chi.vercel.app/en/pal/nyafia,pal,yes,https://palworld-chi.vercel.app/en/pal/nyafia,7,yes,2,2
https://palworld-chi.vercel.app/en/pal/nyafia/breeding,pal-breeding,yes,https://palworld-chi.vercel.app/en/pal/nyafia/breeding,7,yes,3,2
https://palworld-chi.vercel.app/en/pal/nyafia/location,pal-location,yes,https://palworld-chi.vercel.app/en/pal/nyafia/location,7,yes,3,2
https://palworld-chi.vercel.app/en/pal/omascul,pal,yes,https://palworld-chi.vercel.app/en/pal/omascul,7,yes,2,2
https://palworld-chi.vercel.app/en/pal/omascul/breeding,pal-breeding,yes,https://palworld-chi.vercel.app/en/pal/omascul/breeding,7,yes,3,2
https://palworld-chi.vercel.app/en/pal/omascul/location,pal-location,yes,https://palworld-chi.vercel.app/en/pal/omascul/location,7,yes,3,2
https://palworld-chi.vercel.app/en/pal/ophydia,pal,yes,https://palworld-chi.vercel.app/en/pal/ophydia,7,yes,2,2
https://palworld-chi.vercel.app/en/pal/ophydia/breeding,pal-breeding,yes,https://palworld-chi.vercel.app/en/pal/ophydia/breeding,7,yes,3,2
https://palworld-chi.vercel.app/en/pal/ophydia/location,pal-location,yes,https://palworld-chi.vercel.app/en/pal/ophydia/location,7,yes,3,2
https://palworld-chi.vercel.app/en/pal/orserk,pal,yes,https://palworld-chi.vercel.app/en/pal/orserk,7,yes,3,3
https://palworld-chi.vercel.app/en/pal/orserk/breeding,pal-breeding,yes,https://palworld-chi.vercel.app/en/pal/orserk/breeding,7,yes,3,2
https://palworld-chi.vercel.app/en/pal/orserk/location,pal-location,yes,https://palworld-chi.vercel.app/en/pal/orserk/location,7,yes,3,2
https://palworld-chi.vercel.app/en/pal/paladius,pal,yes,https://palworld-chi.vercel.app/en/pal/paladius,7,yes,2,2
https://palworld-chi.vercel.app/en/pal/paladius/breeding,pal-breeding,yes,https://palworld-chi.vercel.app/en/pal/paladius/breeding,7,yes,3,2
https://palworld-chi.vercel.app/en/pal/paladius/location,pal-location,yes,https://palworld-chi.vercel.app/en/pal/paladius/location,7,yes,3,2
https://palworld-chi.vercel.app/en/pal/palumba,pal,yes,https://palworld-chi.vercel.app/en/pal/palumba,7,yes,2,2
https://palworld-chi.vercel.app/en/pal/palumba/breeding,pal-breeding,yes,https://palworld-chi.vercel.app/en/pal/palumba/breeding,7,yes,3,2
https://palworld-chi.vercel.app/en/pal/palumba/location,pal-location,yes,https://palworld-chi.vercel.app/en/pal/palumba/location,7,yes,3,2
https://palworld-chi.vercel.app/en/pal/panthalus,pal,yes,https://palworld-chi.vercel.app/en/pal/panthalus,7,yes,2,2
https://palworld-chi.vercel.app/en/pal/panthalus/breeding,pal-breeding,yes,https://palworld-chi.vercel.app/en/pal/panthalus/breeding,7,yes,3,2
https://palworld-chi.vercel.app/en/pal/panthalus/location,pal-location,yes,https://palworld-chi.vercel.app/en/pal/panthalus/location,7,yes,3,2
https://palworld-chi.vercel.app/en/pal/pengullet,pal,yes,https://palworld-chi.vercel.app/en/pal/pengullet,7,yes,2,2
https://palworld-chi.vercel.app/en/pal/pengullet/breeding,pal-breeding,yes,https://palworld-chi.vercel.app/en/pal/pengullet/breeding,7,yes,3,2
https://palworld-chi.vercel.app/en/pal/pengullet/location,pal-location,yes,https://palworld-chi.vercel.app/en/pal/pengullet/location,7,yes,3,2
https://palworld-chi.vercel.app/en/pal/pengullet-lux,pal,yes,https://palworld-chi.vercel.app/en/pal/pengullet-lux,7,yes,2,2
https://palworld-chi.vercel.app/en/pal/pengullet-lux/breeding,pal-breeding,yes,https://palworld-chi.vercel.app/en/pal/pengullet-lux/breeding,7,yes,3,2
https://palworld-chi.vercel.app/en/pal/pengullet-lux/location,pal-location,yes,https://palworld-chi.vercel.app/en/pal/pengullet-lux/location,7,yes,3,2
https://palworld-chi.vercel.app/en/pal/penking,pal,yes,https://palworld-chi.vercel.app/en/pal/penking,7,yes,2,2
https://palworld-chi.vercel.app/en/pal/penking/breeding,pal-breeding,yes,https://palworld-chi.vercel.app/en/pal/penking/breeding,7,yes,3,2
https://palworld-chi.vercel.app/en/pal/penking/location,pal-location,yes,https://palworld-chi.vercel.app/en/pal/penking/location,7,yes,3,2
https://palworld-chi.vercel.app/en/pal/penking-lux,pal,yes,https://palworld-chi.vercel.app/en/pal/penking-lux,7,yes,2,2
https://palworld-chi.vercel.app/en/pal/penking-lux/breeding,pal-breeding,yes,https://palworld-chi.vercel.app/en/pal/penking-lux/breeding,7,yes,3,2
https://palworld-chi.vercel.app/en/pal/penking-lux/location,pal-location,yes,https://palworld-chi.vercel.app/en/pal/penking-lux/location,7,yes,3,2
https://palworld-chi.vercel.app/en/pal/petallia,pal,yes,https://palworld-chi.vercel.app/en/pal/petallia,7,yes,2,2
https://palworld-chi.vercel.app/en/pal/petallia/breeding,pal-breeding,yes,https://palworld-chi.vercel.app/en/pal/petallia/breeding,7,yes,3,2
https://palworld-chi.vercel.app/en/pal/petallia/location,pal-location,yes,https://palworld-chi.vercel.app/en/pal/petallia/location,7,yes,3,2
https://palworld-chi.vercel.app/en/pal/petallia-ignis,pal,yes,https://palworld-chi.vercel.app/en/pal/petallia-ignis,7,yes,2,2
https://palworld-chi.vercel.app/en/pal/petallia-ignis/breeding,pal-breeding,yes,https://palworld-chi.vercel.app/en/pal/petallia-ignis/breeding,7,yes,3,2
https://palworld-chi.vercel.app/en/pal/petallia-ignis/location,pal-location,yes,https://palworld-chi.vercel.app/en/pal/petallia-ignis/location,7,yes,3,2
https://palworld-chi.vercel.app/en/pal/pierdon,pal,yes,https://palworld-chi.vercel.app/en/pal/pierdon,7,yes,2,2
https://palworld-chi.vercel.app/en/pal/pierdon/breeding,pal-breeding,yes,https://palworld-chi.vercel.app/en/pal/pierdon/breeding,7,yes,3,2
https://palworld-chi.vercel.app/en/pal/pierdon/location,pal-location,yes,https://palworld-chi.vercel.app/en/pal/pierdon/location,7,yes,3,2
https://palworld-chi.vercel.app/en/pal/pierdon-cryst,pal,yes,https://palworld-chi.vercel.app/en/pal/pierdon-cryst,7,yes,2,2
https://palworld-chi.vercel.app/en/pal/pierdon-cryst/breeding,pal-breeding,yes,https://palworld-chi.vercel.app/en/pal/pierdon-cryst/breeding,7,yes,3,2
https://palworld-chi.vercel.app/en/pal/pierdon-cryst/location,pal-location,yes,https://palworld-chi.vercel.app/en/pal/pierdon-cryst/location,7,yes,3,2
https://palworld-chi.vercel.app/en/pal/polapup,pal,yes,https://palworld-chi.vercel.app/en/pal/polapup,7,yes,2,2
https://palworld-chi.vercel.app/en/pal/polapup/breeding,pal-breeding,yes,https://palworld-chi.vercel.app/en/pal/polapup/breeding,7,yes,3,2
https://palworld-chi.vercel.app/en/pal/polapup/location,pal-location,yes,https://palworld-chi.vercel.app/en/pal/polapup/location,7,yes,3,2
https://palworld-chi.vercel.app/en/pal/polapup-terra,pal,yes,https://palworld-chi.vercel.app/en/pal/polapup-terra,7,yes,2,2
https://palworld-chi.vercel.app/en/pal/polapup-terra/breeding,pal-breeding,yes,https://palworld-chi.vercel.app/en/pal/polapup-terra/breeding,7,yes,3,2
https://palworld-chi.vercel.app/en/pal/polapup-terra/location,pal-location,yes,https://palworld-chi.vercel.app/en/pal/polapup-terra/location,7,yes,3,2
https://palworld-chi.vercel.app/en/pal/prixter,pal,yes,https://palworld-chi.vercel.app/en/pal/prixter,7,yes,2,2
https://palworld-chi.vercel.app/en/pal/prixter/breeding,pal-breeding,yes,https://palworld-chi.vercel.app/en/pal/prixter/breeding,7,yes,3,2
https://palworld-chi.vercel.app/en/pal/prixter/location,pal-location,yes,https://palworld-chi.vercel.app/en/pal/prixter/location,7,yes,3,2
https://palworld-chi.vercel.app/en/pal/prixter-lux,pal,yes,https://palworld-chi.vercel.app/en/pal/prixter-lux,7,yes,2,2
https://palworld-chi.vercel.app/en/pal/prixter-lux/breeding,pal-breeding,yes,https://palworld-chi.vercel.app/en/pal/prixter-lux/breeding,7,yes,3,2
https://palworld-chi.vercel.app/en/pal/prixter-lux/location,pal-location,yes,https://palworld-chi.vercel.app/en/pal/prixter-lux/location,7,yes,3,2
https://palworld-chi.vercel.app/en/pal/prunelia,pal,yes,https://palworld-chi.vercel.app/en/pal/prunelia,7,yes,2,2
https://palworld-chi.vercel.app/en/pal/prunelia/breeding,pal-breeding,yes,https://palworld-chi.vercel.app/en/pal/prunelia/breeding,7,yes,3,2
https://palworld-chi.vercel.app/en/pal/prunelia/location,pal-location,yes,https://palworld-chi.vercel.app/en/pal/prunelia/location,7,yes,3,2
https://palworld-chi.vercel.app/en/pal/puffolt,pal,yes,https://palworld-chi.vercel.app/en/pal/puffolt,7,yes,2,2
https://palworld-chi.vercel.app/en/pal/puffolt/breeding,pal-breeding,yes,https://palworld-chi.vercel.app/en/pal/puffolt/breeding,7,yes,3,2
https://palworld-chi.vercel.app/en/pal/puffolt/location,pal-location,yes,https://palworld-chi.vercel.app/en/pal/puffolt/location,7,yes,3,2
https://palworld-chi.vercel.app/en/pal/pupperai,pal,yes,https://palworld-chi.vercel.app/en/pal/pupperai,7,yes,2,2
https://palworld-chi.vercel.app/en/pal/pupperai/breeding,pal-breeding,yes,https://palworld-chi.vercel.app/en/pal/pupperai/breeding,7,yes,3,2
https://palworld-chi.vercel.app/en/pal/pupperai/location,pal-location,yes,https://palworld-chi.vercel.app/en/pal/pupperai/location,7,yes,3,2
https://palworld-chi.vercel.app/en/pal/pyrin,pal,yes,https://palworld-chi.vercel.app/en/pal/pyrin,7,yes,2,2
https://palworld-chi.vercel.app/en/pal/pyrin/breeding,pal-breeding,yes,https://palworld-chi.vercel.app/en/pal/pyrin/breeding,7,yes,3,2
https://palworld-chi.vercel.app/en/pal/pyrin/location,pal-location,yes,https://palworld-chi.vercel.app/en/pal/pyrin/location,7,yes,3,2
https://palworld-chi.vercel.app/en/pal/pyrin-noct,pal,yes,https://palworld-chi.vercel.app/en/pal/pyrin-noct,7,yes,2,2
https://palworld-chi.vercel.app/en/pal/pyrin-noct/breeding,pal-breeding,yes,https://palworld-chi.vercel.app/en/pal/pyrin-noct/breeding,7,yes,3,2
https://palworld-chi.vercel.app/en/pal/pyrin-noct/location,pal-location,yes,https://palworld-chi.vercel.app/en/pal/pyrin-noct/location,7,yes,3,2
https://palworld-chi.vercel.app/en/pal/quivern,pal,yes,https://palworld-chi.vercel.app/en/pal/quivern,7,yes,2,2
https://palworld-chi.vercel.app/en/pal/quivern/breeding,pal-breeding,yes,https://palworld-chi.vercel.app/en/pal/quivern/breeding,7,yes,3,2
https://palworld-chi.vercel.app/en/pal/quivern/location,pal-location,yes,https://palworld-chi.vercel.app/en/pal/quivern/location,7,yes,3,2
https://palworld-chi.vercel.app/en/pal/quivern-botan,pal,yes,https://palworld-chi.vercel.app/en/pal/quivern-botan,7,yes,2,2
https://palworld-chi.vercel.app/en/pal/quivern-botan/breeding,pal-breeding,yes,https://palworld-chi.vercel.app/en/pal/quivern-botan/breeding,7,yes,3,2
https://palworld-chi.vercel.app/en/pal/quivern-botan/location,pal-location,yes,https://palworld-chi.vercel.app/en/pal/quivern-botan/location,7,yes,3,2
https://palworld-chi.vercel.app/en/pal/ragnahawk,pal,yes,https://palworld-chi.vercel.app/en/pal/ragnahawk,7,yes,2,2
https://palworld-chi.vercel.app/en/pal/ragnahawk/breeding,pal-breeding,yes,https://palworld-chi.vercel.app/en/pal/ragnahawk/breeding,7,yes,3,2
https://palworld-chi.vercel.app/en/pal/ragnahawk/location,pal-location,yes,https://palworld-chi.vercel.app/en/pal/ragnahawk/location,7,yes,3,2
https://palworld-chi.vercel.app/en/pal/rayhound,pal,yes,https://palworld-chi.vercel.app/en/pal/rayhound,7,yes,2,2
https://palworld-chi.vercel.app/en/pal/rayhound/breeding,pal-breeding,yes,https://palworld-chi.vercel.app/en/pal/rayhound/breeding,7,yes,3,2
https://palworld-chi.vercel.app/en/pal/rayhound/location,pal-location,yes,https://palworld-chi.vercel.app/en/pal/rayhound/location,7,yes,3,2
https://palworld-chi.vercel.app/en/pal/rayhound-cryst,pal,yes,https://palworld-chi.vercel.app/en/pal/rayhound-cryst,7,yes,2,2
https://palworld-chi.vercel.app/en/pal/rayhound-cryst/breeding,pal-breeding,yes,https://palworld-chi.vercel.app/en/pal/rayhound-cryst/breeding,7,yes,3,2
https://palworld-chi.vercel.app/en/pal/rayhound-cryst/location,pal-location,yes,https://palworld-chi.vercel.app/en/pal/rayhound-cryst/location,7,yes,3,2
https://palworld-chi.vercel.app/en/pal/reindrix,pal,yes,https://palworld-chi.vercel.app/en/pal/reindrix,7,yes,2,2
https://palworld-chi.vercel.app/en/pal/reindrix/breeding,pal-breeding,yes,https://palworld-chi.vercel.app/en/pal/reindrix/breeding,7,yes,3,2
https://palworld-chi.vercel.app/en/pal/reindrix/location,pal-location,yes,https://palworld-chi.vercel.app/en/pal/reindrix/location,7,yes,3,2
https://palworld-chi.vercel.app/en/pal/relaxaurus,pal,yes,https://palworld-chi.vercel.app/en/pal/relaxaurus,7,yes,2,2
https://palworld-chi.vercel.app/en/pal/relaxaurus/breeding,pal-breeding,yes,https://palworld-chi.vercel.app/en/pal/relaxaurus/breeding,7,yes,3,2
https://palworld-chi.vercel.app/en/pal/relaxaurus/location,pal-location,yes,https://palworld-chi.vercel.app/en/pal/relaxaurus/location,7,yes,3,2
https://palworld-chi.vercel.app/en/pal/relaxaurus-lux,pal,yes,https://palworld-chi.vercel.app/en/pal/relaxaurus-lux,7,yes,2,2
https://palworld-chi.vercel.app/en/pal/relaxaurus-lux/breeding,pal-breeding,yes,https://palworld-chi.vercel.app/en/pal/relaxaurus-lux/breeding,7,yes,3,2
https://palworld-chi.vercel.app/en/pal/relaxaurus-lux/location,pal-location,yes,https://palworld-chi.vercel.app/en/pal/relaxaurus-lux/location,7,yes,3,2
https://palworld-chi.vercel.app/en/pal/renjishi,pal,yes,https://palworld-chi.vercel.app/en/pal/renjishi,7,yes,2,2
https://palworld-chi.vercel.app/en/pal/renjishi/breeding,pal-breeding,yes,https://palworld-chi.vercel.app/en/pal/renjishi/breeding,7,yes,3,2
https://palworld-chi.vercel.app/en/pal/renjishi/location,pal-location,yes,https://palworld-chi.vercel.app/en/pal/renjishi/location,7,yes,3,2
https://palworld-chi.vercel.app/en/pal/reptyro,pal,yes,https://palworld-chi.vercel.app/en/pal/reptyro,7,yes,2,2
https://palworld-chi.vercel.app/en/pal/reptyro/breeding,pal-breeding,yes,https://palworld-chi.vercel.app/en/pal/reptyro/breeding,7,yes,3,2
https://palworld-chi.vercel.app/en/pal/reptyro/location,pal-location,yes,https://palworld-chi.vercel.app/en/pal/reptyro/location,7,yes,3,2
https://palworld-chi.vercel.app/en/pal/reptyro-cryst,pal,yes,https://palworld-chi.vercel.app/en/pal/reptyro-cryst,7,yes,2,2
https://palworld-chi.vercel.app/en/pal/reptyro-cryst/breeding,pal-breeding,yes,https://palworld-chi.vercel.app/en/pal/reptyro-cryst/breeding,7,yes,3,2
https://palworld-chi.vercel.app/en/pal/reptyro-cryst/location,pal-location,yes,https://palworld-chi.vercel.app/en/pal/reptyro-cryst/location,7,yes,3,2
https://palworld-chi.vercel.app/en/pal/ribbuny,pal,yes,https://palworld-chi.vercel.app/en/pal/ribbuny,7,yes,2,2
https://palworld-chi.vercel.app/en/pal/ribbuny/breeding,pal-breeding,yes,https://palworld-chi.vercel.app/en/pal/ribbuny/breeding,7,yes,3,2
https://palworld-chi.vercel.app/en/pal/ribbuny/location,pal-location,yes,https://palworld-chi.vercel.app/en/pal/ribbuny/location,7,yes,3,2
https://palworld-chi.vercel.app/en/pal/ribbuny-botan,pal,yes,https://palworld-chi.vercel.app/en/pal/ribbuny-botan,7,yes,2,2
https://palworld-chi.vercel.app/en/pal/ribbuny-botan/breeding,pal-breeding,yes,https://palworld-chi.vercel.app/en/pal/ribbuny-botan/breeding,7,yes,3,2
https://palworld-chi.vercel.app/en/pal/ribbuny-botan/location,pal-location,yes,https://palworld-chi.vercel.app/en/pal/ribbuny-botan/location,7,yes,3,2
https://palworld-chi.vercel.app/en/pal/robinquill,pal,yes,https://palworld-chi.vercel.app/en/pal/robinquill,7,yes,2,2
https://palworld-chi.vercel.app/en/pal/robinquill/breeding,pal-breeding,yes,https://palworld-chi.vercel.app/en/pal/robinquill/breeding,7,yes,3,2
https://palworld-chi.vercel.app/en/pal/robinquill/location,pal-location,yes,https://palworld-chi.vercel.app/en/pal/robinquill/location,7,yes,3,2
https://palworld-chi.vercel.app/en/pal/robinquill-terra,pal,yes,https://palworld-chi.vercel.app/en/pal/robinquill-terra,7,yes,2,2
https://palworld-chi.vercel.app/en/pal/robinquill-terra/breeding,pal-breeding,yes,https://palworld-chi.vercel.app/en/pal/robinquill-terra/breeding,7,yes,3,2
https://palworld-chi.vercel.app/en/pal/robinquill-terra/location,pal-location,yes,https://palworld-chi.vercel.app/en/pal/robinquill-terra/location,7,yes,3,2
https://palworld-chi.vercel.app/en/pal/rooby,pal,yes,https://palworld-chi.vercel.app/en/pal/rooby,7,yes,2,2
https://palworld-chi.vercel.app/en/pal/rooby/breeding,pal-breeding,yes,https://palworld-chi.vercel.app/en/pal/rooby/breeding,7,yes,3,2
https://palworld-chi.vercel.app/en/pal/rooby/location,pal-location,yes,https://palworld-chi.vercel.app/en/pal/rooby/location,7,yes,3,2
https://palworld-chi.vercel.app/en/pal/roujay,pal,yes,https://palworld-chi.vercel.app/en/pal/roujay,7,yes,2,2
https://palworld-chi.vercel.app/en/pal/roujay/breeding,pal-breeding,yes,https://palworld-chi.vercel.app/en/pal/roujay/breeding,7,yes,3,2
https://palworld-chi.vercel.app/en/pal/roujay/location,pal-location,yes,https://palworld-chi.vercel.app/en/pal/roujay/location,7,yes,3,2
https://palworld-chi.vercel.app/en/pal/rushoar,pal,yes,https://palworld-chi.vercel.app/en/pal/rushoar,7,yes,2,2
https://palworld-chi.vercel.app/en/pal/rushoar/breeding,pal-breeding,yes,https://palworld-chi.vercel.app/en/pal/rushoar/breeding,7,yes,3,2
https://palworld-chi.vercel.app/en/pal/rushoar/location,pal-location,yes,https://palworld-chi.vercel.app/en/pal/rushoar/location,7,yes,3,2
https://palworld-chi.vercel.app/en/pal/sekhmet,pal,yes,https://palworld-chi.vercel.app/en/pal/sekhmet,7,yes,2,2
https://palworld-chi.vercel.app/en/pal/sekhmet/breeding,pal-breeding,yes,https://palworld-chi.vercel.app/en/pal/sekhmet/breeding,7,yes,3,2
https://palworld-chi.vercel.app/en/pal/sekhmet/location,pal-location,yes,https://palworld-chi.vercel.app/en/pal/sekhmet/location,7,yes,3,2
https://palworld-chi.vercel.app/en/pal/selyne,pal,yes,https://palworld-chi.vercel.app/en/pal/selyne,7,yes,2,2
https://palworld-chi.vercel.app/en/pal/selyne/breeding,pal-breeding,yes,https://palworld-chi.vercel.app/en/pal/selyne/breeding,7,yes,3,2
https://palworld-chi.vercel.app/en/pal/selyne/location,pal-location,yes,https://palworld-chi.vercel.app/en/pal/selyne/location,7,yes,3,2
https://palworld-chi.vercel.app/en/pal/shadowbeak,pal,yes,https://palworld-chi.vercel.app/en/pal/shadowbeak,7,yes,3,3
https://palworld-chi.vercel.app/en/pal/shadowbeak/breeding,pal-breeding,yes,https://palworld-chi.vercel.app/en/pal/shadowbeak/breeding,7,yes,3,2
https://palworld-chi.vercel.app/en/pal/shadowbeak/location,pal-location,yes,https://palworld-chi.vercel.app/en/pal/shadowbeak/location,7,yes,3,2
https://palworld-chi.vercel.app/en/pal/shaolong,pal,yes,https://palworld-chi.vercel.app/en/pal/shaolong,7,yes,2,2
https://palworld-chi.vercel.app/en/pal/shaolong/breeding,pal-breeding,yes,https://palworld-chi.vercel.app/en/pal/shaolong/breeding,7,yes,3,2
https://palworld-chi.vercel.app/en/pal/shaolong/location,pal-location,yes,https://palworld-chi.vercel.app/en/pal/shaolong/location,7,yes,3,2
https://palworld-chi.vercel.app/en/pal/shroomer,pal,yes,https://palworld-chi.vercel.app/en/pal/shroomer,7,yes,2,2
https://palworld-chi.vercel.app/en/pal/shroomer/breeding,pal-breeding,yes,https://palworld-chi.vercel.app/en/pal/shroomer/breeding,7,yes,3,2
https://palworld-chi.vercel.app/en/pal/shroomer/location,pal-location,yes,https://palworld-chi.vercel.app/en/pal/shroomer/location,7,yes,3,2
https://palworld-chi.vercel.app/en/pal/shroomer-noct,pal,yes,https://palworld-chi.vercel.app/en/pal/shroomer-noct,7,yes,2,2
https://palworld-chi.vercel.app/en/pal/shroomer-noct/breeding,pal-breeding,yes,https://palworld-chi.vercel.app/en/pal/shroomer-noct/breeding,7,yes,3,2
https://palworld-chi.vercel.app/en/pal/shroomer-noct/location,pal-location,yes,https://palworld-chi.vercel.app/en/pal/shroomer-noct/location,7,yes,3,2
https://palworld-chi.vercel.app/en/pal/sibelyx,pal,yes,https://palworld-chi.vercel.app/en/pal/sibelyx,7,yes,2,2
https://palworld-chi.vercel.app/en/pal/sibelyx/breeding,pal-breeding,yes,https://palworld-chi.vercel.app/en/pal/sibelyx/breeding,7,yes,3,2
https://palworld-chi.vercel.app/en/pal/sibelyx/location,pal-location,yes,https://palworld-chi.vercel.app/en/pal/sibelyx/location,7,yes,3,2
https://palworld-chi.vercel.app/en/pal/sibelyx-primo,pal,yes,https://palworld-chi.vercel.app/en/pal/sibelyx-primo,7,yes,2,2
https://palworld-chi.vercel.app/en/pal/sibelyx-primo/breeding,pal-breeding,yes,https://palworld-chi.vercel.app/en/pal/sibelyx-primo/breeding,7,yes,3,2
https://palworld-chi.vercel.app/en/pal/sibelyx-primo/location,pal-location,yes,https://palworld-chi.vercel.app/en/pal/sibelyx-primo/location,7,yes,3,2
https://palworld-chi.vercel.app/en/pal/silvance,pal,yes,https://palworld-chi.vercel.app/en/pal/silvance,7,yes,2,2
https://palworld-chi.vercel.app/en/pal/silvance/breeding,pal-breeding,yes,https://palworld-chi.vercel.app/en/pal/silvance/breeding,7,yes,3,2
https://palworld-chi.vercel.app/en/pal/silvance/location,pal-location,yes,https://palworld-chi.vercel.app/en/pal/silvance/location,7,yes,3,2
https://palworld-chi.vercel.app/en/pal/silvegis,pal,yes,https://palworld-chi.vercel.app/en/pal/silvegis,7,yes,2,2
https://palworld-chi.vercel.app/en/pal/silvegis/breeding,pal-breeding,yes,https://palworld-chi.vercel.app/en/pal/silvegis/breeding,7,yes,3,2
https://palworld-chi.vercel.app/en/pal/silvegis/location,pal-location,yes,https://palworld-chi.vercel.app/en/pal/silvegis/location,7,yes,3,2
https://palworld-chi.vercel.app/en/pal/skutlass,pal,yes,https://palworld-chi.vercel.app/en/pal/skutlass,7,yes,2,2
https://palworld-chi.vercel.app/en/pal/skutlass/breeding,pal-breeding,yes,https://palworld-chi.vercel.app/en/pal/skutlass/breeding,7,yes,3,2
https://palworld-chi.vercel.app/en/pal/skutlass/location,pal-location,yes,https://palworld-chi.vercel.app/en/pal/skutlass/location,7,yes,3,2
https://palworld-chi.vercel.app/en/pal/skutlass-ignis,pal,yes,https://palworld-chi.vercel.app/en/pal/skutlass-ignis,7,yes,2,2
https://palworld-chi.vercel.app/en/pal/skutlass-ignis/breeding,pal-breeding,yes,https://palworld-chi.vercel.app/en/pal/skutlass-ignis/breeding,7,yes,3,2
https://palworld-chi.vercel.app/en/pal/skutlass-ignis/location,pal-location,yes,https://palworld-chi.vercel.app/en/pal/skutlass-ignis/location,7,yes,3,2
https://palworld-chi.vercel.app/en/pal/slowatt,pal,yes,https://palworld-chi.vercel.app/en/pal/slowatt,7,yes,2,2
https://palworld-chi.vercel.app/en/pal/slowatt/breeding,pal-breeding,yes,https://palworld-chi.vercel.app/en/pal/slowatt/breeding,7,yes,3,2
https://palworld-chi.vercel.app/en/pal/slowatt/location,pal-location,yes,https://palworld-chi.vercel.app/en/pal/slowatt/location,7,yes,3,2
https://palworld-chi.vercel.app/en/pal/smokie,pal,yes,https://palworld-chi.vercel.app/en/pal/smokie,7,yes,2,2
https://palworld-chi.vercel.app/en/pal/smokie/breeding,pal-breeding,yes,https://palworld-chi.vercel.app/en/pal/smokie/breeding,7,yes,3,2
https://palworld-chi.vercel.app/en/pal/smokie/location,pal-location,yes,https://palworld-chi.vercel.app/en/pal/smokie/location,7,yes,3,2
https://palworld-chi.vercel.app/en/pal/smokie-cryst,pal,yes,https://palworld-chi.vercel.app/en/pal/smokie-cryst,7,yes,2,2
https://palworld-chi.vercel.app/en/pal/smokie-cryst/breeding,pal-breeding,yes,https://palworld-chi.vercel.app/en/pal/smokie-cryst/breeding,7,yes,3,2
https://palworld-chi.vercel.app/en/pal/smokie-cryst/location,pal-location,yes,https://palworld-chi.vercel.app/en/pal/smokie-cryst/location,7,yes,3,2
https://palworld-chi.vercel.app/en/pal/snock,pal,yes,https://palworld-chi.vercel.app/en/pal/snock,7,yes,2,2
https://palworld-chi.vercel.app/en/pal/snock/breeding,pal-breeding,yes,https://palworld-chi.vercel.app/en/pal/snock/breeding,7,yes,3,2
https://palworld-chi.vercel.app/en/pal/snock/location,pal-location,yes,https://palworld-chi.vercel.app/en/pal/snock/location,7,yes,3,2
https://palworld-chi.vercel.app/en/pal/snock-lux,pal,yes,https://palworld-chi.vercel.app/en/pal/snock-lux,7,yes,2,2
https://palworld-chi.vercel.app/en/pal/snock-lux/breeding,pal-breeding,yes,https://palworld-chi.vercel.app/en/pal/snock-lux/breeding,7,yes,3,2
https://palworld-chi.vercel.app/en/pal/snock-lux/location,pal-location,yes,https://palworld-chi.vercel.app/en/pal/snock-lux/location,7,yes,3,2
https://palworld-chi.vercel.app/en/pal/snugloo,pal,yes,https://palworld-chi.vercel.app/en/pal/snugloo,7,yes,2,2
https://palworld-chi.vercel.app/en/pal/snugloo/breeding,pal-breeding,yes,https://palworld-chi.vercel.app/en/pal/snugloo/breeding,7,yes,3,2
https://palworld-chi.vercel.app/en/pal/snugloo/location,pal-location,yes,https://palworld-chi.vercel.app/en/pal/snugloo/location,7,yes,3,2
https://palworld-chi.vercel.app/en/pal/solenne,pal,yes,https://palworld-chi.vercel.app/en/pal/solenne,7,yes,2,2
https://palworld-chi.vercel.app/en/pal/solenne/breeding,pal-breeding,yes,https://palworld-chi.vercel.app/en/pal/solenne/breeding,7,yes,3,2
https://palworld-chi.vercel.app/en/pal/solenne/location,pal-location,yes,https://palworld-chi.vercel.app/en/pal/solenne/location,7,yes,3,2
https://palworld-chi.vercel.app/en/pal/solmora,pal,yes,https://palworld-chi.vercel.app/en/pal/solmora,7,yes,2,2
https://palworld-chi.vercel.app/en/pal/solmora/breeding,pal-breeding,yes,https://palworld-chi.vercel.app/en/pal/solmora/breeding,7,yes,3,2
https://palworld-chi.vercel.app/en/pal/solmora/location,pal-location,yes,https://palworld-chi.vercel.app/en/pal/solmora/location,7,yes,3,2
https://palworld-chi.vercel.app/en/pal/solmora-lux,pal,yes,https://palworld-chi.vercel.app/en/pal/solmora-lux,7,yes,2,2
https://palworld-chi.vercel.app/en/pal/solmora-lux/breeding,pal-breeding,yes,https://palworld-chi.vercel.app/en/pal/solmora-lux/breeding,7,yes,3,2
https://palworld-chi.vercel.app/en/pal/solmora-lux/location,pal-location,yes,https://palworld-chi.vercel.app/en/pal/solmora-lux/location,7,yes,3,2
https://palworld-chi.vercel.app/en/pal/sootseer,pal,yes,https://palworld-chi.vercel.app/en/pal/sootseer,7,yes,2,2
https://palworld-chi.vercel.app/en/pal/sootseer/breeding,pal-breeding,yes,https://palworld-chi.vercel.app/en/pal/sootseer/breeding,7,yes,3,2
https://palworld-chi.vercel.app/en/pal/sootseer/location,pal-location,yes,https://palworld-chi.vercel.app/en/pal/sootseer/location,7,yes,3,2
https://palworld-chi.vercel.app/en/pal/souffline,pal,yes,https://palworld-chi.vercel.app/en/pal/souffline,7,yes,2,2
https://palworld-chi.vercel.app/en/pal/souffline/breeding,pal-breeding,yes,https://palworld-chi.vercel.app/en/pal/souffline/breeding,7,yes,3,2
https://palworld-chi.vercel.app/en/pal/souffline/location,pal-location,yes,https://palworld-chi.vercel.app/en/pal/souffline/location,7,yes,3,2
https://palworld-chi.vercel.app/en/pal/sparkit,pal,yes,https://palworld-chi.vercel.app/en/pal/sparkit,7,yes,2,2
https://palworld-chi.vercel.app/en/pal/sparkit/breeding,pal-breeding,yes,https://palworld-chi.vercel.app/en/pal/sparkit/breeding,7,yes,3,2
https://palworld-chi.vercel.app/en/pal/sparkit/location,pal-location,yes,https://palworld-chi.vercel.app/en/pal/sparkit/location,7,yes,3,2
https://palworld-chi.vercel.app/en/pal/splatterina,pal,yes,https://palworld-chi.vercel.app/en/pal/splatterina,7,yes,2,2
https://palworld-chi.vercel.app/en/pal/splatterina/breeding,pal-breeding,yes,https://palworld-chi.vercel.app/en/pal/splatterina/breeding,7,yes,3,2
https://palworld-chi.vercel.app/en/pal/splatterina/location,pal-location,yes,https://palworld-chi.vercel.app/en/pal/splatterina/location,7,yes,3,2
https://palworld-chi.vercel.app/en/pal/starryon,pal,yes,https://palworld-chi.vercel.app/en/pal/starryon,7,yes,2,2
https://palworld-chi.vercel.app/en/pal/starryon/breeding,pal-breeding,yes,https://palworld-chi.vercel.app/en/pal/starryon/breeding,7,yes,3,2
https://palworld-chi.vercel.app/en/pal/starryon/location,pal-location,yes,https://palworld-chi.vercel.app/en/pal/starryon/location,7,yes,3,2
https://palworld-chi.vercel.app/en/pal/starryon-primo,pal,yes,https://palworld-chi.vercel.app/en/pal/starryon-primo,7,yes,2,2
https://palworld-chi.vercel.app/en/pal/starryon-primo/breeding,pal-breeding,yes,https://palworld-chi.vercel.app/en/pal/starryon-primo/breeding,7,yes,3,2
https://palworld-chi.vercel.app/en/pal/starryon-primo/location,pal-location,yes,https://palworld-chi.vercel.app/en/pal/starryon-primo/location,7,yes,3,2
https://palworld-chi.vercel.app/en/pal/surfent,pal,yes,https://palworld-chi.vercel.app/en/pal/surfent,7,yes,2,2
https://palworld-chi.vercel.app/en/pal/surfent/breeding,pal-breeding,yes,https://palworld-chi.vercel.app/en/pal/surfent/breeding,7,yes,3,2
https://palworld-chi.vercel.app/en/pal/surfent/location,pal-location,yes,https://palworld-chi.vercel.app/en/pal/surfent/location,7,yes,3,2
https://palworld-chi.vercel.app/en/pal/surfent-terra,pal,yes,https://palworld-chi.vercel.app/en/pal/surfent-terra,7,yes,2,2
https://palworld-chi.vercel.app/en/pal/surfent-terra/breeding,pal-breeding,yes,https://palworld-chi.vercel.app/en/pal/surfent-terra/breeding,7,yes,3,2
https://palworld-chi.vercel.app/en/pal/surfent-terra/location,pal-location,yes,https://palworld-chi.vercel.app/en/pal/surfent-terra/location,7,yes,3,2
https://palworld-chi.vercel.app/en/pal/suzaku,pal,yes,https://palworld-chi.vercel.app/en/pal/suzaku,7,yes,2,2
https://palworld-chi.vercel.app/en/pal/suzaku/breeding,pal-breeding,yes,https://palworld-chi.vercel.app/en/pal/suzaku/breeding,7,yes,3,2
https://palworld-chi.vercel.app/en/pal/suzaku/location,pal-location,yes,https://palworld-chi.vercel.app/en/pal/suzaku/location,7,yes,3,2
https://palworld-chi.vercel.app/en/pal/suzaku-aqua,pal,yes,https://palworld-chi.vercel.app/en/pal/suzaku-aqua,7,yes,2,2
https://palworld-chi.vercel.app/en/pal/suzaku-aqua/breeding,pal-breeding,yes,https://palworld-chi.vercel.app/en/pal/suzaku-aqua/breeding,7,yes,3,2
https://palworld-chi.vercel.app/en/pal/suzaku-aqua/location,pal-location,yes,https://palworld-chi.vercel.app/en/pal/suzaku-aqua/location,7,yes,3,2
https://palworld-chi.vercel.app/en/pal/swee,pal,yes,https://palworld-chi.vercel.app/en/pal/swee,7,yes,2,2
https://palworld-chi.vercel.app/en/pal/swee/breeding,pal-breeding,yes,https://palworld-chi.vercel.app/en/pal/swee/breeding,7,yes,3,2
https://palworld-chi.vercel.app/en/pal/swee/location,pal-location,yes,https://palworld-chi.vercel.app/en/pal/swee/location,7,yes,3,2
https://palworld-chi.vercel.app/en/pal/sweepa,pal,yes,https://palworld-chi.vercel.app/en/pal/sweepa,7,yes,2,2
https://palworld-chi.vercel.app/en/pal/sweepa/breeding,pal-breeding,yes,https://palworld-chi.vercel.app/en/pal/sweepa/breeding,7,yes,3,2
https://palworld-chi.vercel.app/en/pal/sweepa/location,pal-location,yes,https://palworld-chi.vercel.app/en/pal/sweepa/location,7,yes,3,2
https://palworld-chi.vercel.app/en/pal/tanzee,pal,yes,https://palworld-chi.vercel.app/en/pal/tanzee,7,yes,2,2
https://palworld-chi.vercel.app/en/pal/tanzee/breeding,pal-breeding,yes,https://palworld-chi.vercel.app/en/pal/tanzee/breeding,7,yes,3,2
https://palworld-chi.vercel.app/en/pal/tanzee/location,pal-location,yes,https://palworld-chi.vercel.app/en/pal/tanzee/location,7,yes,3,2
https://palworld-chi.vercel.app/en/pal/tanzee-ignis,pal,yes,https://palworld-chi.vercel.app/en/pal/tanzee-ignis,7,yes,2,2
https://palworld-chi.vercel.app/en/pal/tanzee-ignis/breeding,pal-breeding,yes,https://palworld-chi.vercel.app/en/pal/tanzee-ignis/breeding,7,yes,3,2
https://palworld-chi.vercel.app/en/pal/tanzee-ignis/location,pal-location,yes,https://palworld-chi.vercel.app/en/pal/tanzee-ignis/location,7,yes,3,2
https://palworld-chi.vercel.app/en/pal/tarantriss,pal,yes,https://palworld-chi.vercel.app/en/pal/tarantriss,7,yes,2,2
https://palworld-chi.vercel.app/en/pal/tarantriss/breeding,pal-breeding,yes,https://palworld-chi.vercel.app/en/pal/tarantriss/breeding,7,yes,3,2
https://palworld-chi.vercel.app/en/pal/tarantriss/location,pal-location,yes,https://palworld-chi.vercel.app/en/pal/tarantriss/location,7,yes,3,2
https://palworld-chi.vercel.app/en/pal/teafant,pal,yes,https://palworld-chi.vercel.app/en/pal/teafant,7,yes,2,2
https://palworld-chi.vercel.app/en/pal/teafant/breeding,pal-breeding,yes,https://palworld-chi.vercel.app/en/pal/teafant/breeding,7,yes,3,2
https://palworld-chi.vercel.app/en/pal/teafant/location,pal-location,yes,https://palworld-chi.vercel.app/en/pal/teafant/location,7,yes,3,2
https://palworld-chi.vercel.app/en/pal/tetroise,pal,yes,https://palworld-chi.vercel.app/en/pal/tetroise,7,yes,2,2
https://palworld-chi.vercel.app/en/pal/tetroise/breeding,pal-breeding,yes,https://palworld-chi.vercel.app/en/pal/tetroise/breeding,7,yes,3,2
https://palworld-chi.vercel.app/en/pal/tetroise/location,pal-location,yes,https://palworld-chi.vercel.app/en/pal/tetroise/location,7,yes,3,2
https://palworld-chi.vercel.app/en/pal/tetroise-primo,pal,yes,https://palworld-chi.vercel.app/en/pal/tetroise-primo,7,yes,2,2
https://palworld-chi.vercel.app/en/pal/tetroise-primo/breeding,pal-breeding,yes,https://palworld-chi.vercel.app/en/pal/tetroise-primo/breeding,7,yes,3,2
https://palworld-chi.vercel.app/en/pal/tetroise-primo/location,pal-location,yes,https://palworld-chi.vercel.app/en/pal/tetroise-primo/location,7,yes,3,2
https://palworld-chi.vercel.app/en/pal/tocotoco,pal,yes,https://palworld-chi.vercel.app/en/pal/tocotoco,7,yes,2,2
https://palworld-chi.vercel.app/en/pal/tocotoco/breeding,pal-breeding,yes,https://palworld-chi.vercel.app/en/pal/tocotoco/breeding,7,yes,3,2
https://palworld-chi.vercel.app/en/pal/tocotoco/location,pal-location,yes,https://palworld-chi.vercel.app/en/pal/tocotoco/location,7,yes,3,2
https://palworld-chi.vercel.app/en/pal/tombat,pal,yes,https://palworld-chi.vercel.app/en/pal/tombat,7,yes,2,2
https://palworld-chi.vercel.app/en/pal/tombat/breeding,pal-breeding,yes,https://palworld-chi.vercel.app/en/pal/tombat/breeding,7,yes,3,2
https://palworld-chi.vercel.app/en/pal/tombat/location,pal-location,yes,https://palworld-chi.vercel.app/en/pal/tombat/location,7,yes,3,2
https://palworld-chi.vercel.app/en/pal/tropicaw,pal,yes,https://palworld-chi.vercel.app/en/pal/tropicaw,7,yes,2,2
https://palworld-chi.vercel.app/en/pal/tropicaw/breeding,pal-breeding,yes,https://palworld-chi.vercel.app/en/pal/tropicaw/breeding,7,yes,3,2
https://palworld-chi.vercel.app/en/pal/tropicaw/location,pal-location,yes,https://palworld-chi.vercel.app/en/pal/tropicaw/location,7,yes,3,2
https://palworld-chi.vercel.app/en/pal/turtacle,pal,yes,https://palworld-chi.vercel.app/en/pal/turtacle,7,yes,2,2
https://palworld-chi.vercel.app/en/pal/turtacle/breeding,pal-breeding,yes,https://palworld-chi.vercel.app/en/pal/turtacle/breeding,7,yes,3,2
https://palworld-chi.vercel.app/en/pal/turtacle/location,pal-location,yes,https://palworld-chi.vercel.app/en/pal/turtacle/location,7,yes,3,2
https://palworld-chi.vercel.app/en/pal/turtacle-terra,pal,yes,https://palworld-chi.vercel.app/en/pal/turtacle-terra,7,yes,2,2
https://palworld-chi.vercel.app/en/pal/turtacle-terra/breeding,pal-breeding,yes,https://palworld-chi.vercel.app/en/pal/turtacle-terra/breeding,7,yes,3,2
https://palworld-chi.vercel.app/en/pal/turtacle-terra/location,pal-location,yes,https://palworld-chi.vercel.app/en/pal/turtacle-terra/location,7,yes,3,2
https://palworld-chi.vercel.app/en/pal/univolt,pal,yes,https://palworld-chi.vercel.app/en/pal/univolt,7,yes,2,2
https://palworld-chi.vercel.app/en/pal/univolt/breeding,pal-breeding,yes,https://palworld-chi.vercel.app/en/pal/univolt/breeding,7,yes,3,2
https://palworld-chi.vercel.app/en/pal/univolt/location,pal-location,yes,https://palworld-chi.vercel.app/en/pal/univolt/location,7,yes,3,2
https://palworld-chi.vercel.app/en/pal/univolt-cryst,pal,yes,https://palworld-chi.vercel.app/en/pal/univolt-cryst,7,yes,2,2
https://palworld-chi.vercel.app/en/pal/univolt-cryst/breeding,pal-breeding,yes,https://palworld-chi.vercel.app/en/pal/univolt-cryst/breeding,7,yes,3,2
https://palworld-chi.vercel.app/en/pal/univolt-cryst/location,pal-location,yes,https://palworld-chi.vercel.app/en/pal/univolt-cryst/location,7,yes,3,2
https://palworld-chi.vercel.app/en/pal/vaelet,pal,yes,https://palworld-chi.vercel.app/en/pal/vaelet,7,yes,2,2
https://palworld-chi.vercel.app/en/pal/vaelet/breeding,pal-breeding,yes,https://palworld-chi.vercel.app/en/pal/vaelet/breeding,7,yes,3,2
https://palworld-chi.vercel.app/en/pal/vaelet/location,pal-location,yes,https://palworld-chi.vercel.app/en/pal/vaelet/location,7,yes,3,2
https://palworld-chi.vercel.app/en/pal/valentail,pal,yes,https://palworld-chi.vercel.app/en/pal/valentail,7,yes,2,2
https://palworld-chi.vercel.app/en/pal/valentail/breeding,pal-breeding,yes,https://palworld-chi.vercel.app/en/pal/valentail/breeding,7,yes,3,2
https://palworld-chi.vercel.app/en/pal/valentail/location,pal-location,yes,https://palworld-chi.vercel.app/en/pal/valentail/location,7,yes,3,2
https://palworld-chi.vercel.app/en/pal/vanwyrm,pal,yes,https://palworld-chi.vercel.app/en/pal/vanwyrm,7,yes,2,2
https://palworld-chi.vercel.app/en/pal/vanwyrm/breeding,pal-breeding,yes,https://palworld-chi.vercel.app/en/pal/vanwyrm/breeding,7,yes,3,2
https://palworld-chi.vercel.app/en/pal/vanwyrm/location,pal-location,yes,https://palworld-chi.vercel.app/en/pal/vanwyrm/location,7,yes,3,2
https://palworld-chi.vercel.app/en/pal/vanwyrm-cryst,pal,yes,https://palworld-chi.vercel.app/en/pal/vanwyrm-cryst,7,yes,2,2
https://palworld-chi.vercel.app/en/pal/vanwyrm-cryst/breeding,pal-breeding,yes,https://palworld-chi.vercel.app/en/pal/vanwyrm-cryst/breeding,7,yes,3,2
https://palworld-chi.vercel.app/en/pal/vanwyrm-cryst/location,pal-location,yes,https://palworld-chi.vercel.app/en/pal/vanwyrm-cryst/location,7,yes,3,2
https://palworld-chi.vercel.app/en/pal/venusa,pal,yes,https://palworld-chi.vercel.app/en/pal/venusa,7,yes,2,2
https://palworld-chi.vercel.app/en/pal/venusa/breeding,pal-breeding,yes,https://palworld-chi.vercel.app/en/pal/venusa/breeding,7,yes,3,2
https://palworld-chi.vercel.app/en/pal/venusa/location,pal-location,yes,https://palworld-chi.vercel.app/en/pal/venusa/location,7,yes,3,2
https://palworld-chi.vercel.app/en/pal/verdash,pal,yes,https://palworld-chi.vercel.app/en/pal/verdash,7,yes,2,2
https://palworld-chi.vercel.app/en/pal/verdash/breeding,pal-breeding,yes,https://palworld-chi.vercel.app/en/pal/verdash/breeding,7,yes,3,2
https://palworld-chi.vercel.app/en/pal/verdash/location,pal-location,yes,https://palworld-chi.vercel.app/en/pal/verdash/location,7,yes,3,2
https://palworld-chi.vercel.app/en/pal/vixy,pal,yes,https://palworld-chi.vercel.app/en/pal/vixy,7,yes,2,2
https://palworld-chi.vercel.app/en/pal/vixy/breeding,pal-breeding,yes,https://palworld-chi.vercel.app/en/pal/vixy/breeding,7,yes,3,2
https://palworld-chi.vercel.app/en/pal/vixy/location,pal-location,yes,https://palworld-chi.vercel.app/en/pal/vixy/location,7,yes,3,2
https://palworld-chi.vercel.app/en/pal/warsect,pal,yes,https://palworld-chi.vercel.app/en/pal/warsect,7,yes,2,2
https://palworld-chi.vercel.app/en/pal/warsect/breeding,pal-breeding,yes,https://palworld-chi.vercel.app/en/pal/warsect/breeding,7,yes,3,2
https://palworld-chi.vercel.app/en/pal/warsect/location,pal-location,yes,https://palworld-chi.vercel.app/en/pal/warsect/location,7,yes,3,2
https://palworld-chi.vercel.app/en/pal/warsect-terra,pal,yes,https://palworld-chi.vercel.app/en/pal/warsect-terra,7,yes,2,2
https://palworld-chi.vercel.app/en/pal/warsect-terra/breeding,pal-breeding,yes,https://palworld-chi.vercel.app/en/pal/warsect-terra/breeding,7,yes,3,2
https://palworld-chi.vercel.app/en/pal/warsect-terra/location,pal-location,yes,https://palworld-chi.vercel.app/en/pal/warsect-terra/location,7,yes,3,2
https://palworld-chi.vercel.app/en/pal/whalaska,pal,yes,https://palworld-chi.vercel.app/en/pal/whalaska,7,yes,2,2
https://palworld-chi.vercel.app/en/pal/whalaska/breeding,pal-breeding,yes,https://palworld-chi.vercel.app/en/pal/whalaska/breeding,7,yes,3,2
https://palworld-chi.vercel.app/en/pal/whalaska/location,pal-location,yes,https://palworld-chi.vercel.app/en/pal/whalaska/location,7,yes,3,2
https://palworld-chi.vercel.app/en/pal/whalaska-ignis,pal,yes,https://palworld-chi.vercel.app/en/pal/whalaska-ignis,7,yes,2,2
https://palworld-chi.vercel.app/en/pal/whalaska-ignis/breeding,pal-breeding,yes,https://palworld-chi.vercel.app/en/pal/whalaska-ignis/breeding,7,yes,3,2
https://palworld-chi.vercel.app/en/pal/whalaska-ignis/location,pal-location,yes,https://palworld-chi.vercel.app/en/pal/whalaska-ignis/location,7,yes,3,2
https://palworld-chi.vercel.app/en/pal/wispaw,pal,yes,https://palworld-chi.vercel.app/en/pal/wispaw,7,yes,2,2
https://palworld-chi.vercel.app/en/pal/wispaw/breeding,pal-breeding,yes,https://palworld-chi.vercel.app/en/pal/wispaw/breeding,7,yes,3,2
https://palworld-chi.vercel.app/en/pal/wispaw/location,pal-location,yes,https://palworld-chi.vercel.app/en/pal/wispaw/location,7,yes,3,2
https://palworld-chi.vercel.app/en/pal/wistella,pal,yes,https://palworld-chi.vercel.app/en/pal/wistella,7,yes,2,2
https://palworld-chi.vercel.app/en/pal/wistella/breeding,pal-breeding,yes,https://palworld-chi.vercel.app/en/pal/wistella/breeding,7,yes,3,2
https://palworld-chi.vercel.app/en/pal/wistella/location,pal-location,yes,https://palworld-chi.vercel.app/en/pal/wistella/location,7,yes,3,2
https://palworld-chi.vercel.app/en/pal/wixen,pal,yes,https://palworld-chi.vercel.app/en/pal/wixen,7,yes,2,2
https://palworld-chi.vercel.app/en/pal/wixen/breeding,pal-breeding,yes,https://palworld-chi.vercel.app/en/pal/wixen/breeding,7,yes,3,2
https://palworld-chi.vercel.app/en/pal/wixen/location,pal-location,yes,https://palworld-chi.vercel.app/en/pal/wixen/location,7,yes,3,2
https://palworld-chi.vercel.app/en/pal/wixen-noct,pal,yes,https://palworld-chi.vercel.app/en/pal/wixen-noct,7,yes,2,2
https://palworld-chi.vercel.app/en/pal/wixen-noct/breeding,pal-breeding,yes,https://palworld-chi.vercel.app/en/pal/wixen-noct/breeding,7,yes,3,2
https://palworld-chi.vercel.app/en/pal/wixen-noct/location,pal-location,yes,https://palworld-chi.vercel.app/en/pal/wixen-noct/location,7,yes,3,2
https://palworld-chi.vercel.app/en/pal/woolipop,pal,yes,https://palworld-chi.vercel.app/en/pal/woolipop,7,yes,2,2
https://palworld-chi.vercel.app/en/pal/woolipop/breeding,pal-breeding,yes,https://palworld-chi.vercel.app/en/pal/woolipop/breeding,7,yes,3,2
https://palworld-chi.vercel.app/en/pal/woolipop/location,pal-location,yes,https://palworld-chi.vercel.app/en/pal/woolipop/location,7,yes,3,2
https://palworld-chi.vercel.app/en/pal/woolipop-terra,pal,yes,https://palworld-chi.vercel.app/en/pal/woolipop-terra,7,yes,2,2
https://palworld-chi.vercel.app/en/pal/woolipop-terra/breeding,pal-breeding,yes,https://palworld-chi.vercel.app/en/pal/woolipop-terra/breeding,7,yes,3,2
https://palworld-chi.vercel.app/en/pal/woolipop-terra/location,pal-location,yes,https://palworld-chi.vercel.app/en/pal/woolipop-terra/location,7,yes,3,2
https://palworld-chi.vercel.app/en/pal/wumpo,pal,yes,https://palworld-chi.vercel.app/en/pal/wumpo,7,yes,2,2
https://palworld-chi.vercel.app/en/pal/wumpo/breeding,pal-breeding,yes,https://palworld-chi.vercel.app/en/pal/wumpo/breeding,7,yes,3,2
https://palworld-chi.vercel.app/en/pal/wumpo/location,pal-location,yes,https://palworld-chi.vercel.app/en/pal/wumpo/location,7,yes,3,2
https://palworld-chi.vercel.app/en/pal/wumpo-botan,pal,yes,https://palworld-chi.vercel.app/en/pal/wumpo-botan,7,yes,2,2
https://palworld-chi.vercel.app/en/pal/wumpo-botan/breeding,pal-breeding,yes,https://palworld-chi.vercel.app/en/pal/wumpo-botan/breeding,7,yes,3,2
https://palworld-chi.vercel.app/en/pal/wumpo-botan/location,pal-location,yes,https://palworld-chi.vercel.app/en/pal/wumpo-botan/location,7,yes,3,2
https://palworld-chi.vercel.app/en/pal/xenogard,pal,yes,https://palworld-chi.vercel.app/en/pal/xenogard,7,yes,2,2
https://palworld-chi.vercel.app/en/pal/xenogard/breeding,pal-breeding,yes,https://palworld-chi.vercel.app/en/pal/xenogard/breeding,7,yes,3,2
https://palworld-chi.vercel.app/en/pal/xenogard/location,pal-location,yes,https://palworld-chi.vercel.app/en/pal/xenogard/location,7,yes,3,2
https://palworld-chi.vercel.app/en/pal/xenolord,pal,yes,https://palworld-chi.vercel.app/en/pal/xenolord,7,yes,2,2
https://palworld-chi.vercel.app/en/pal/xenolord/breeding,pal-breeding,yes,https://palworld-chi.vercel.app/en/pal/xenolord/breeding,7,yes,3,2
https://palworld-chi.vercel.app/en/pal/xenolord/location,pal-location,yes,https://palworld-chi.vercel.app/en/pal/xenolord/location,7,yes,3,2
https://palworld-chi.vercel.app/en/pal/xenovader,pal,yes,https://palworld-chi.vercel.app/en/pal/xenovader,7,yes,2,2
https://palworld-chi.vercel.app/en/pal/xenovader/breeding,pal-breeding,yes,https://palworld-chi.vercel.app/en/pal/xenovader/breeding,7,yes,3,2
https://palworld-chi.vercel.app/en/pal/xenovader/location,pal-location,yes,https://palworld-chi.vercel.app/en/pal/xenovader/location,7,yes,3,2
https://palworld-chi.vercel.app/en/pal/yakumo,pal,yes,https://palworld-chi.vercel.app/en/pal/yakumo,7,yes,2,2
https://palworld-chi.vercel.app/en/pal/yakumo/breeding,pal-breeding,yes,https://palworld-chi.vercel.app/en/pal/yakumo/breeding,7,yes,3,2
https://palworld-chi.vercel.app/en/pal/yakumo/location,pal-location,yes,https://palworld-chi.vercel.app/en/pal/yakumo/location,7,yes,3,2
https://palworld-chi.vercel.app/en/pals,pals,yes,https://palworld-chi.vercel.app/en/pals,7,yes,3077,2785
https://palworld-chi.vercel.app/en/items,items,yes,https://palworld-chi.vercel.app/en/items,7,yes,19504,2785
https://palworld-chi.vercel.app/en/item/accessory-airdash1,item,yes,https://palworld-chi.vercel.app/en/item/accessory-airdash1,7,yes,2,2
https://palworld-chi.vercel.app/en/item/accessory-airdash2,item,yes,https://palworld-chi.vercel.app/en/item/accessory-airdash2,7,yes,2,2
https://palworld-chi.vercel.app/en/item/accessory-airdash3,item,yes,https://palworld-chi.vercel.app/en/item/accessory-airdash3,7,yes,2,2
https://palworld-chi.vercel.app/en/item/accessory-aquaresist-1,item,yes,https://palworld-chi.vercel.app/en/item/accessory-aquaresist-1,7,yes,2,2
https://palworld-chi.vercel.app/en/item/accessory-at-1,item,yes,https://palworld-chi.vercel.app/en/item/accessory-at-1,7,yes,2,2
https://palworld-chi.vercel.app/en/item/accessory-avoid-1,item,yes,https://palworld-chi.vercel.app/en/item/accessory-avoid-1,7,yes,2,2
https://palworld-chi.vercel.app/en/item/accessory-coldice-1,item,yes,https://palworld-chi.vercel.app/en/item/accessory-coldice-1,7,yes,2,2
https://palworld-chi.vercel.app/en/item/accessory-coolresist-1,item,yes,https://palworld-chi.vercel.app/en/item/accessory-coolresist-1,7,yes,2,2
https://palworld-chi.vercel.app/en/item/accessory-darkresist-1,item,yes,https://palworld-chi.vercel.app/en/item/accessory-darkresist-1,7,yes,2,2
https://palworld-chi.vercel.app/en/item/accessory-defense-1,item,yes,https://palworld-chi.vercel.app/en/item/accessory-defense-1,7,yes,2,2
https://palworld-chi.vercel.app/en/item/accessory-dfhp-1,item,yes,https://palworld-chi.vercel.app/en/item/accessory-dfhp-1,7,yes,2,2
https://palworld-chi.vercel.app/en/item/accessory-dragonresist-1,item,yes,https://palworld-chi.vercel.app/en/item/accessory-dragonresist-1,7,yes,2,2
https://palworld-chi.vercel.app/en/item/accessory-earthresist-1,item,yes,https://palworld-chi.vercel.app/en/item/accessory-earthresist-1,7,yes,2,2
https://palworld-chi.vercel.app/en/item/accessory-explosionresist,item,yes,https://palworld-chi.vercel.app/en/item/accessory-explosionresist,7,yes,2,2
https://palworld-chi.vercel.app/en/item/accessory-fireresist-1,item,yes,https://palworld-chi.vercel.app/en/item/accessory-fireresist-1,7,yes,2,2
https://palworld-chi.vercel.app/en/item/accessory-hchp-1,item,yes,https://palworld-chi.vercel.app/en/item/accessory-hchp-1,7,yes,2,2
https://palworld-chi.vercel.app/en/item/accessory-hcmw-1,item,yes,https://palworld-chi.vercel.app/en/item/accessory-hcmw-1,7,yes,2,2
https://palworld-chi.vercel.app/en/item/accessory-heatcoldresist-1,item,yes,https://palworld-chi.vercel.app/en/item/accessory-heatcoldresist-1,7,yes,2,2
https://palworld-chi.vercel.app/en/item/accessory-heatfire-1,item,yes,https://palworld-chi.vercel.app/en/item/accessory-heatfire-1,7,yes,2,2
https://palworld-chi.vercel.app/en/item/accessory-heatresist-1,item,yes,https://palworld-chi.vercel.app/en/item/accessory-heatresist-1,7,yes,2,2
https://palworld-chi.vercel.app/en/item/accessory-hp-1,item,yes,https://palworld-chi.vercel.app/en/item/accessory-hp-1,7,yes,2,2
https://palworld-chi.vercel.app/en/item/accessory-iceresist-1,item,yes,https://palworld-chi.vercel.app/en/item/accessory-iceresist-1,7,yes,2,2
https://palworld-chi.vercel.app/en/item/accessory-jumpair-1,item,yes,https://palworld-chi.vercel.app/en/item/accessory-jumpair-1,7,yes,2,2
https://palworld-chi.vercel.app/en/item/accessory-jumpair-2,item,yes,https://palworld-chi.vercel.app/en/item/accessory-jumpair-2,7,yes,2,2
https://palworld-chi.vercel.app/en/item/accessory-jumpcount-increase1,item,yes,https://palworld-chi.vercel.app/en/item/accessory-jumpcount-increase1,7,yes,2,2
https://palworld-chi.vercel.app/en/item/accessory-jumpcount-increase2,item,yes,https://palworld-chi.vercel.app/en/item/accessory-jumpcount-increase2,7,yes,2,2
https://palworld-chi.vercel.app/en/item/accessory-jumppower-increase,item,yes,https://palworld-chi.vercel.app/en/item/accessory-jumppower-increase,7,yes,2,2
https://palworld-chi.vercel.app/en/item/accessory-leafresist-1,item,yes,https://palworld-chi.vercel.app/en/item/accessory-leafresist-1,7,yes,2,2
https://palworld-chi.vercel.app/en/item/accessory-maxweightup-01,item,yes,https://palworld-chi.vercel.app/en/item/accessory-maxweightup-01,7,yes,2,2
https://palworld-chi.vercel.app/en/item/accessory-nonkchecker-1,item,yes,https://palworld-chi.vercel.app/en/item/accessory-nonkchecker-1,7,yes,2,2
https://palworld-chi.vercel.app/en/item/accessory-nonkilling,item,yes,https://palworld-chi.vercel.app/en/item/accessory-nonkilling,7,yes,2,2
https://palworld-chi.vercel.app/en/item/accessory-normalresist-1,item,yes,https://palworld-chi.vercel.app/en/item/accessory-normalresist-1,7,yes,2,2
https://palworld-chi.vercel.app/en/item/accessory-otomo-dargon-1,item,yes,https://palworld-chi.vercel.app/en/item/accessory-otomo-dargon-1,7,yes,2,2
https://palworld-chi.vercel.app/en/item/accessory-otomo-dark-1,item,yes,https://palworld-chi.vercel.app/en/item/accessory-otomo-dark-1,7,yes,2,2
https://palworld-chi.vercel.app/en/item/accessory-otomo-earth-1,item,yes,https://palworld-chi.vercel.app/en/item/accessory-otomo-earth-1,7,yes,2,2
https://palworld-chi.vercel.app/en/item/accessory-otomo-electricity-1,item,yes,https://palworld-chi.vercel.app/en/item/accessory-otomo-electricity-1,7,yes,2,2
https://palworld-chi.vercel.app/en/item/accessory-otomo-fire-1,item,yes,https://palworld-chi.vercel.app/en/item/accessory-otomo-fire-1,7,yes,2,2
https://palworld-chi.vercel.app/en/item/accessory-otomo-fire-2,item,yes,https://palworld-chi.vercel.app/en/item/accessory-otomo-fire-2,7,yes,2,2
https://palworld-chi.vercel.app/en/item/accessory-otomo-ice-1,item,yes,https://palworld-chi.vercel.app/en/item/accessory-otomo-ice-1,7,yes,2,2
https://palworld-chi.vercel.app/en/item/accessory-otomo-leaf-1,item,yes,https://palworld-chi.vercel.app/en/item/accessory-otomo-leaf-1,7,yes,2,2
https://palworld-chi.vercel.app/en/item/accessory-otomo-water-1,item,yes,https://palworld-chi.vercel.app/en/item/accessory-otomo-water-1,7,yes,2,2
https://palworld-chi.vercel.app/en/item/accessory-ppat-1,item,yes,https://palworld-chi.vercel.app/en/item/accessory-ppat-1,7,yes,2,2
https://palworld-chi.vercel.app/en/item/accessory-ppdf-1,item,yes,https://palworld-chi.vercel.app/en/item/accessory-ppdf-1,7,yes,2,2
https://palworld-chi.vercel.app/en/item/accessory-superjumpair-1,item,yes,https://palworld-chi.vercel.app/en/item/accessory-superjumpair-1,7,yes,2,2
https://palworld-chi.vercel.app/en/item/accessory-superjumpair-2,item,yes,https://palworld-chi.vercel.app/en/item/accessory-superjumpair-2,7,yes,2,2
https://palworld-chi.vercel.app/en/item/accessory-talentchecker,item,yes,https://palworld-chi.vercel.app/en/item/accessory-talentchecker,7,yes,2,2
https://palworld-chi.vercel.app/en/item/accessory-thunderresist-1,item,yes,https://palworld-chi.vercel.app/en/item/accessory-thunderresist-1,7,yes,2,2
https://palworld-chi.vercel.app/en/item/accessory-wkmc-1,item,yes,https://palworld-chi.vercel.app/en/item/accessory-wkmc-1,7,yes,2,2
https://palworld-chi.vercel.app/en/item/accessory-workspeed-1,item,yes,https://palworld-chi.vercel.app/en/item/accessory-workspeed-1,7,yes,2,2
https://palworld-chi.vercel.app/en/item/additionalinventory-001,item,yes,https://palworld-chi.vercel.app/en/item/additionalinventory-001,7,yes,2,2
https://palworld-chi.vercel.app/en/item/additionalinventory-002,item,yes,https://palworld-chi.vercel.app/en/item/additionalinventory-002,7,yes,2,2
https://palworld-chi.vercel.app/en/item/additionalinventory-003,item,yes,https://palworld-chi.vercel.app/en/item/additionalinventory-003,7,yes,2,2
https://palworld-chi.vercel.app/en/item/additionalinventory-004,item,yes,https://palworld-chi.vercel.app/en/item/additionalinventory-004,7,yes,2,2
https://palworld-chi.vercel.app/en/item/affectionfruit-01,item,yes,https://palworld-chi.vercel.app/en/item/affectionfruit-01,7,yes,2,2
https://palworld-chi.vercel.app/en/item/affectionfruit-02,item,yes,https://palworld-chi.vercel.app/en/item/affectionfruit-02,7,yes,2,2
https://palworld-chi.vercel.app/en/item/aicore,item,yes,https://palworld-chi.vercel.app/en/item/aicore,7,yes,2,2
https://palworld-chi.vercel.app/en/item/ancientarmor,item,yes,https://palworld-chi.vercel.app/en/item/ancientarmor,7,yes,2,2
https://palworld-chi.vercel.app/en/item/ancientarmor-2,item,yes,https://palworld-chi.vercel.app/en/item/ancientarmor-2,7,yes,2,2
https://palworld-chi.vercel.app/en/item/ancientarmor-3,item,yes,https://palworld-chi.vercel.app/en/item/ancientarmor-3,7,yes,2,2
https://palworld-chi.vercel.app/en/item/ancientarmor-4,item,yes,https://palworld-chi.vercel.app/en/item/ancientarmor-4,7,yes,2,2
https://palworld-chi.vercel.app/en/item/ancientarmor-5,item,yes,https://palworld-chi.vercel.app/en/item/ancientarmor-5,7,yes,1,1
https://palworld-chi.vercel.app/en/item/ancientarmorcold,item,yes,https://palworld-chi.vercel.app/en/item/ancientarmorcold,7,yes,1,1
https://palworld-chi.vercel.app/en/item/ancientarmorcold-2,item,yes,https://palworld-chi.vercel.app/en/item/ancientarmorcold-2,7,yes,1,1
https://palworld-chi.vercel.app/en/item/ancientarmorcold-3,item,yes,https://palworld-chi.vercel.app/en/item/ancientarmorcold-3,7,yes,1,1
https://palworld-chi.vercel.app/en/item/ancientarmorcold-4,item,yes,https://palworld-chi.vercel.app/en/item/ancientarmorcold-4,7,yes,1,1
https://palworld-chi.vercel.app/en/item/ancientarmorcold-5,item,yes,https://palworld-chi.vercel.app/en/item/ancientarmorcold-5,7,yes,1,1
https://palworld-chi.vercel.app/en/item/ancientarmorheat,item,yes,https://palworld-chi.vercel.app/en/item/ancientarmorheat,7,yes,1,1
https://palworld-chi.vercel.app/en/item/ancientarmorheat-2,item,yes,https://palworld-chi.vercel.app/en/item/ancientarmorheat-2,7,yes,1,1
https://palworld-chi.vercel.app/en/item/ancientarmorheat-3,item,yes,https://palworld-chi.vercel.app/en/item/ancientarmorheat-3,7,yes,1,1
https://palworld-chi.vercel.app/en/item/ancientarmorheat-4,item,yes,https://palworld-chi.vercel.app/en/item/ancientarmorheat-4,7,yes,1,1
https://palworld-chi.vercel.app/en/item/ancientarmorheat-5,item,yes,https://palworld-chi.vercel.app/en/item/ancientarmorheat-5,7,yes,1,1
https://palworld-chi.vercel.app/en/item/ancientarmorweight,item,yes,https://palworld-chi.vercel.app/en/item/ancientarmorweight,7,yes,1,1
https://palworld-chi.vercel.app/en/item/ancientarmorweight-2,item,yes,https://palworld-chi.vercel.app/en/item/ancientarmorweight-2,7,yes,1,1
https://palworld-chi.vercel.app/en/item/ancientarmorweight-3,item,yes,https://palworld-chi.vercel.app/en/item/ancientarmorweight-3,7,yes,1,1
https://palworld-chi.vercel.app/en/item/ancientarmorweight-4,item,yes,https://palworld-chi.vercel.app/en/item/ancientarmorweight-4,7,yes,1,1
https://palworld-chi.vercel.app/en/item/ancientarmorweight-5,item,yes,https://palworld-chi.vercel.app/en/item/ancientarmorweight-5,7,yes,1,1
https://palworld-chi.vercel.app/en/item/ancienthelmet,item,yes,https://palworld-chi.vercel.app/en/item/ancienthelmet,7,yes,1,1
https://palworld-chi.vercel.app/en/item/ancienthelmet-2,item,yes,https://palworld-chi.vercel.app/en/item/ancienthelmet-2,7,yes,1,1
https://palworld-chi.vercel.app/en/item/ancienthelmet-3,item,yes,https://palworld-chi.vercel.app/en/item/ancienthelmet-3,7,yes,1,1
https://palworld-chi.vercel.app/en/item/ancienthelmet-4,item,yes,https://palworld-chi.vercel.app/en/item/ancienthelmet-4,7,yes,1,1
https://palworld-chi.vercel.app/en/item/ancienthelmet-5,item,yes,https://palworld-chi.vercel.app/en/item/ancienthelmet-5,7,yes,1,1
https://palworld-chi.vercel.app/en/item/ancientparts2,item,yes,https://palworld-chi.vercel.app/en/item/ancientparts2,7,yes,3,3
https://palworld-chi.vercel.app/en/item/ancientparts3,item,yes,https://palworld-chi.vercel.app/en/item/ancientparts3,7,yes,1,1
https://palworld-chi.vercel.app/en/item/ancienttechnologybook-g1,item,yes,https://palworld-chi.vercel.app/en/item/ancienttechnologybook-g1,7,yes,1,1
https://palworld-chi.vercel.app/en/item/arrow,item,yes,https://palworld-chi.vercel.app/en/item/arrow,7,yes,3,3
https://palworld-chi.vercel.app/en/item/arrow-fire,item,yes,https://palworld-chi.vercel.app/en/item/arrow-fire,7,yes,1,1
https://palworld-chi.vercel.app/en/item/arrow-poison,item,yes,https://palworld-chi.vercel.app/en/item/arrow-poison,7,yes,1,1
https://palworld-chi.vercel.app/en/item/assaultrifle-default1,item,yes,https://palworld-chi.vercel.app/en/item/assaultrifle-default1,7,yes,1,1
https://palworld-chi.vercel.app/en/item/assaultrifle-default2,item,yes,https://palworld-chi.vercel.app/en/item/assaultrifle-default2,7,yes,1,1
https://palworld-chi.vercel.app/en/item/assaultrifle-default3,item,yes,https://palworld-chi.vercel.app/en/item/assaultrifle-default3,7,yes,1,1
https://palworld-chi.vercel.app/en/item/assaultrifle-default4,item,yes,https://palworld-chi.vercel.app/en/item/assaultrifle-default4,7,yes,1,1
https://palworld-chi.vercel.app/en/item/assaultrifle-default5,item,yes,https://palworld-chi.vercel.app/en/item/assaultrifle-default5,7,yes,1,1
https://palworld-chi.vercel.app/en/item/assaultriflebullet,item,yes,https://palworld-chi.vercel.app/en/item/assaultriflebullet,7,yes,1,1
https://palworld-chi.vercel.app/en/item/automealpouch-tier1,item,yes,https://palworld-chi.vercel.app/en/item/automealpouch-tier1,7,yes,1,1
https://palworld-chi.vercel.app/en/item/automealpouch-tier2,item,yes,https://palworld-chi.vercel.app/en/item/automealpouch-tier2,7,yes,1,1
https://palworld-chi.vercel.app/en/item/automealpouch-tier3,item,yes,https://palworld-chi.vercel.app/en/item/automealpouch-tier3,7,yes,1,1
https://palworld-chi.vercel.app/en/item/automealpouch-tier4,item,yes,https://palworld-chi.vercel.app/en/item/automealpouch-tier4,7,yes,1,1
https://palworld-chi.vercel.app/en/item/automealpouch-tier5,item,yes,https://palworld-chi.vercel.app/en/item/automealpouch-tier5,7,yes,1,1
https://palworld-chi.vercel.app/en/item/axe-steal,item,yes,https://palworld-chi.vercel.app/en/item/axe-steal,7,yes,1,1
https://palworld-chi.vercel.app/en/item/axe-tier-00,item,yes,https://palworld-chi.vercel.app/en/item/axe-tier-00,7,yes,1,1
https://palworld-chi.vercel.app/en/item/axe-tier-01,item,yes,https://palworld-chi.vercel.app/en/item/axe-tier-01,7,yes,1,1
https://palworld-chi.vercel.app/en/item/axe-tier-02,item,yes,https://palworld-chi.vercel.app/en/item/axe-tier-02,7,yes,1,1
https://palworld-chi.vercel.app/en/item/baconeggs,item,yes,https://palworld-chi.vercel.app/en/item/baconeggs,7,yes,1,1
https://palworld-chi.vercel.app/en/item/baked-berries,item,yes,https://palworld-chi.vercel.app/en/item/baked-berries,7,yes,1,1
https://palworld-chi.vercel.app/en/item/bakedmeat-berrygoat,item,yes,https://palworld-chi.vercel.app/en/item/bakedmeat-berrygoat,7,yes,1,1
https://palworld-chi.vercel.app/en/item/bakedmeat-boar,item,yes,https://palworld-chi.vercel.app/en/item/bakedmeat-boar,7,yes,1,1
https://palworld-chi.vercel.app/en/item/bakedmeat-chickenpal,item,yes,https://palworld-chi.vercel.app/en/item/bakedmeat-chickenpal,7,yes,1,1
https://palworld-chi.vercel.app/en/item/bakedmeat-cowpal,item,yes,https://palworld-chi.vercel.app/en/item/bakedmeat-cowpal,7,yes,1,1
https://palworld-chi.vercel.app/en/item/bakedmeat-deer,item,yes,https://palworld-chi.vercel.app/en/item/bakedmeat-deer,7,yes,1,1
https://palworld-chi.vercel.app/en/item/bakedmeat-eagle,item,yes,https://palworld-chi.vercel.app/en/item/bakedmeat-eagle,7,yes,1,1
https://palworld-chi.vercel.app/en/item/bakedmeat-grassmammoth,item,yes,https://palworld-chi.vercel.app/en/item/bakedmeat-grassmammoth,7,yes,1,1
https://palworld-chi.vercel.app/en/item/bakedmeat-icecrocodile,item,yes,https://palworld-chi.vercel.app/en/item/bakedmeat-icecrocodile,7,yes,1,1
https://palworld-chi.vercel.app/en/item/bakedmeat-icedeer,item,yes,https://palworld-chi.vercel.app/en/item/bakedmeat-icedeer,7,yes,1,1
https://palworld-chi.vercel.app/en/item/bakedmeat-kelpie,item,yes,https://palworld-chi.vercel.app/en/item/bakedmeat-kelpie,7,yes,1,1
https://palworld-chi.vercel.app/en/item/bakedmeat-lazycatfish,item,yes,https://palworld-chi.vercel.app/en/item/bakedmeat-lazycatfish,7,yes,1,1
https://palworld-chi.vercel.app/en/item/bakedmeat-sakurasaurus,item,yes,https://palworld-chi.vercel.app/en/item/bakedmeat-sakurasaurus,7,yes,1,1
https://palworld-chi.vercel.app/en/item/bakedmeat-sheepball,item,yes,https://palworld-chi.vercel.app/en/item/bakedmeat-sheepball,7,yes,1,1
https://palworld-chi.vercel.app/en/item/bakedmushroom,item,yes,https://palworld-chi.vercel.app/en/item/bakedmushroom,7,yes,1,1
https://palworld-chi.vercel.app/en/item/bat,item,yes,https://palworld-chi.vercel.app/en/item/bat,7,yes,1,1
https://palworld-chi.vercel.app/en/item/bat2,item,yes,https://palworld-chi.vercel.app/en/item/bat2,7,yes,1,1
https://palworld-chi.vercel.app/en/item/bat3,item,yes,https://palworld-chi.vercel.app/en/item/bat3,7,yes,1,1
https://palworld-chi.vercel.app/en/item/bat3-2,item,yes,https://palworld-chi.vercel.app/en/item/bat3-2,7,yes,1,1
https://palworld-chi.vercel.app/en/item/bat3-3,item,yes,https://palworld-chi.vercel.app/en/item/bat3-3,7,yes,1,1
https://palworld-chi.vercel.app/en/item/bat3-4,item,yes,https://palworld-chi.vercel.app/en/item/bat3-4,7,yes,1,1
https://palworld-chi.vercel.app/en/item/bat3-5,item,yes,https://palworld-chi.vercel.app/en/item/bat3-5,7,yes,1,1
https://palworld-chi.vercel.app/en/item/battleticket,item,yes,https://palworld-chi.vercel.app/en/item/battleticket,7,yes,1,1
https://palworld-chi.vercel.app/en/item/beamlauncher,item,yes,https://palworld-chi.vercel.app/en/item/beamlauncher,7,yes,1,1
https://palworld-chi.vercel.app/en/item/beamlauncher-2,item,yes,https://palworld-chi.vercel.app/en/item/beamlauncher-2,7,yes,1,1
https://palworld-chi.vercel.app/en/item/beamlauncher-3,item,yes,https://palworld-chi.vercel.app/en/item/beamlauncher-3,7,yes,1,1
https://palworld-chi.vercel.app/en/item/beamlauncher-4,item,yes,https://palworld-chi.vercel.app/en/item/beamlauncher-4,7,yes,1,1
https://palworld-chi.vercel.app/en/item/beamlauncher-5,item,yes,https://palworld-chi.vercel.app/en/item/beamlauncher-5,7,yes,1,1
https://palworld-chi.vercel.app/en/item/beamlauncherbullet,item,yes,https://palworld-chi.vercel.app/en/item/beamlauncherbullet,7,yes,1,1
https://palworld-chi.vercel.app/en/item/beamsword,item,yes,https://palworld-chi.vercel.app/en/item/beamsword,7,yes,1,1
https://palworld-chi.vercel.app/en/item/beamsword-2,item,yes,https://palworld-chi.vercel.app/en/item/beamsword-2,7,yes,1,1
https://palworld-chi.vercel.app/en/item/beamsword-3,item,yes,https://palworld-chi.vercel.app/en/item/beamsword-3,7,yes,1,1
https://palworld-chi.vercel.app/en/item/beamsword-4,item,yes,https://palworld-chi.vercel.app/en/item/beamsword-4,7,yes,1,1
https://palworld-chi.vercel.app/en/item/beamsword-5,item,yes,https://palworld-chi.vercel.app/en/item/beamsword-5,7,yes,1,1
https://palworld-chi.vercel.app/en/item/beastbone-ancient,item,yes,https://palworld-chi.vercel.app/en/item/beastbone-ancient,7,yes,1,1
https://palworld-chi.vercel.app/en/item/berries,item,yes,https://palworld-chi.vercel.app/en/item/berries,7,yes,8,8
https://palworld-chi.vercel.app/en/item/berryseeds,item,yes,https://palworld-chi.vercel.app/en/item/berryseeds,7,yes,4,4
https://palworld-chi.vercel.app/en/item/bio-battery,item,yes,https://palworld-chi.vercel.app/en/item/bio-battery,7,yes,1,1
https://palworld-chi.vercel.app/en/item/bio-coolant,item,yes,https://palworld-chi.vercel.app/en/item/bio-coolant,7,yes,1,1
https://palworld-chi.vercel.app/en/item/blueprint-accessory-aquaresist-1-2,item,yes,https://palworld-chi.vercel.app/en/item/blueprint-accessory-aquaresist-1-2,7,yes,1,1
https://palworld-chi.vercel.app/en/item/blueprint-accessory-at-1-2,item,yes,https://palworld-chi.vercel.app/en/item/blueprint-accessory-at-1-2,7,yes,1,1
https://palworld-chi.vercel.app/en/item/blueprint-accessory-avoid-1-fix,item,yes,https://palworld-chi.vercel.app/en/item/blueprint-accessory-avoid-1-fix,7,yes,1,1
https://palworld-chi.vercel.app/en/item/blueprint-accessory-coldice-1,item,yes,https://palworld-chi.vercel.app/en/item/blueprint-accessory-coldice-1,7,yes,1,1
https://palworld-chi.vercel.app/en/item/blueprint-accessory-coolresist-1-2,item,yes,https://palworld-chi.vercel.app/en/item/blueprint-accessory-coolresist-1-2,7,yes,1,1
https://palworld-chi.vercel.app/en/item/blueprint-accessory-darkresist-1-2,item,yes,https://palworld-chi.vercel.app/en/item/blueprint-accessory-darkresist-1-2,7,yes,1,1
https://palworld-chi.vercel.app/en/item/blueprint-accessory-defense-1-2,item,yes,https://palworld-chi.vercel.app/en/item/blueprint-accessory-defense-1-2,7,yes,1,1
https://palworld-chi.vercel.app/en/item/blueprint-accessory-dfhp-1,item,yes,https://palworld-chi.vercel.app/en/item/blueprint-accessory-dfhp-1,7,yes,1,1
https://palworld-chi.vercel.app/en/item/blueprint-accessory-dragonresist-1-2,item,yes,https://palworld-chi.vercel.app/en/item/blueprint-accessory-dragonresist-1-2,7,yes,1,1
https://palworld-chi.vercel.app/en/item/blueprint-accessory-earthresist-1-2,item,yes,https://palworld-chi.vercel.app/en/item/blueprint-accessory-earthresist-1-2,7,yes,1,1
https://palworld-chi.vercel.app/en/item/blueprint-accessory-fireresist-1-2,item,yes,https://palworld-chi.vercel.app/en/item/blueprint-accessory-fireresist-1-2,7,yes,1,1
https://palworld-chi.vercel.app/en/item/blueprint-accessory-hchp-1,item,yes,https://palworld-chi.vercel.app/en/item/blueprint-accessory-hchp-1,7,yes,1,1
https://palworld-chi.vercel.app/en/item/blueprint-accessory-hcmw-1,item,yes,https://palworld-chi.vercel.app/en/item/blueprint-accessory-hcmw-1,7,yes,1,1
https://palworld-chi.vercel.app/en/item/blueprint-accessory-heatcoldresist-1-2,item,yes,https://palworld-chi.vercel.app/en/item/blueprint-accessory-heatcoldresist-1-2,7,yes,1,1
https://palworld-chi.vercel.app/en/item/blueprint-accessory-heatfire-1,item,yes,https://palworld-chi.vercel.app/en/item/blueprint-accessory-heatfire-1,7,yes,1,1
https://palworld-chi.vercel.app/en/item/blueprint-accessory-heatresist-1-2,item,yes,https://palworld-chi.vercel.app/en/item/blueprint-accessory-heatresist-1-2,7,yes,1,1
https://palworld-chi.vercel.app/en/item/blueprint-accessory-hp-1-2,item,yes,https://palworld-chi.vercel.app/en/item/blueprint-accessory-hp-1-2,7,yes,1,1
https://palworld-chi.vercel.app/en/item/blueprint-accessory-iceresist-1-2,item,yes,https://palworld-chi.vercel.app/en/item/blueprint-accessory-iceresist-1-2,7,yes,1,1
https://palworld-chi.vercel.app/en/item/blueprint-accessory-jumpair-1,item,yes,https://palworld-chi.vercel.app/en/item/blueprint-accessory-jumpair-1,7,yes,1,1
https://palworld-chi.vercel.app/en/item/blueprint-accessory-jumpair-2,item,yes,https://palworld-chi.vercel.app/en/item/blueprint-accessory-jumpair-2,7,yes,1,1
https://palworld-chi.vercel.app/en/item/blueprint-accessory-leafresist-1-2,item,yes,https://palworld-chi.vercel.app/en/item/blueprint-accessory-leafresist-1-2,7,yes,1,1
https://palworld-chi.vercel.app/en/item/blueprint-accessory-maxweightup-01-2,item,yes,https://palworld-chi.vercel.app/en/item/blueprint-accessory-maxweightup-01-2,7,yes,1,1
https://palworld-chi.vercel.app/en/item/blueprint-accessory-nonkchecker-1,item,yes,https://palworld-chi.vercel.app/en/item/blueprint-accessory-nonkchecker-1,7,yes,1,1
https://palworld-chi.vercel.app/en/item/blueprint-accessory-normalresist-1-2,item,yes,https://palworld-chi.vercel.app/en/item/blueprint-accessory-normalresist-1-2,7,yes,1,1
https://palworld-chi.vercel.app/en/item/blueprint-accessory-otomo-dargon-1,item,yes,https://palworld-chi.vercel.app/en/item/blueprint-accessory-otomo-dargon-1,7,yes,1,1
https://palworld-chi.vercel.app/en/item/blueprint-accessory-otomo-dark-1,item,yes,https://palworld-chi.vercel.app/en/item/blueprint-accessory-otomo-dark-1,7,yes,1,1
https://palworld-chi.vercel.app/en/item/blueprint-accessory-otomo-earth-1,item,yes,https://palworld-chi.vercel.app/en/item/blueprint-accessory-otomo-earth-1,7,yes,1,1
https://palworld-chi.vercel.app/en/item/blueprint-accessory-otomo-electricity-1,item,yes,https://palworld-chi.vercel.app/en/item/blueprint-accessory-otomo-electricity-1,7,yes,1,1
https://palworld-chi.vercel.app/en/item/blueprint-accessory-otomo-fire-1,item,yes,https://palworld-chi.vercel.app/en/item/blueprint-accessory-otomo-fire-1,7,yes,1,1
https://palworld-chi.vercel.app/en/item/blueprint-accessory-otomo-fire-2,item,yes,https://palworld-chi.vercel.app/en/item/blueprint-accessory-otomo-fire-2,7,yes,1,1
https://palworld-chi.vercel.app/en/item/blueprint-accessory-otomo-ice-1,item,yes,https://palworld-chi.vercel.app/en/item/blueprint-accessory-otomo-ice-1,7,yes,1,1
https://palworld-chi.vercel.app/en/item/blueprint-accessory-otomo-leaf-1,item,yes,https://palworld-chi.vercel.app/en/item/blueprint-accessory-otomo-leaf-1,7,yes,1,1
https://palworld-chi.vercel.app/en/item/blueprint-accessory-otomo-water-1,item,yes,https://palworld-chi.vercel.app/en/item/blueprint-accessory-otomo-water-1,7,yes,1,1
https://palworld-chi.vercel.app/en/item/blueprint-accessory-ppat-1,item,yes,https://palworld-chi.vercel.app/en/item/blueprint-accessory-ppat-1,7,yes,1,1
https://palworld-chi.vercel.app/en/item/blueprint-accessory-ppdf-1,item,yes,https://palworld-chi.vercel.app/en/item/blueprint-accessory-ppdf-1,7,yes,1,1
https://palworld-chi.vercel.app/en/item/blueprint-accessory-superjumpair-1,item,yes,https://palworld-chi.vercel.app/en/item/blueprint-accessory-superjumpair-1,7,yes,1,1
https://palworld-chi.vercel.app/en/item/blueprint-accessory-superjumpair-2,item,yes,https://palworld-chi.vercel.app/en/item/blueprint-accessory-superjumpair-2,7,yes,1,1
https://palworld-chi.vercel.app/en/item/blueprint-accessory-thunderresist-1-2,item,yes,https://palworld-chi.vercel.app/en/item/blueprint-accessory-thunderresist-1-2,7,yes,1,1
https://palworld-chi.vercel.app/en/item/blueprint-accessory-wkmc-1,item,yes,https://palworld-chi.vercel.app/en/item/blueprint-accessory-wkmc-1,7,yes,1,1
https://palworld-chi.vercel.app/en/item/blueprint-accessory-workspeed-1-2,item,yes,https://palworld-chi.vercel.app/en/item/blueprint-accessory-workspeed-1-2,7,yes,1,1
https://palworld-chi.vercel.app/en/item/blueprint-ancientarmor-2,item,yes,https://palworld-chi.vercel.app/en/item/blueprint-ancientarmor-2,7,yes,1,1
https://palworld-chi.vercel.app/en/item/blueprint-ancientarmor-3,item,yes,https://palworld-chi.vercel.app/en/item/blueprint-ancientarmor-3,7,yes,1,1
https://palworld-chi.vercel.app/en/item/blueprint-ancientarmor-4,item,yes,https://palworld-chi.vercel.app/en/item/blueprint-ancientarmor-4,7,yes,1,1
https://palworld-chi.vercel.app/en/item/blueprint-ancientarmor-5,item,yes,https://palworld-chi.vercel.app/en/item/blueprint-ancientarmor-5,7,yes,1,1
https://palworld-chi.vercel.app/en/item/blueprint-ancientarmorcold-2,item,yes,https://palworld-chi.vercel.app/en/item/blueprint-ancientarmorcold-2,7,yes,1,1
https://palworld-chi.vercel.app/en/item/blueprint-ancientarmorcold-3,item,yes,https://palworld-chi.vercel.app/en/item/blueprint-ancientarmorcold-3,7,yes,1,1
https://palworld-chi.vercel.app/en/item/blueprint-ancientarmorcold-4,item,yes,https://palworld-chi.vercel.app/en/item/blueprint-ancientarmorcold-4,7,yes,1,1
https://palworld-chi.vercel.app/en/item/blueprint-ancientarmorcold-5,item,yes,https://palworld-chi.vercel.app/en/item/blueprint-ancientarmorcold-5,7,yes,1,1
https://palworld-chi.vercel.app/en/item/blueprint-ancientarmorheat-2,item,yes,https://palworld-chi.vercel.app/en/item/blueprint-ancientarmorheat-2,7,yes,1,1
https://palworld-chi.vercel.app/en/item/blueprint-ancientarmorheat-3,item,yes,https://palworld-chi.vercel.app/en/item/blueprint-ancientarmorheat-3,7,yes,1,1
https://palworld-chi.vercel.app/en/item/blueprint-ancientarmorheat-4,item,yes,https://palworld-chi.vercel.app/en/item/blueprint-ancientarmorheat-4,7,yes,1,1
https://palworld-chi.vercel.app/en/item/blueprint-ancientarmorheat-5,item,yes,https://palworld-chi.vercel.app/en/item/blueprint-ancientarmorheat-5,7,yes,1,1
https://palworld-chi.vercel.app/en/item/blueprint-ancientarmorweight-2,item,yes,https://palworld-chi.vercel.app/en/item/blueprint-ancientarmorweight-2,7,yes,1,1
https://palworld-chi.vercel.app/en/item/blueprint-ancientarmorweight-3,item,yes,https://palworld-chi.vercel.app/en/item/blueprint-ancientarmorweight-3,7,yes,1,1
https://palworld-chi.vercel.app/en/item/blueprint-ancientarmorweight-4,item,yes,https://palworld-chi.vercel.app/en/item/blueprint-ancientarmorweight-4,7,yes,1,1
https://palworld-chi.vercel.app/en/item/blueprint-ancientarmorweight-5,item,yes,https://palworld-chi.vercel.app/en/item/blueprint-ancientarmorweight-5,7,yes,1,1
https://palworld-chi.vercel.app/en/item/blueprint-ancienthelmet-2,item,yes,https://palworld-chi.vercel.app/en/item/blueprint-ancienthelmet-2,7,yes,1,1
https://palworld-chi.vercel.app/en/item/blueprint-ancienthelmet-3,item,yes,https://palworld-chi.vercel.app/en/item/blueprint-ancienthelmet-3,7,yes,1,1
https://palworld-chi.vercel.app/en/item/blueprint-ancienthelmet-4,item,yes,https://palworld-chi.vercel.app/en/item/blueprint-ancienthelmet-4,7,yes,1,1
https://palworld-chi.vercel.app/en/item/blueprint-ancienthelmet-5,item,yes,https://palworld-chi.vercel.app/en/item/blueprint-ancienthelmet-5,7,yes,1,1
https://palworld-chi.vercel.app/en/item/blueprint-assaultrifle-default2,item,yes,https://palworld-chi.vercel.app/en/item/blueprint-assaultrifle-default2,7,yes,1,1
https://palworld-chi.vercel.app/en/item/blueprint-assaultrifle-default3,item,yes,https://palworld-chi.vercel.app/en/item/blueprint-assaultrifle-default3,7,yes,1,1
https://palworld-chi.vercel.app/en/item/blueprint-assaultrifle-default4,item,yes,https://palworld-chi.vercel.app/en/item/blueprint-assaultrifle-default4,7,yes,1,1
https://palworld-chi.vercel.app/en/item/blueprint-assaultrifle-default5,item,yes,https://palworld-chi.vercel.app/en/item/blueprint-assaultrifle-default5,7,yes,1,1
https://palworld-chi.vercel.app/en/item/blueprint-bat3-2,item,yes,https://palworld-chi.vercel.app/en/item/blueprint-bat3-2,7,yes,1,1
https://palworld-chi.vercel.app/en/item/blueprint-bat3-3,item,yes,https://palworld-chi.vercel.app/en/item/blueprint-bat3-3,7,yes,1,1
https://palworld-chi.vercel.app/en/item/blueprint-bat3-4,item,yes,https://palworld-chi.vercel.app/en/item/blueprint-bat3-4,7,yes,1,1
https://palworld-chi.vercel.app/en/item/blueprint-bat3-5,item,yes,https://palworld-chi.vercel.app/en/item/blueprint-bat3-5,7,yes,1,1
https://palworld-chi.vercel.app/en/item/blueprint-beamlauncher-2,item,yes,https://palworld-chi.vercel.app/en/item/blueprint-beamlauncher-2,7,yes,1,1
https://palworld-chi.vercel.app/en/item/blueprint-beamlauncher-3,item,yes,https://palworld-chi.vercel.app/en/item/blueprint-beamlauncher-3,7,yes,1,1
https://palworld-chi.vercel.app/en/item/blueprint-beamlauncher-4,item,yes,https://palworld-chi.vercel.app/en/item/blueprint-beamlauncher-4,7,yes,1,1
https://palworld-chi.vercel.app/en/item/blueprint-beamlauncher-5,item,yes,https://palworld-chi.vercel.app/en/item/blueprint-beamlauncher-5,7,yes,1,1
https://palworld-chi.vercel.app/en/item/blueprint-beamsword-2,item,yes,https://palworld-chi.vercel.app/en/item/blueprint-beamsword-2,7,yes,1,1
https://palworld-chi.vercel.app/en/item/blueprint-beamsword-3,item,yes,https://palworld-chi.vercel.app/en/item/blueprint-beamsword-3,7,yes,1,1
https://palworld-chi.vercel.app/en/item/blueprint-beamsword-4,item,yes,https://palworld-chi.vercel.app/en/item/blueprint-beamsword-4,7,yes,1,1
https://palworld-chi.vercel.app/en/item/blueprint-beamsword-5,item,yes,https://palworld-chi.vercel.app/en/item/blueprint-beamsword-5,7,yes,1,1
https://palworld-chi.vercel.app/en/item/blueprint-bowgun-2,item,yes,https://palworld-chi.vercel.app/en/item/blueprint-bowgun-2,7,yes,1,1
https://palworld-chi.vercel.app/en/item/blueprint-bowgun-3,item,yes,https://palworld-chi.vercel.app/en/item/blueprint-bowgun-3,7,yes,1,1
https://palworld-chi.vercel.app/en/item/blueprint-bowgun-4,item,yes,https://palworld-chi.vercel.app/en/item/blueprint-bowgun-4,7,yes,1,1
https://palworld-chi.vercel.app/en/item/blueprint-bowgun-5,item,yes,https://palworld-chi.vercel.app/en/item/blueprint-bowgun-5,7,yes,1,1
https://palworld-chi.vercel.app/en/item/blueprint-candlestand,item,yes,https://palworld-chi.vercel.app/en/item/blueprint-candlestand,7,yes,1,1
https://palworld-chi.vercel.app/en/item/blueprint-chargelaserrifle-2,item,yes,https://palworld-chi.vercel.app/en/item/blueprint-chargelaserrifle-2,7,yes,1,1
https://palworld-chi.vercel.app/en/item/blueprint-chargelaserrifle-3,item,yes,https://palworld-chi.vercel.app/en/item/blueprint-chargelaserrifle-3,7,yes,1,1
https://palworld-chi.vercel.app/en/item/blueprint-chargelaserrifle-4,item,yes,https://palworld-chi.vercel.app/en/item/blueprint-chargelaserrifle-4,7,yes,1,1
https://palworld-chi.vercel.app/en/item/blueprint-chargelaserrifle-5,item,yes,https://palworld-chi.vercel.app/en/item/blueprint-chargelaserrifle-5,7,yes,1,1
https://palworld-chi.vercel.app/en/item/blueprint-clotharmor-2,item,yes,https://palworld-chi.vercel.app/en/item/blueprint-clotharmor-2,7,yes,1,1
https://palworld-chi.vercel.app/en/item/blueprint-clotharmor-3,item,yes,https://palworld-chi.vercel.app/en/item/blueprint-clotharmor-3,7,yes,1,1
https://palworld-chi.vercel.app/en/item/blueprint-clotharmor-4,item,yes,https://palworld-chi.vercel.app/en/item/blueprint-clotharmor-4,7,yes,1,1
https://palworld-chi.vercel.app/en/item/blueprint-clotharmor-5,item,yes,https://palworld-chi.vercel.app/en/item/blueprint-clotharmor-5,7,yes,1,1
https://palworld-chi.vercel.app/en/item/blueprint-clotharmorcold-2,item,yes,https://palworld-chi.vercel.app/en/item/blueprint-clotharmorcold-2,7,yes,1,1
https://palworld-chi.vercel.app/en/item/blueprint-clotharmorcold-3,item,yes,https://palworld-chi.vercel.app/en/item/blueprint-clotharmorcold-3,7,yes,1,1
https://palworld-chi.vercel.app/en/item/blueprint-clotharmorcold-4,item,yes,https://palworld-chi.vercel.app/en/item/blueprint-clotharmorcold-4,7,yes,1,1
https://palworld-chi.vercel.app/en/item/blueprint-clotharmorcold-5,item,yes,https://palworld-chi.vercel.app/en/item/blueprint-clotharmorcold-5,7,yes,1,1
https://palworld-chi.vercel.app/en/item/blueprint-clotharmorheat-2,item,yes,https://palworld-chi.vercel.app/en/item/blueprint-clotharmorheat-2,7,yes,1,1
https://palworld-chi.vercel.app/en/item/blueprint-clotharmorheat-3,item,yes,https://palworld-chi.vercel.app/en/item/blueprint-clotharmorheat-3,7,yes,1,1
https://palworld-chi.vercel.app/en/item/blueprint-clotharmorheat-4,item,yes,https://palworld-chi.vercel.app/en/item/blueprint-clotharmorheat-4,7,yes,1,1
https://palworld-chi.vercel.app/en/item/blueprint-clotharmorheat-5,item,yes,https://palworld-chi.vercel.app/en/item/blueprint-clotharmorheat-5,7,yes,1,1
https://palworld-chi.vercel.app/en/item/blueprint-compoundbow-2,item,yes,https://palworld-chi.vercel.app/en/item/blueprint-compoundbow-2,7,yes,1,1
https://palworld-chi.vercel.app/en/item/blueprint-compoundbow-3,item,yes,https://palworld-chi.vercel.app/en/item/blueprint-compoundbow-3,7,yes,1,1
https://palworld-chi.vercel.app/en/item/blueprint-compoundbow-4,item,yes,https://palworld-chi.vercel.app/en/item/blueprint-compoundbow-4,7,yes,1,1
https://palworld-chi.vercel.app/en/item/blueprint-compoundbow-5,item,yes,https://palworld-chi.vercel.app/en/item/blueprint-compoundbow-5,7,yes,1,1
https://palworld-chi.vercel.app/en/item/blueprint-conservationgroupbannera,item,yes,https://palworld-chi.vercel.app/en/item/blueprint-conservationgroupbannera,7,yes,1,1
https://palworld-chi.vercel.app/en/item/blueprint-conservationgroupbannerb,item,yes,https://palworld-chi.vercel.app/en/item/blueprint-conservationgroupbannerb,7,yes,1,1
https://palworld-chi.vercel.app/en/item/blueprint-copperarmor-2,item,yes,https://palworld-chi.vercel.app/en/item/blueprint-copperarmor-2,7,yes,1,1
https://palworld-chi.vercel.app/en/item/blueprint-copperarmor-3,item,yes,https://palworld-chi.vercel.app/en/item/blueprint-copperarmor-3,7,yes,1,1
https://palworld-chi.vercel.app/en/item/blueprint-copperarmor-4,item,yes,https://palworld-chi.vercel.app/en/item/blueprint-copperarmor-4,7,yes,1,1
https://palworld-chi.vercel.app/en/item/blueprint-copperarmor-5,item,yes,https://palworld-chi.vercel.app/en/item/blueprint-copperarmor-5,7,yes,1,1
https://palworld-chi.vercel.app/en/item/blueprint-copperarmorcold-2,item,yes,https://palworld-chi.vercel.app/en/item/blueprint-copperarmorcold-2,7,yes,1,1
https://palworld-chi.vercel.app/en/item/blueprint-copperarmorcold-3,item,yes,https://palworld-chi.vercel.app/en/item/blueprint-copperarmorcold-3,7,yes,1,1
https://palworld-chi.vercel.app/en/item/blueprint-copperarmorcold-4,item,yes,https://palworld-chi.vercel.app/en/item/blueprint-copperarmorcold-4,7,yes,1,1
https://palworld-chi.vercel.app/en/item/blueprint-copperarmorcold-5,item,yes,https://palworld-chi.vercel.app/en/item/blueprint-copperarmorcold-5,7,yes,1,1
https://palworld-chi.vercel.app/en/item/blueprint-copperarmorheat-2,item,yes,https://palworld-chi.vercel.app/en/item/blueprint-copperarmorheat-2,7,yes,1,1
https://palworld-chi.vercel.app/en/item/blueprint-copperarmorheat-3,item,yes,https://palworld-chi.vercel.app/en/item/blueprint-copperarmorheat-3,7,yes,1,1
https://palworld-chi.vercel.app/en/item/blueprint-copperarmorheat-4,item,yes,https://palworld-chi.vercel.app/en/item/blueprint-copperarmorheat-4,7,yes,1,1
https://palworld-chi.vercel.app/en/item/blueprint-copperarmorheat-5,item,yes,https://palworld-chi.vercel.app/en/item/blueprint-copperarmorheat-5,7,yes,1,1
https://palworld-chi.vercel.app/en/item/blueprint-copperhelmet-2,item,yes,https://palworld-chi.vercel.app/en/item/blueprint-copperhelmet-2,7,yes,1,1
https://palworld-chi.vercel.app/en/item/blueprint-copperhelmet-3,item,yes,https://palworld-chi.vercel.app/en/item/blueprint-copperhelmet-3,7,yes,1,1
https://palworld-chi.vercel.app/en/item/blueprint-copperhelmet-4,item,yes,https://palworld-chi.vercel.app/en/item/blueprint-copperhelmet-4,7,yes,1,1
https://palworld-chi.vercel.app/en/item/blueprint-copperhelmet-5,item,yes,https://palworld-chi.vercel.app/en/item/blueprint-copperhelmet-5,7,yes,1,1
https://palworld-chi.vercel.app/en/item/blueprint-doublebarrelshotgun-2,item,yes,https://palworld-chi.vercel.app/en/item/blueprint-doublebarrelshotgun-2,7,yes,1,1
https://palworld-chi.vercel.app/en/item/blueprint-doublebarrelshotgun-3,item,yes,https://palworld-chi.vercel.app/en/item/blueprint-doublebarrelshotgun-3,7,yes,1,1
https://palworld-chi.vercel.app/en/item/blueprint-doublebarrelshotgun-4,item,yes,https://palworld-chi.vercel.app/en/item/blueprint-doublebarrelshotgun-4,7,yes,1,1
https://palworld-chi.vercel.app/en/item/blueprint-doublebarrelshotgun-5,item,yes,https://palworld-chi.vercel.app/en/item/blueprint-doublebarrelshotgun-5,7,yes,1,1
https://palworld-chi.vercel.app/en/item/blueprint-dronelauncher-2,item,yes,https://palworld-chi.vercel.app/en/item/blueprint-dronelauncher-2,7,yes,1,1
https://palworld-chi.vercel.app/en/item/blueprint-dronelauncher-3,item,yes,https://palworld-chi.vercel.app/en/item/blueprint-dronelauncher-3,7,yes,1,1
https://palworld-chi.vercel.app/en/item/blueprint-dronelauncher-4,item,yes,https://palworld-chi.vercel.app/en/item/blueprint-dronelauncher-4,7,yes,1,1
https://palworld-chi.vercel.app/en/item/blueprint-dronelauncher-5,item,yes,https://palworld-chi.vercel.app/en/item/blueprint-dronelauncher-5,7,yes,1,1
https://palworld-chi.vercel.app/en/item/blueprint-electricarcassaultrifle-2,item,yes,https://palworld-chi.vercel.app/en/item/blueprint-electricarcassaultrifle-2,7,yes,1,1
https://palworld-chi.vercel.app/en/item/blueprint-electricarcassaultrifle-3,item,yes,https://palworld-chi.vercel.app/en/item/blueprint-electricarcassaultrifle-3,7,yes,1,1
https://palworld-chi.vercel.app/en/item/blueprint-electricarcassaultrifle-4,item,yes,https://palworld-chi.vercel.app/en/item/blueprint-electricarcassaultrifle-4,7,yes,1,1
https://palworld-chi.vercel.app/en/item/blueprint-electricarcassaultrifle-5,item,yes,https://palworld-chi.vercel.app/en/item/blueprint-electricarcassaultrifle-5,7,yes,1,1
https://palworld-chi.vercel.app/en/item/blueprint-energyrocketlauncher-2,item,yes,https://palworld-chi.vercel.app/en/item/blueprint-energyrocketlauncher-2,7,yes,1,1
https://palworld-chi.vercel.app/en/item/blueprint-energyrocketlauncher-3,item,yes,https://palworld-chi.vercel.app/en/item/blueprint-energyrocketlauncher-3,7,yes,1,1
https://palworld-chi.vercel.app/en/item/blueprint-energyrocketlauncher-4,item,yes,https://palworld-chi.vercel.app/en/item/blueprint-energyrocketlauncher-4,7,yes,1,1
https://palworld-chi.vercel.app/en/item/blueprint-energyrocketlauncher-5,item,yes,https://palworld-chi.vercel.app/en/item/blueprint-energyrocketlauncher-5,7,yes,1,1
https://palworld-chi.vercel.app/en/item/blueprint-energyshotgun-2,item,yes,https://palworld-chi.vercel.app/en/item/blueprint-energyshotgun-2,7,yes,1,1
https://palworld-chi.vercel.app/en/item/blueprint-energyshotgun-3,item,yes,https://palworld-chi.vercel.app/en/item/blueprint-energyshotgun-3,7,yes,1,1
https://palworld-chi.vercel.app/en/item/blueprint-energyshotgun-4,item,yes,https://palworld-chi.vercel.app/en/item/blueprint-energyshotgun-4,7,yes,1,1
https://palworld-chi.vercel.app/en/item/blueprint-energyshotgun-5,item,yes,https://palworld-chi.vercel.app/en/item/blueprint-energyshotgun-5,7,yes,1,1
https://palworld-chi.vercel.app/en/item/blueprint-firestand,item,yes,https://palworld-chi.vercel.app/en/item/blueprint-firestand,7,yes,1,1
https://palworld-chi.vercel.app/en/item/blueprint-fishingrod-01-2,item,yes,https://palworld-chi.vercel.app/en/item/blueprint-fishingrod-01-2,7,yes,1,1
https://palworld-chi.vercel.app/en/item/blueprint-fishingrod-02-2,item,yes,https://palworld-chi.vercel.app/en/item/blueprint-fishingrod-02-2,7,yes,1,1
https://palworld-chi.vercel.app/en/item/blueprint-fishingrod-03-2,item,yes,https://palworld-chi.vercel.app/en/item/blueprint-fishingrod-03-2,7,yes,1,1
https://palworld-chi.vercel.app/en/item/blueprint-flamethrower-2,item,yes,https://palworld-chi.vercel.app/en/item/blueprint-flamethrower-2,7,yes,1,1
https://palworld-chi.vercel.app/en/item/blueprint-flamethrower-3,item,yes,https://palworld-chi.vercel.app/en/item/blueprint-flamethrower-3,7,yes,1,1
https://palworld-chi.vercel.app/en/item/blueprint-flamethrower-4,item,yes,https://palworld-chi.vercel.app/en/item/blueprint-flamethrower-4,7,yes,1,1
https://palworld-chi.vercel.app/en/item/blueprint-flamethrower-5,item,yes,https://palworld-chi.vercel.app/en/item/blueprint-flamethrower-5,7,yes,1,1
https://palworld-chi.vercel.app/en/item/blueprint-furarmor-2,item,yes,https://palworld-chi.vercel.app/en/item/blueprint-furarmor-2,7,yes,1,1
https://palworld-chi.vercel.app/en/item/blueprint-furarmor-3,item,yes,https://palworld-chi.vercel.app/en/item/blueprint-furarmor-3,7,yes,1,1
https://palworld-chi.vercel.app/en/item/blueprint-furarmor-4,item,yes,https://palworld-chi.vercel.app/en/item/blueprint-furarmor-4,7,yes,1,1
https://palworld-chi.vercel.app/en/item/blueprint-furarmor-5,item,yes,https://palworld-chi.vercel.app/en/item/blueprint-furarmor-5,7,yes,1,1
https://palworld-chi.vercel.app/en/item/blueprint-furarmorcold-2,item,yes,https://palworld-chi.vercel.app/en/item/blueprint-furarmorcold-2,7,yes,1,1
https://palworld-chi.vercel.app/en/item/blueprint-furarmorcold-3,item,yes,https://palworld-chi.vercel.app/en/item/blueprint-furarmorcold-3,7,yes,1,1
https://palworld-chi.vercel.app/en/item/blueprint-furarmorcold-4,item,yes,https://palworld-chi.vercel.app/en/item/blueprint-furarmorcold-4,7,yes,1,1
https://palworld-chi.vercel.app/en/item/blueprint-furarmorcold-5,item,yes,https://palworld-chi.vercel.app/en/item/blueprint-furarmorcold-5,7,yes,1,1
https://palworld-chi.vercel.app/en/item/blueprint-furarmorheat-2,item,yes,https://palworld-chi.vercel.app/en/item/blueprint-furarmorheat-2,7,yes,1,1
https://palworld-chi.vercel.app/en/item/blueprint-furarmorheat-3,item,yes,https://palworld-chi.vercel.app/en/item/blueprint-furarmorheat-3,7,yes,1,1
https://palworld-chi.vercel.app/en/item/blueprint-furarmorheat-4,item,yes,https://palworld-chi.vercel.app/en/item/blueprint-furarmorheat-4,7,yes,1,1
https://palworld-chi.vercel.app/en/item/blueprint-furarmorheat-5,item,yes,https://palworld-chi.vercel.app/en/item/blueprint-furarmorheat-5,7,yes,1,1
https://palworld-chi.vercel.app/en/item/blueprint-furhelmet-2,item,yes,https://palworld-chi.vercel.app/en/item/blueprint-furhelmet-2,7,yes,1,1
https://palworld-chi.vercel.app/en/item/blueprint-furhelmet-3,item,yes,https://palworld-chi.vercel.app/en/item/blueprint-furhelmet-3,7,yes,1,1
https://palworld-chi.vercel.app/en/item/blueprint-furhelmet-4,item,yes,https://palworld-chi.vercel.app/en/item/blueprint-furhelmet-4,7,yes,1,1
https://palworld-chi.vercel.app/en/item/blueprint-furhelmet-5,item,yes,https://palworld-chi.vercel.app/en/item/blueprint-furhelmet-5,7,yes,1,1
https://palworld-chi.vercel.app/en/item/blueprint-gatlinggun-2,item,yes,https://palworld-chi.vercel.app/en/item/blueprint-gatlinggun-2,7,yes,1,1
https://palworld-chi.vercel.app/en/item/blueprint-gatlinggun-3,item,yes,https://palworld-chi.vercel.app/en/item/blueprint-gatlinggun-3,7,yes,1,1
https://palworld-chi.vercel.app/en/item/blueprint-gatlinggun-4,item,yes,https://palworld-chi.vercel.app/en/item/blueprint-gatlinggun-4,7,yes,1,1
https://palworld-chi.vercel.app/en/item/blueprint-gatlinggun-5,item,yes,https://palworld-chi.vercel.app/en/item/blueprint-gatlinggun-5,7,yes,1,1
https://palworld-chi.vercel.app/en/item/blueprint-grenadelauncher-2,item,yes,https://palworld-chi.vercel.app/en/item/blueprint-grenadelauncher-2,7,yes,1,1
https://palworld-chi.vercel.app/en/item/blueprint-grenadelauncher-3,item,yes,https://palworld-chi.vercel.app/en/item/blueprint-grenadelauncher-3,7,yes,1,1
https://palworld-chi.vercel.app/en/item/blueprint-grenadelauncher-4,item,yes,https://palworld-chi.vercel.app/en/item/blueprint-grenadelauncher-4,7,yes,1,1
https://palworld-chi.vercel.app/en/item/blueprint-grenadelauncher-5,item,yes,https://palworld-chi.vercel.app/en/item/blueprint-grenadelauncher-5,7,yes,1,1
https://palworld-chi.vercel.app/en/item/blueprint-guardiandogstatue,item,yes,https://palworld-chi.vercel.app/en/item/blueprint-guardiandogstatue,7,yes,1,1
https://palworld-chi.vercel.app/en/item/blueprint-guidedmissilelauncher-2,item,yes,https://palworld-chi.vercel.app/en/item/blueprint-guidedmissilelauncher-2,7,yes,1,1
https://palworld-chi.vercel.app/en/item/blueprint-guidedmissilelauncher-3,item,yes,https://palworld-chi.vercel.app/en/item/blueprint-guidedmissilelauncher-3,7,yes,1,1
https://palworld-chi.vercel.app/en/item/blueprint-guidedmissilelauncher-4,item,yes,https://palworld-chi.vercel.app/en/item/blueprint-guidedmissilelauncher-4,7,yes,1,1
https://palworld-chi.vercel.app/en/item/blueprint-guidedmissilelauncher-5,item,yes,https://palworld-chi.vercel.app/en/item/blueprint-guidedmissilelauncher-5,7,yes,1,1
https://palworld-chi.vercel.app/en/item/blueprint-handgun-default-2,item,yes,https://palworld-chi.vercel.app/en/item/blueprint-handgun-default-2,7,yes,1,1
https://palworld-chi.vercel.app/en/item/blueprint-handgun-default-3,item,yes,https://palworld-chi.vercel.app/en/item/blueprint-handgun-default-3,7,yes,1,1
https://palworld-chi.vercel.app/en/item/blueprint-handgun-default-4,item,yes,https://palworld-chi.vercel.app/en/item/blueprint-handgun-default-4,7,yes,1,1
https://palworld-chi.vercel.app/en/item/blueprint-handgun-default-5,item,yes,https://palworld-chi.vercel.app/en/item/blueprint-handgun-default-5,7,yes,1,1
https://palworld-chi.vercel.app/en/item/blueprint-head001-1,item,yes,https://palworld-chi.vercel.app/en/item/blueprint-head001-1,7,yes,1,1
https://palworld-chi.vercel.app/en/item/blueprint-head002-1,item,yes,https://palworld-chi.vercel.app/en/item/blueprint-head002-1,7,yes,1,1
https://palworld-chi.vercel.app/en/item/blueprint-head003-1,item,yes,https://palworld-chi.vercel.app/en/item/blueprint-head003-1,7,yes,1,1
https://palworld-chi.vercel.app/en/item/blueprint-head004-1,item,yes,https://palworld-chi.vercel.app/en/item/blueprint-head004-1,7,yes,1,1
https://palworld-chi.vercel.app/en/item/blueprint-head005-1,item,yes,https://palworld-chi.vercel.app/en/item/blueprint-head005-1,7,yes,1,1
https://palworld-chi.vercel.app/en/item/blueprint-head006-1,item,yes,https://palworld-chi.vercel.app/en/item/blueprint-head006-1,7,yes,1,1
https://palworld-chi.vercel.app/en/item/blueprint-head007-1,item,yes,https://palworld-chi.vercel.app/en/item/blueprint-head007-1,7,yes,1,1
https://palworld-chi.vercel.app/en/item/blueprint-head008-1,item,yes,https://palworld-chi.vercel.app/en/item/blueprint-head008-1,7,yes,1,1
https://palworld-chi.vercel.app/en/item/blueprint-head009-1,item,yes,https://palworld-chi.vercel.app/en/item/blueprint-head009-1,7,yes,1,1
https://palworld-chi.vercel.app/en/item/blueprint-head010-1,item,yes,https://palworld-chi.vercel.app/en/item/blueprint-head010-1,7,yes,1,1
https://palworld-chi.vercel.app/en/item/blueprint-head011-1,item,yes,https://palworld-chi.vercel.app/en/item/blueprint-head011-1,7,yes,1,1
https://palworld-chi.vercel.app/en/item/blueprint-head012-1,item,yes,https://palworld-chi.vercel.app/en/item/blueprint-head012-1,7,yes,1,1
https://palworld-chi.vercel.app/en/item/blueprint-head013-1,item,yes,https://palworld-chi.vercel.app/en/item/blueprint-head013-1,7,yes,1,1
https://palworld-chi.vercel.app/en/item/blueprint-head014-1,item,yes,https://palworld-chi.vercel.app/en/item/blueprint-head014-1,7,yes,1,1
https://palworld-chi.vercel.app/en/item/blueprint-head015-1,item,yes,https://palworld-chi.vercel.app/en/item/blueprint-head015-1,7,yes,1,1
https://palworld-chi.vercel.app/en/item/blueprint-head016-1,item,yes,https://palworld-chi.vercel.app/en/item/blueprint-head016-1,7,yes,1,1
https://palworld-chi.vercel.app/en/item/blueprint-head017-1,item,yes,https://palworld-chi.vercel.app/en/item/blueprint-head017-1,7,yes,1,1
https://palworld-chi.vercel.app/en/item/blueprint-headequip025-1,item,yes,https://palworld-chi.vercel.app/en/item/blueprint-headequip025-1,7,yes,1,1
https://palworld-chi.vercel.app/en/item/blueprint-headequip026-1,item,yes,https://palworld-chi.vercel.app/en/item/blueprint-headequip026-1,7,yes,1,1
https://palworld-chi.vercel.app/en/item/blueprint-headequip028-1,item,yes,https://palworld-chi.vercel.app/en/item/blueprint-headequip028-1,7,yes,1,1
https://palworld-chi.vercel.app/en/item/blueprint-headequip031-1,item,yes,https://palworld-chi.vercel.app/en/item/blueprint-headequip031-1,7,yes,1,1
https://palworld-chi.vercel.app/en/item/blueprint-headequip032-1,item,yes,https://palworld-chi.vercel.app/en/item/blueprint-headequip032-1,7,yes,1,1
https://palworld-chi.vercel.app/en/item/blueprint-hunter-gangflag,item,yes,https://palworld-chi.vercel.app/en/item/blueprint-hunter-gangflag,7,yes,1,1
https://palworld-chi.vercel.app/en/item/blueprint-ironarmor-2,item,yes,https://palworld-chi.vercel.app/en/item/blueprint-ironarmor-2,7,yes,1,1
https://palworld-chi.vercel.app/en/item/blueprint-ironarmor-3,item,yes,https://palworld-chi.vercel.app/en/item/blueprint-ironarmor-3,7,yes,1,1
https://palworld-chi.vercel.app/en/item/blueprint-ironarmor-4,item,yes,https://palworld-chi.vercel.app/en/item/blueprint-ironarmor-4,7,yes,1,1
https://palworld-chi.vercel.app/en/item/blueprint-ironarmor-5,item,yes,https://palworld-chi.vercel.app/en/item/blueprint-ironarmor-5,7,yes,1,1
https://palworld-chi.vercel.app/en/item/blueprint-ironarmorcold-2,item,yes,https://palworld-chi.vercel.app/en/item/blueprint-ironarmorcold-2,7,yes,1,1
https://palworld-chi.vercel.app/en/item/blueprint-ironarmorcold-3,item,yes,https://palworld-chi.vercel.app/en/item/blueprint-ironarmorcold-3,7,yes,1,1
https://palworld-chi.vercel.app/en/item/blueprint-ironarmorcold-4,item,yes,https://palworld-chi.vercel.app/en/item/blueprint-ironarmorcold-4,7,yes,1,1
https://palworld-chi.vercel.app/en/item/blueprint-ironarmorcold-5,item,yes,https://palworld-chi.vercel.app/en/item/blueprint-ironarmorcold-5,7,yes,1,1
https://palworld-chi.vercel.app/en/item/blueprint-ironarmorheat-2,item,yes,https://palworld-chi.vercel.app/en/item/blueprint-ironarmorheat-2,7,yes,1,1
https://palworld-chi.vercel.app/en/item/blueprint-ironarmorheat-3,item,yes,https://palworld-chi.vercel.app/en/item/blueprint-ironarmorheat-3,7,yes,1,1
https://palworld-chi.vercel.app/en/item/blueprint-ironarmorheat-4,item,yes,https://palworld-chi.vercel.app/en/item/blueprint-ironarmorheat-4,7,yes,1,1
https://palworld-chi.vercel.app/en/item/blueprint-ironarmorheat-5,item,yes,https://palworld-chi.vercel.app/en/item/blueprint-ironarmorheat-5,7,yes,1,1
https://palworld-chi.vercel.app/en/item/blueprint-ironhelmet-2,item,yes,https://palworld-chi.vercel.app/en/item/blueprint-ironhelmet-2,7,yes,1,1
https://palworld-chi.vercel.app/en/item/blueprint-ironhelmet-3,item,yes,https://palworld-chi.vercel.app/en/item/blueprint-ironhelmet-3,7,yes,1,1
https://palworld-chi.vercel.app/en/item/blueprint-ironhelmet-4,item,yes,https://palworld-chi.vercel.app/en/item/blueprint-ironhelmet-4,7,yes,1,1
https://palworld-chi.vercel.app/en/item/blueprint-ironhelmet-5,item,yes,https://palworld-chi.vercel.app/en/item/blueprint-ironhelmet-5,7,yes,1,1
https://palworld-chi.vercel.app/en/item/blueprint-katana-2,item,yes,https://palworld-chi.vercel.app/en/item/blueprint-katana-2,7,yes,1,1
https://palworld-chi.vercel.app/en/item/blueprint-katana-3,item,yes,https://palworld-chi.vercel.app/en/item/blueprint-katana-3,7,yes,1,1
https://palworld-chi.vercel.app/en/item/blueprint-katana-4,item,yes,https://palworld-chi.vercel.app/en/item/blueprint-katana-4,7,yes,1,1
https://palworld-chi.vercel.app/en/item/blueprint-katana-5,item,yes,https://palworld-chi.vercel.app/en/item/blueprint-katana-5,7,yes,1,1
https://palworld-chi.vercel.app/en/item/blueprint-lanterntop,item,yes,https://palworld-chi.vercel.app/en/item/blueprint-lanterntop,7,yes,1,1
https://palworld-chi.vercel.app/en/item/blueprint-lasergatlinggun-2,item,yes,https://palworld-chi.vercel.app/en/item/blueprint-lasergatlinggun-2,7,yes,1,1
https://palworld-chi.vercel.app/en/item/blueprint-lasergatlinggun-3,item,yes,https://palworld-chi.vercel.app/en/item/blueprint-lasergatlinggun-3,7,yes,1,1
https://palworld-chi.vercel.app/en/item/blueprint-lasergatlinggun-4,item,yes,https://palworld-chi.vercel.app/en/item/blueprint-lasergatlinggun-4,7,yes,1,1
https://palworld-chi.vercel.app/en/item/blueprint-lasergatlinggun-5,item,yes,https://palworld-chi.vercel.app/en/item/blueprint-lasergatlinggun-5,7,yes,1,1
https://palworld-chi.vercel.app/en/item/blueprint-laserrifle-2,item,yes,https://palworld-chi.vercel.app/en/item/blueprint-laserrifle-2,7,yes,1,1
https://palworld-chi.vercel.app/en/item/blueprint-laserrifle-3,item,yes,https://palworld-chi.vercel.app/en/item/blueprint-laserrifle-3,7,yes,1,1
https://palworld-chi.vercel.app/en/item/blueprint-laserrifle-4,item,yes,https://palworld-chi.vercel.app/en/item/blueprint-laserrifle-4,7,yes,1,1
https://palworld-chi.vercel.app/en/item/blueprint-laserrifle-5,item,yes,https://palworld-chi.vercel.app/en/item/blueprint-laserrifle-5,7,yes,1,1
https://palworld-chi.vercel.app/en/item/blueprint-launcher-default-2,item,yes,https://palworld-chi.vercel.app/en/item/blueprint-launcher-default-2,7,yes,1,1
https://palworld-chi.vercel.app/en/item/blueprint-launcher-default-3,item,yes,https://palworld-chi.vercel.app/en/item/blueprint-launcher-default-3,7,yes,1,1
https://palworld-chi.vercel.app/en/item/blueprint-launcher-default-4,item,yes,https://palworld-chi.vercel.app/en/item/blueprint-launcher-default-4,7,yes,1,1
https://palworld-chi.vercel.app/en/item/blueprint-launcher-default-5,item,yes,https://palworld-chi.vercel.app/en/item/blueprint-launcher-default-5,7,yes,1,1
https://palworld-chi.vercel.app/en/item/blueprint-lilyqueenstatue,item,yes,https://palworld-chi.vercel.app/en/item/blueprint-lilyqueenstatue,7,yes,1,1
https://palworld-chi.vercel.app/en/item/blueprint-makeshiftassaultrifle-2,item,yes,https://palworld-chi.vercel.app/en/item/blueprint-makeshiftassaultrifle-2,7,yes,1,1
https://palworld-chi.vercel.app/en/item/blueprint-makeshiftassaultrifle-3,item,yes,https://palworld-chi.vercel.app/en/item/blueprint-makeshiftassaultrifle-3,7,yes,1,1
https://palworld-chi.vercel.app/en/item/blueprint-makeshiftassaultrifle-4,item,yes,https://palworld-chi.vercel.app/en/item/blueprint-makeshiftassaultrifle-4,7,yes,1,1
https://palworld-chi.vercel.app/en/item/blueprint-makeshiftassaultrifle-5,item,yes,https://palworld-chi.vercel.app/en/item/blueprint-makeshiftassaultrifle-5,7,yes,1,1
https://palworld-chi.vercel.app/en/item/blueprint-makeshifthandgun-2,item,yes,https://palworld-chi.vercel.app/en/item/blueprint-makeshifthandgun-2,7,yes,1,1
https://palworld-chi.vercel.app/en/item/blueprint-makeshifthandgun-3,item,yes,https://palworld-chi.vercel.app/en/item/blueprint-makeshifthandgun-3,7,yes,1,1
https://palworld-chi.vercel.app/en/item/blueprint-makeshifthandgun-4,item,yes,https://palworld-chi.vercel.app/en/item/blueprint-makeshifthandgun-4,7,yes,1,1
https://palworld-chi.vercel.app/en/item/blueprint-makeshifthandgun-5,item,yes,https://palworld-chi.vercel.app/en/item/blueprint-makeshifthandgun-5,7,yes,1,1
https://palworld-chi.vercel.app/en/item/blueprint-makeshiftshotgun-2,item,yes,https://palworld-chi.vercel.app/en/item/blueprint-makeshiftshotgun-2,7,yes,1,1
https://palworld-chi.vercel.app/en/item/blueprint-makeshiftshotgun-3,item,yes,https://palworld-chi.vercel.app/en/item/blueprint-makeshiftshotgun-3,7,yes,1,1
https://palworld-chi.vercel.app/en/item/blueprint-makeshiftshotgun-4,item,yes,https://palworld-chi.vercel.app/en/item/blueprint-makeshiftshotgun-4,7,yes,1,1
https://palworld-chi.vercel.app/en/item/blueprint-makeshiftshotgun-5,item,yes,https://palworld-chi.vercel.app/en/item/blueprint-makeshiftshotgun-5,7,yes,1,1
https://palworld-chi.vercel.app/en/item/blueprint-makeshiftsubmachinegun-2,item,yes,https://palworld-chi.vercel.app/en/item/blueprint-makeshiftsubmachinegun-2,7,yes,1,1
https://palworld-chi.vercel.app/en/item/blueprint-makeshiftsubmachinegun-3,item,yes,https://palworld-chi.vercel.app/en/item/blueprint-makeshiftsubmachinegun-3,7,yes,1,1
https://palworld-chi.vercel.app/en/item/blueprint-makeshiftsubmachinegun-4,item,yes,https://palworld-chi.vercel.app/en/item/blueprint-makeshiftsubmachinegun-4,7,yes,1,1
https://palworld-chi.vercel.app/en/item/blueprint-makeshiftsubmachinegun-5,item,yes,https://palworld-chi.vercel.app/en/item/blueprint-makeshiftsubmachinegun-5,7,yes,1,1
https://palworld-chi.vercel.app/en/item/blueprint-multiguidedmissilelauncher,item,yes,https://palworld-chi.vercel.app/en/item/blueprint-multiguidedmissilelauncher,7,yes,1,1
https://palworld-chi.vercel.app/en/item/blueprint-multiguidedmissilelauncher-2,item,yes,https://palworld-chi.vercel.app/en/item/blueprint-multiguidedmissilelauncher-2,7,yes,1,1
https://palworld-chi.vercel.app/en/item/blueprint-multiguidedmissilelauncher-3,item,yes,https://palworld-chi.vercel.app/en/item/blueprint-multiguidedmissilelauncher-3,7,yes,1,1
https://palworld-chi.vercel.app/en/item/blueprint-multiguidedmissilelauncher-4,item,yes,https://palworld-chi.vercel.app/en/item/blueprint-multiguidedmissilelauncher-4,7,yes,1,1
https://palworld-chi.vercel.app/en/item/blueprint-multiguidedmissilelauncher-5,item,yes,https://palworld-chi.vercel.app/en/item/blueprint-multiguidedmissilelauncher-5,7,yes,1,1
https://palworld-chi.vercel.app/en/item/blueprint-musket-2,item,yes,https://palworld-chi.vercel.app/en/item/blueprint-musket-2,7,yes,1,1
https://palworld-chi.vercel.app/en/item/blueprint-musket-3,item,yes,https://palworld-chi.vercel.app/en/item/blueprint-musket-3,7,yes,1,1
https://palworld-chi.vercel.app/en/item/blueprint-musket-4,item,yes,https://palworld-chi.vercel.app/en/item/blueprint-musket-4,7,yes,1,1
https://palworld-chi.vercel.app/en/item/blueprint-musket-5,item,yes,https://palworld-chi.vercel.app/en/item/blueprint-musket-5,7,yes,1,1
https://palworld-chi.vercel.app/en/item/blueprint-octavia001-armor-5,item,yes,https://palworld-chi.vercel.app/en/item/blueprint-octavia001-armor-5,7,yes,1,1
https://palworld-chi.vercel.app/en/item/blueprint-octavia002-armor-5,item,yes,https://palworld-chi.vercel.app/en/item/blueprint-octavia002-armor-5,7,yes,1,1
https://palworld-chi.vercel.app/en/item/blueprint-octaviarevolver-5,item,yes,https://palworld-chi.vercel.app/en/item/blueprint-octaviarevolver-5,7,yes,1,1
https://palworld-chi.vercel.app/en/item/blueprint-octaviashotgun-5,item,yes,https://palworld-chi.vercel.app/en/item/blueprint-octaviashotgun-5,7,yes,1,1
https://palworld-chi.vercel.app/en/item/blueprint-oldrevolver-2,item,yes,https://palworld-chi.vercel.app/en/item/blueprint-oldrevolver-2,7,yes,1,1
https://palworld-chi.vercel.app/en/item/blueprint-oldrevolver-3,item,yes,https://palworld-chi.vercel.app/en/item/blueprint-oldrevolver-3,7,yes,1,1
https://palworld-chi.vercel.app/en/item/blueprint-oldrevolver-4,item,yes,https://palworld-chi.vercel.app/en/item/blueprint-oldrevolver-4,7,yes,1,1
https://palworld-chi.vercel.app/en/item/blueprint-oldrevolver-5,item,yes,https://palworld-chi.vercel.app/en/item/blueprint-oldrevolver-5,7,yes,1,1
https://palworld-chi.vercel.app/en/item/blueprint-otomo-atdark-elementboost-1,item,yes,https://palworld-chi.vercel.app/en/item/blueprint-otomo-atdark-elementboost-1,7,yes,1,1
https://palworld-chi.vercel.app/en/item/blueprint-otomo-atdragon-elementboost-1,item,yes,https://palworld-chi.vercel.app/en/item/blueprint-otomo-atdragon-elementboost-1,7,yes,1,1
https://palworld-chi.vercel.app/en/item/blueprint-otomo-atearth-elementboost-1,item,yes,https://palworld-chi.vercel.app/en/item/blueprint-otomo-atearth-elementboost-1,7,yes,1,1
https://palworld-chi.vercel.app/en/item/blueprint-otomo-atelectricity-elementboost-1,item,yes,https://palworld-chi.vercel.app/en/item/blueprint-otomo-atelectricity-elementboost-1,7,yes,1,1
https://palworld-chi.vercel.app/en/item/blueprint-otomo-atfire-elementboost-1,item,yes,https://palworld-chi.vercel.app/en/item/blueprint-otomo-atfire-elementboost-1,7,yes,1,1
https://palworld-chi.vercel.app/en/item/blueprint-otomo-atice-elementboost-1,item,yes,https://palworld-chi.vercel.app/en/item/blueprint-otomo-atice-elementboost-1,7,yes,1,1
https://palworld-chi.vercel.app/en/item/blueprint-otomo-atleaf-elementboost-1,item,yes,https://palworld-chi.vercel.app/en/item/blueprint-otomo-atleaf-elementboost-1,7,yes,1,1
https://palworld-chi.vercel.app/en/item/blueprint-otomo-atnormal-elementboost-1,item,yes,https://palworld-chi.vercel.app/en/item/blueprint-otomo-atnormal-elementboost-1,7,yes,1,1
https://palworld-chi.vercel.app/en/item/blueprint-otomo-attack-up1-2,item,yes,https://palworld-chi.vercel.app/en/item/blueprint-otomo-attack-up1-2,7,yes,1,1
https://palworld-chi.vercel.app/en/item/blueprint-otomo-atwater-elementboost-1,item,yes,https://palworld-chi.vercel.app/en/item/blueprint-otomo-atwater-elementboost-1,7,yes,1,1
https://palworld-chi.vercel.app/en/item/blueprint-otomo-defense-up1-2,item,yes,https://palworld-chi.vercel.app/en/item/blueprint-otomo-defense-up1-2,7,yes,1,1
https://palworld-chi.vercel.app/en/item/blueprint-otomo-dfdark-elementboost-1,item,yes,https://palworld-chi.vercel.app/en/item/blueprint-otomo-dfdark-elementboost-1,7,yes,1,1
https://palworld-chi.vercel.app/en/item/blueprint-otomo-dfdragon-elementboost-1,item,yes,https://palworld-chi.vercel.app/en/item/blueprint-otomo-dfdragon-elementboost-1,7,yes,1,1
https://palworld-chi.vercel.app/en/item/blueprint-otomo-dfearth-elementboost-1,item,yes,https://palworld-chi.vercel.app/en/item/blueprint-otomo-dfearth-elementboost-1,7,yes,1,1
https://palworld-chi.vercel.app/en/item/blueprint-otomo-dfelectricity-elementboost-1,item,yes,https://palworld-chi.vercel.app/en/item/blueprint-otomo-dfelectricity-elementboost-1,7,yes,1,1
https://palworld-chi.vercel.app/en/item/blueprint-otomo-dffire-elementboost-1,item,yes,https://palworld-chi.vercel.app/en/item/blueprint-otomo-dffire-elementboost-1,7,yes,1,1
https://palworld-chi.vercel.app/en/item/blueprint-otomo-dfice-elementboost-1,item,yes,https://palworld-chi.vercel.app/en/item/blueprint-otomo-dfice-elementboost-1,7,yes,1,1
https://palworld-chi.vercel.app/en/item/blueprint-otomo-dfleaf-elementboost-1,item,yes,https://palworld-chi.vercel.app/en/item/blueprint-otomo-dfleaf-elementboost-1,7,yes,1,1
https://palworld-chi.vercel.app/en/item/blueprint-otomo-dfnormal-elementboost-1,item,yes,https://palworld-chi.vercel.app/en/item/blueprint-otomo-dfnormal-elementboost-1,7,yes,1,1
https://palworld-chi.vercel.app/en/item/blueprint-otomo-dfwater-elementboost-1,item,yes,https://palworld-chi.vercel.app/en/item/blueprint-otomo-dfwater-elementboost-1,7,yes,1,1
https://palworld-chi.vercel.app/en/item/blueprint-otomo-elementboost-dark-1-2,item,yes,https://palworld-chi.vercel.app/en/item/blueprint-otomo-elementboost-dark-1-2,7,yes,1,1
https://palworld-chi.vercel.app/en/item/blueprint-otomo-elementboost-dragon-1-2,item,yes,https://palworld-chi.vercel.app/en/item/blueprint-otomo-elementboost-dragon-1-2,7,yes,1,1
https://palworld-chi.vercel.app/en/item/blueprint-otomo-elementboost-earth-1-2,item,yes,https://palworld-chi.vercel.app/en/item/blueprint-otomo-elementboost-earth-1-2,7,yes,1,1
https://palworld-chi.vercel.app/en/item/blueprint-otomo-elementboost-electricity-1-2,item,yes,https://palworld-chi.vercel.app/en/item/blueprint-otomo-elementboost-electricity-1-2,7,yes,1,1
https://palworld-chi.vercel.app/en/item/blueprint-otomo-elementboost-fire-1-2,item,yes,https://palworld-chi.vercel.app/en/item/blueprint-otomo-elementboost-fire-1-2,7,yes,1,1
https://palworld-chi.vercel.app/en/item/blueprint-otomo-elementboost-ice-1-2,item,yes,https://palworld-chi.vercel.app/en/item/blueprint-otomo-elementboost-ice-1-2,7,yes,1,1
https://palworld-chi.vercel.app/en/item/blueprint-otomo-elementboost-leaf-1-2,item,yes,https://palworld-chi.vercel.app/en/item/blueprint-otomo-elementboost-leaf-1-2,7,yes,1,1
https://palworld-chi.vercel.app/en/item/blueprint-otomo-elementboost-normal-1-2,item,yes,https://palworld-chi.vercel.app/en/item/blueprint-otomo-elementboost-normal-1-2,7,yes,1,1
https://palworld-chi.vercel.app/en/item/blueprint-otomo-elementboost-water-1-2,item,yes,https://palworld-chi.vercel.app/en/item/blueprint-otomo-elementboost-water-1-2,7,yes,1,1
https://palworld-chi.vercel.app/en/item/blueprint-otomo-palconfidence-increase-1-fix,item,yes,https://palworld-chi.vercel.app/en/item/blueprint-otomo-palconfidence-increase-1-fix,7,yes,1,1
https://palworld-chi.vercel.app/en/item/blueprint-otomo-palexp-increase-1-2,item,yes,https://palworld-chi.vercel.app/en/item/blueprint-otomo-palexp-increase-1-2,7,yes,1,1
https://palworld-chi.vercel.app/en/item/blueprint-overheatrifle-2,item,yes,https://palworld-chi.vercel.app/en/item/blueprint-overheatrifle-2,7,yes,1,1
https://palworld-chi.vercel.app/en/item/blueprint-overheatrifle-3,item,yes,https://palworld-chi.vercel.app/en/item/blueprint-overheatrifle-3,7,yes,1,1
https://palworld-chi.vercel.app/en/item/blueprint-overheatrifle-4,item,yes,https://palworld-chi.vercel.app/en/item/blueprint-overheatrifle-4,7,yes,1,1
https://palworld-chi.vercel.app/en/item/blueprint-overheatrifle-5,item,yes,https://palworld-chi.vercel.app/en/item/blueprint-overheatrifle-5,7,yes,1,1
https://palworld-chi.vercel.app/en/item/blueprint-palsummon-yakushimaboss002,item,yes,https://palworld-chi.vercel.app/en/item/blueprint-palsummon-yakushimaboss002,7,yes,1,1
https://palworld-chi.vercel.app/en/item/blueprint-plasticarmor-2,item,yes,https://palworld-chi.vercel.app/en/item/blueprint-plasticarmor-2,7,yes,1,1
https://palworld-chi.vercel.app/en/item/blueprint-plasticarmor-3,item,yes,https://palworld-chi.vercel.app/en/item/blueprint-plasticarmor-3,7,yes,1,1
https://palworld-chi.vercel.app/en/item/blueprint-plasticarmor-4,item,yes,https://palworld-chi.vercel.app/en/item/blueprint-plasticarmor-4,7,yes,1,1
https://palworld-chi.vercel.app/en/item/blueprint-plasticarmor-5,item,yes,https://palworld-chi.vercel.app/en/item/blueprint-plasticarmor-5,7,yes,1,1
https://palworld-chi.vercel.app/en/item/blueprint-plasticarmorcold-2,item,yes,https://palworld-chi.vercel.app/en/item/blueprint-plasticarmorcold-2,7,yes,1,1
https://palworld-chi.vercel.app/en/item/blueprint-plasticarmorcold-3,item,yes,https://palworld-chi.vercel.app/en/item/blueprint-plasticarmorcold-3,7,yes,1,1
https://palworld-chi.vercel.app/en/item/blueprint-plasticarmorcold-4,item,yes,https://palworld-chi.vercel.app/en/item/blueprint-plasticarmorcold-4,7,yes,1,1
https://palworld-chi.vercel.app/en/item/blueprint-plasticarmorcold-5,item,yes,https://palworld-chi.vercel.app/en/item/blueprint-plasticarmorcold-5,7,yes,1,1
https://palworld-chi.vercel.app/en/item/blueprint-plasticarmorheat-2,item,yes,https://palworld-chi.vercel.app/en/item/blueprint-plasticarmorheat-2,7,yes,1,1
https://palworld-chi.vercel.app/en/item/blueprint-plasticarmorheat-3,item,yes,https://palworld-chi.vercel.app/en/item/blueprint-plasticarmorheat-3,7,yes,1,1
https://palworld-chi.vercel.app/en/item/blueprint-plasticarmorheat-4,item,yes,https://palworld-chi.vercel.app/en/item/blueprint-plasticarmorheat-4,7,yes,1,1
https://palworld-chi.vercel.app/en/item/blueprint-plasticarmorheat-5,item,yes,https://palworld-chi.vercel.app/en/item/blueprint-plasticarmorheat-5,7,yes,1,1
https://palworld-chi.vercel.app/en/item/blueprint-plasticarmorweight-2,item,yes,https://palworld-chi.vercel.app/en/item/blueprint-plasticarmorweight-2,7,yes,1,1
https://palworld-chi.vercel.app/en/item/blueprint-plasticarmorweight-3,item,yes,https://palworld-chi.vercel.app/en/item/blueprint-plasticarmorweight-3,7,yes,1,1
https://palworld-chi.vercel.app/en/item/blueprint-plasticarmorweight-4,item,yes,https://palworld-chi.vercel.app/en/item/blueprint-plasticarmorweight-4,7,yes,1,1
https://palworld-chi.vercel.app/en/item/blueprint-plasticarmorweight-5,item,yes,https://palworld-chi.vercel.app/en/item/blueprint-plasticarmorweight-5,7,yes,1,1
https://palworld-chi.vercel.app/en/item/blueprint-plastichelmet-2,item,yes,https://palworld-chi.vercel.app/en/item/blueprint-plastichelmet-2,7,yes,1,1
https://palworld-chi.vercel.app/en/item/blueprint-plastichelmet-3,item,yes,https://palworld-chi.vercel.app/en/item/blueprint-plastichelmet-3,7,yes,1,1
https://palworld-chi.vercel.app/en/item/blueprint-plastichelmet-4,item,yes,https://palworld-chi.vercel.app/en/item/blueprint-plastichelmet-4,7,yes,1,1
https://palworld-chi.vercel.app/en/item/blueprint-plastichelmet-5,item,yes,https://palworld-chi.vercel.app/en/item/blueprint-plastichelmet-5,7,yes,1,1
https://palworld-chi.vercel.app/en/item/blueprint-pumpactionshotgun-2,item,yes,https://palworld-chi.vercel.app/en/item/blueprint-pumpactionshotgun-2,7,yes,1,1
https://palworld-chi.vercel.app/en/item/blueprint-pumpactionshotgun-3,item,yes,https://palworld-chi.vercel.app/en/item/blueprint-pumpactionshotgun-3,7,yes,1,1
https://palworld-chi.vercel.app/en/item/blueprint-pumpactionshotgun-4,item,yes,https://palworld-chi.vercel.app/en/item/blueprint-pumpactionshotgun-4,7,yes,1,1
https://palworld-chi.vercel.app/en/item/blueprint-pumpactionshotgun-5,item,yes,https://palworld-chi.vercel.app/en/item/blueprint-pumpactionshotgun-5,7,yes,1,1
https://palworld-chi.vercel.app/en/item/blueprint-semiautorifle-2,item,yes,https://palworld-chi.vercel.app/en/item/blueprint-semiautorifle-2,7,yes,1,1
https://palworld-chi.vercel.app/en/item/blueprint-semiautorifle-3,item,yes,https://palworld-chi.vercel.app/en/item/blueprint-semiautorifle-3,7,yes,1,1
https://palworld-chi.vercel.app/en/item/blueprint-semiautorifle-4,item,yes,https://palworld-chi.vercel.app/en/item/blueprint-semiautorifle-4,7,yes,1,1
https://palworld-chi.vercel.app/en/item/blueprint-semiautorifle-5,item,yes,https://palworld-chi.vercel.app/en/item/blueprint-semiautorifle-5,7,yes,1,1
https://palworld-chi.vercel.app/en/item/blueprint-semiautoshotgun-2,item,yes,https://palworld-chi.vercel.app/en/item/blueprint-semiautoshotgun-2,7,yes,1,1
https://palworld-chi.vercel.app/en/item/blueprint-semiautoshotgun-3,item,yes,https://palworld-chi.vercel.app/en/item/blueprint-semiautoshotgun-3,7,yes,1,1
https://palworld-chi.vercel.app/en/item/blueprint-semiautoshotgun-4,item,yes,https://palworld-chi.vercel.app/en/item/blueprint-semiautoshotgun-4,7,yes,1,1
https://palworld-chi.vercel.app/en/item/blueprint-semiautoshotgun-5,item,yes,https://palworld-chi.vercel.app/en/item/blueprint-semiautoshotgun-5,7,yes,1,1
https://palworld-chi.vercel.app/en/item/blueprint-sf-chair,item,yes,https://palworld-chi.vercel.app/en/item/blueprint-sf-chair,7,yes,1,1
https://palworld-chi.vercel.app/en/item/blueprint-sf-desk,item,yes,https://palworld-chi.vercel.app/en/item/blueprint-sf-desk,7,yes,1,1
https://palworld-chi.vercel.app/en/item/blueprint-sfarmor-2,item,yes,https://palworld-chi.vercel.app/en/item/blueprint-sfarmor-2,7,yes,1,1
https://palworld-chi.vercel.app/en/item/blueprint-sfarmor-3,item,yes,https://palworld-chi.vercel.app/en/item/blueprint-sfarmor-3,7,yes,1,1
https://palworld-chi.vercel.app/en/item/blueprint-sfarmor-4,item,yes,https://palworld-chi.vercel.app/en/item/blueprint-sfarmor-4,7,yes,1,1
https://palworld-chi.vercel.app/en/item/blueprint-sfarmor-5,item,yes,https://palworld-chi.vercel.app/en/item/blueprint-sfarmor-5,7,yes,1,1
https://palworld-chi.vercel.app/en/item/blueprint-sfarmorcold-2,item,yes,https://palworld-chi.vercel.app/en/item/blueprint-sfarmorcold-2,7,yes,1,1
https://palworld-chi.vercel.app/en/item/blueprint-sfarmorcold-3,item,yes,https://palworld-chi.vercel.app/en/item/blueprint-sfarmorcold-3,7,yes,1,1
https://palworld-chi.vercel.app/en/item/blueprint-sfarmorcold-4,item,yes,https://palworld-chi.vercel.app/en/item/blueprint-sfarmorcold-4,7,yes,1,1
https://palworld-chi.vercel.app/en/item/blueprint-sfarmorcold-5,item,yes,https://palworld-chi.vercel.app/en/item/blueprint-sfarmorcold-5,7,yes,1,1
https://palworld-chi.vercel.app/en/item/blueprint-sfarmorheat-2,item,yes,https://palworld-chi.vercel.app/en/item/blueprint-sfarmorheat-2,7,yes,1,1
https://palworld-chi.vercel.app/en/item/blueprint-sfarmorheat-3,item,yes,https://palworld-chi.vercel.app/en/item/blueprint-sfarmorheat-3,7,yes,1,1
https://palworld-chi.vercel.app/en/item/blueprint-sfarmorheat-4,item,yes,https://palworld-chi.vercel.app/en/item/blueprint-sfarmorheat-4,7,yes,1,1
https://palworld-chi.vercel.app/en/item/blueprint-sfarmorheat-5,item,yes,https://palworld-chi.vercel.app/en/item/blueprint-sfarmorheat-5,7,yes,1,1
https://palworld-chi.vercel.app/en/item/blueprint-sfarmorweight-2,item,yes,https://palworld-chi.vercel.app/en/item/blueprint-sfarmorweight-2,7,yes,1,1
https://palworld-chi.vercel.app/en/item/blueprint-sfarmorweight-3,item,yes,https://palworld-chi.vercel.app/en/item/blueprint-sfarmorweight-3,7,yes,1,1
https://palworld-chi.vercel.app/en/item/blueprint-sfarmorweight-4,item,yes,https://palworld-chi.vercel.app/en/item/blueprint-sfarmorweight-4,7,yes,1,1
https://palworld-chi.vercel.app/en/item/blueprint-sfarmorweight-5,item,yes,https://palworld-chi.vercel.app/en/item/blueprint-sfarmorweight-5,7,yes,1,1
https://palworld-chi.vercel.app/en/item/blueprint-sfbow-2,item,yes,https://palworld-chi.vercel.app/en/item/blueprint-sfbow-2,7,yes,1,1
https://palworld-chi.vercel.app/en/item/blueprint-sfbow-3,item,yes,https://palworld-chi.vercel.app/en/item/blueprint-sfbow-3,7,yes,1,1
https://palworld-chi.vercel.app/en/item/blueprint-sfbow-4,item,yes,https://palworld-chi.vercel.app/en/item/blueprint-sfbow-4,7,yes,1,1
https://palworld-chi.vercel.app/en/item/blueprint-sfbow-5,item,yes,https://palworld-chi.vercel.app/en/item/blueprint-sfbow-5,7,yes,1,1
https://palworld-chi.vercel.app/en/item/blueprint-sfhelmet-2,item,yes,https://palworld-chi.vercel.app/en/item/blueprint-sfhelmet-2,7,yes,1,1
https://palworld-chi.vercel.app/en/item/blueprint-sfhelmet-3,item,yes,https://palworld-chi.vercel.app/en/item/blueprint-sfhelmet-3,7,yes,1,1
https://palworld-chi.vercel.app/en/item/blueprint-sfhelmet-4,item,yes,https://palworld-chi.vercel.app/en/item/blueprint-sfhelmet-4,7,yes,1,1
https://palworld-chi.vercel.app/en/item/blueprint-sfhelmet-5,item,yes,https://palworld-chi.vercel.app/en/item/blueprint-sfhelmet-5,7,yes,1,1
https://palworld-chi.vercel.app/en/item/blueprint-shrine-lantern,item,yes,https://palworld-chi.vercel.app/en/item/blueprint-shrine-lantern,7,yes,1,1
https://palworld-chi.vercel.app/en/item/blueprint-singleshotrifle-2,item,yes,https://palworld-chi.vercel.app/en/item/blueprint-singleshotrifle-2,7,yes,1,1
https://palworld-chi.vercel.app/en/item/blueprint-singleshotrifle-3,item,yes,https://palworld-chi.vercel.app/en/item/blueprint-singleshotrifle-3,7,yes,1,1
https://palworld-chi.vercel.app/en/item/blueprint-singleshotrifle-4,item,yes,https://palworld-chi.vercel.app/en/item/blueprint-singleshotrifle-4,7,yes,1,1
https://palworld-chi.vercel.app/en/item/blueprint-singleshotrifle-5,item,yes,https://palworld-chi.vercel.app/en/item/blueprint-singleshotrifle-5,7,yes,1,1
https://palworld-chi.vercel.app/en/item/blueprint-skyassaultrifle-2,item,yes,https://palworld-chi.vercel.app/en/item/blueprint-skyassaultrifle-2,7,yes,1,1
https://palworld-chi.vercel.app/en/item/blueprint-skyassaultrifle-3,item,yes,https://palworld-chi.vercel.app/en/item/blueprint-skyassaultrifle-3,7,yes,1,1
https://palworld-chi.vercel.app/en/item/blueprint-skyassaultrifle-4,item,yes,https://palworld-chi.vercel.app/en/item/blueprint-skyassaultrifle-4,7,yes,1,1
https://palworld-chi.vercel.app/en/item/blueprint-skyassaultrifle-5,item,yes,https://palworld-chi.vercel.app/en/item/blueprint-skyassaultrifle-5,7,yes,1,1
https://palworld-chi.vercel.app/en/item/blueprint-skybeamsword-2,item,yes,https://palworld-chi.vercel.app/en/item/blueprint-skybeamsword-2,7,yes,1,1
https://palworld-chi.vercel.app/en/item/blueprint-skybeamsword-3,item,yes,https://palworld-chi.vercel.app/en/item/blueprint-skybeamsword-3,7,yes,1,1
https://palworld-chi.vercel.app/en/item/blueprint-skybeamsword-4,item,yes,https://palworld-chi.vercel.app/en/item/blueprint-skybeamsword-4,7,yes,1,1
https://palworld-chi.vercel.app/en/item/blueprint-skybeamsword-5,item,yes,https://palworld-chi.vercel.app/en/item/blueprint-skybeamsword-5,7,yes,1,1
https://palworld-chi.vercel.app/en/item/blueprint-skybow-2,item,yes,https://palworld-chi.vercel.app/en/item/blueprint-skybow-2,7,yes,1,1
https://palworld-chi.vercel.app/en/item/blueprint-skybow-3,item,yes,https://palworld-chi.vercel.app/en/item/blueprint-skybow-3,7,yes,1,1
https://palworld-chi.vercel.app/en/item/blueprint-skybow-4,item,yes,https://palworld-chi.vercel.app/en/item/blueprint-skybow-4,7,yes,1,1
https://palworld-chi.vercel.app/en/item/blueprint-skybow-5,item,yes,https://palworld-chi.vercel.app/en/item/blueprint-skybow-5,7,yes,1,1
https://palworld-chi.vercel.app/en/item/blueprint-skygrenadelauncher-2,item,yes,https://palworld-chi.vercel.app/en/item/blueprint-skygrenadelauncher-2,7,yes,1,1
https://palworld-chi.vercel.app/en/item/blueprint-skygrenadelauncher-3,item,yes,https://palworld-chi.vercel.app/en/item/blueprint-skygrenadelauncher-3,7,yes,1,1
https://palworld-chi.vercel.app/en/item/blueprint-skygrenadelauncher-4,item,yes,https://palworld-chi.vercel.app/en/item/blueprint-skygrenadelauncher-4,7,yes,1,1
https://palworld-chi.vercel.app/en/item/blueprint-skygrenadelauncher-5,item,yes,https://palworld-chi.vercel.app/en/item/blueprint-skygrenadelauncher-5,7,yes,1,1
https://palworld-chi.vercel.app/en/item/blueprint-skyshotgun-2,item,yes,https://palworld-chi.vercel.app/en/item/blueprint-skyshotgun-2,7,yes,1,1
https://palworld-chi.vercel.app/en/item/blueprint-skyshotgun-3,item,yes,https://palworld-chi.vercel.app/en/item/blueprint-skyshotgun-3,7,yes,1,1
https://palworld-chi.vercel.app/en/item/blueprint-skyshotgun-4,item,yes,https://palworld-chi.vercel.app/en/item/blueprint-skyshotgun-4,7,yes,1,1
https://palworld-chi.vercel.app/en/item/blueprint-skyshotgun-5,item,yes,https://palworld-chi.vercel.app/en/item/blueprint-skyshotgun-5,7,yes,1,1
https://palworld-chi.vercel.app/en/item/blueprint-skysubmachinegun-2,item,yes,https://palworld-chi.vercel.app/en/item/blueprint-skysubmachinegun-2,7,yes,1,1
https://palworld-chi.vercel.app/en/item/blueprint-skysubmachinegun-3,item,yes,https://palworld-chi.vercel.app/en/item/blueprint-skysubmachinegun-3,7,yes,1,1
https://palworld-chi.vercel.app/en/item/blueprint-skysubmachinegun-4,item,yes,https://palworld-chi.vercel.app/en/item/blueprint-skysubmachinegun-4,7,yes,1,1
https://palworld-chi.vercel.app/en/item/blueprint-skysubmachinegun-5,item,yes,https://palworld-chi.vercel.app/en/item/blueprint-skysubmachinegun-5,7,yes,1,1
https://palworld-chi.vercel.app/en/item/blueprint-spear-forestboss-5,item,yes,https://palworld-chi.vercel.app/en/item/blueprint-spear-forestboss-5,7,yes,1,1
https://palworld-chi.vercel.app/en/item/blueprint-spear-forestboss2-5,item,yes,https://palworld-chi.vercel.app/en/item/blueprint-spear-forestboss2-5,7,yes,1,1
https://palworld-chi.vercel.app/en/item/blueprint-stealarmor-2,item,yes,https://palworld-chi.vercel.app/en/item/blueprint-stealarmor-2,7,yes,1,1
https://palworld-chi.vercel.app/en/item/blueprint-stealarmor-3,item,yes,https://palworld-chi.vercel.app/en/item/blueprint-stealarmor-3,7,yes,1,1
https://palworld-chi.vercel.app/en/item/blueprint-stealarmor-4,item,yes,https://palworld-chi.vercel.app/en/item/blueprint-stealarmor-4,7,yes,1,1
https://palworld-chi.vercel.app/en/item/blueprint-stealarmor-5,item,yes,https://palworld-chi.vercel.app/en/item/blueprint-stealarmor-5,7,yes,1,1
https://palworld-chi.vercel.app/en/item/blueprint-stealarmorcold-2,item,yes,https://palworld-chi.vercel.app/en/item/blueprint-stealarmorcold-2,7,yes,1,1
https://palworld-chi.vercel.app/en/item/blueprint-stealarmorcold-3,item,yes,https://palworld-chi.vercel.app/en/item/blueprint-stealarmorcold-3,7,yes,1,1
https://palworld-chi.vercel.app/en/item/blueprint-stealarmorcold-4,item,yes,https://palworld-chi.vercel.app/en/item/blueprint-stealarmorcold-4,7,yes,1,1
https://palworld-chi.vercel.app/en/item/blueprint-stealarmorcold-5,item,yes,https://palworld-chi.vercel.app/en/item/blueprint-stealarmorcold-5,7,yes,1,1
https://palworld-chi.vercel.app/en/item/blueprint-stealarmorheat-2,item,yes,https://palworld-chi.vercel.app/en/item/blueprint-stealarmorheat-2,7,yes,1,1
https://palworld-chi.vercel.app/en/item/blueprint-stealarmorheat-3,item,yes,https://palworld-chi.vercel.app/en/item/blueprint-stealarmorheat-3,7,yes,1,1
https://palworld-chi.vercel.app/en/item/blueprint-stealarmorheat-4,item,yes,https://palworld-chi.vercel.app/en/item/blueprint-stealarmorheat-4,7,yes,1,1
https://palworld-chi.vercel.app/en/item/blueprint-stealarmorheat-5,item,yes,https://palworld-chi.vercel.app/en/item/blueprint-stealarmorheat-5,7,yes,1,1
https://palworld-chi.vercel.app/en/item/blueprint-stealhelmet-2,item,yes,https://palworld-chi.vercel.app/en/item/blueprint-stealhelmet-2,7,yes,1,1
https://palworld-chi.vercel.app/en/item/blueprint-stealhelmet-3,item,yes,https://palworld-chi.vercel.app/en/item/blueprint-stealhelmet-3,7,yes,1,1
https://palworld-chi.vercel.app/en/item/blueprint-stealhelmet-4,item,yes,https://palworld-chi.vercel.app/en/item/blueprint-stealhelmet-4,7,yes,1,1
https://palworld-chi.vercel.app/en/item/blueprint-stealhelmet-5,item,yes,https://palworld-chi.vercel.app/en/item/blueprint-stealhelmet-5,7,yes,1,1
https://palworld-chi.vercel.app/en/item/blueprint-submachinegun-2,item,yes,https://palworld-chi.vercel.app/en/item/blueprint-submachinegun-2,7,yes,1,1
https://palworld-chi.vercel.app/en/item/blueprint-submachinegun-3,item,yes,https://palworld-chi.vercel.app/en/item/blueprint-submachinegun-3,7,yes,1,1
https://palworld-chi.vercel.app/en/item/blueprint-submachinegun-4,item,yes,https://palworld-chi.vercel.app/en/item/blueprint-submachinegun-4,7,yes,1,1
https://palworld-chi.vercel.app/en/item/blueprint-submachinegun-5,item,yes,https://palworld-chi.vercel.app/en/item/blueprint-submachinegun-5,7,yes,1,1
https://palworld-chi.vercel.app/en/item/blueprint-sword-2,item,yes,https://palworld-chi.vercel.app/en/item/blueprint-sword-2,7,yes,1,1
https://palworld-chi.vercel.app/en/item/blueprint-sword-3,item,yes,https://palworld-chi.vercel.app/en/item/blueprint-sword-3,7,yes,1,1
https://palworld-chi.vercel.app/en/item/blueprint-sword-4,item,yes,https://palworld-chi.vercel.app/en/item/blueprint-sword-4,7,yes,1,1
https://palworld-chi.vercel.app/en/item/blueprint-sword-5,item,yes,https://palworld-chi.vercel.app/en/item/blueprint-sword-5,7,yes,1,1
https://palworld-chi.vercel.app/en/item/blueprint-walltorch02,item,yes,https://palworld-chi.vercel.app/en/item/blueprint-walltorch02,7,yes,1,1
https://palworld-chi.vercel.app/en/item/blueprint-weakerbow-2,item,yes,https://palworld-chi.vercel.app/en/item/blueprint-weakerbow-2,7,yes,1,1
https://palworld-chi.vercel.app/en/item/blueprint-weakerbow-3,item,yes,https://palworld-chi.vercel.app/en/item/blueprint-weakerbow-3,7,yes,1,1
https://palworld-chi.vercel.app/en/item/blueprint-weakerbow-4,item,yes,https://palworld-chi.vercel.app/en/item/blueprint-weakerbow-4,7,yes,1,1
https://palworld-chi.vercel.app/en/item/blueprint-weakerbow-5,item,yes,https://palworld-chi.vercel.app/en/item/blueprint-weakerbow-5,7,yes,1,1
https://palworld-chi.vercel.app/en/item/blueprint-widepenetrateshotgun-2,item,yes,https://palworld-chi.vercel.app/en/item/blueprint-widepenetrateshotgun-2,7,yes,1,1
https://palworld-chi.vercel.app/en/item/blueprint-widepenetrateshotgun-3,item,yes,https://palworld-chi.vercel.app/en/item/blueprint-widepenetrateshotgun-3,7,yes,1,1
https://palworld-chi.vercel.app/en/item/blueprint-widepenetrateshotgun-4,item,yes,https://palworld-chi.vercel.app/en/item/blueprint-widepenetrateshotgun-4,7,yes,1,1
https://palworld-chi.vercel.app/en/item/blueprint-widepenetrateshotgun-5,item,yes,https://palworld-chi.vercel.app/en/item/blueprint-widepenetrateshotgun-5,7,yes,1,1
https://palworld-chi.vercel.app/en/item/blueprint-wire-fence,item,yes,https://palworld-chi.vercel.app/en/item/blueprint-wire-fence,7,yes,1,1
https://palworld-chi.vercel.app/en/item/blueprint-woodenbarricade,item,yes,https://palworld-chi.vercel.app/en/item/blueprint-woodenbarricade,7,yes,1,1
https://palworld-chi.vercel.app/en/item/blueprint-yakushimaarmor001,item,yes,https://palworld-chi.vercel.app/en/item/blueprint-yakushimaarmor001,7,yes,1,1
https://palworld-chi.vercel.app/en/item/blueprint-yakushimaarmor001-2,item,yes,https://palworld-chi.vercel.app/en/item/blueprint-yakushimaarmor001-2,7,yes,1,1
https://palworld-chi.vercel.app/en/item/blueprint-yakushimaarmor001-3,item,yes,https://palworld-chi.vercel.app/en/item/blueprint-yakushimaarmor001-3,7,yes,1,1
https://palworld-chi.vercel.app/en/item/blueprint-yakushimaarmor001-4,item,yes,https://palworld-chi.vercel.app/en/item/blueprint-yakushimaarmor001-4,7,yes,1,1
https://palworld-chi.vercel.app/en/item/blueprint-yakushimaarmor001-5,item,yes,https://palworld-chi.vercel.app/en/item/blueprint-yakushimaarmor001-5,7,yes,1,1
https://palworld-chi.vercel.app/en/item/blueprint-yakushimablade002,item,yes,https://palworld-chi.vercel.app/en/item/blueprint-yakushimablade002,7,yes,1,1
https://palworld-chi.vercel.app/en/item/blueprint-yakushimablade002-2,item,yes,https://palworld-chi.vercel.app/en/item/blueprint-yakushimablade002-2,7,yes,1,1
https://palworld-chi.vercel.app/en/item/blueprint-yakushimablade002-3,item,yes,https://palworld-chi.vercel.app/en/item/blueprint-yakushimablade002-3,7,yes,1,1
https://palworld-chi.vercel.app/en/item/blueprint-yakushimablade002-4,item,yes,https://palworld-chi.vercel.app/en/item/blueprint-yakushimablade002-4,7,yes,1,1
https://palworld-chi.vercel.app/en/item/blueprint-yakushimablade002-5,item,yes,https://palworld-chi.vercel.app/en/item/blueprint-yakushimablade002-5,7,yes,1,1
https://palworld-chi.vercel.app/en/item/blueprint-yakushimablade003,item,yes,https://palworld-chi.vercel.app/en/item/blueprint-yakushimablade003,7,yes,1,1
https://palworld-chi.vercel.app/en/item/blueprint-yakushimablade003-2,item,yes,https://palworld-chi.vercel.app/en/item/blueprint-yakushimablade003-2,7,yes,1,1
https://palworld-chi.vercel.app/en/item/blueprint-yakushimablade003-3,item,yes,https://palworld-chi.vercel.app/en/item/blueprint-yakushimablade003-3,7,yes,1,1
https://palworld-chi.vercel.app/en/item/blueprint-yakushimablade003-4,item,yes,https://palworld-chi.vercel.app/en/item/blueprint-yakushimablade003-4,7,yes,1,1
https://palworld-chi.vercel.app/en/item/blueprint-yakushimablade003-5,item,yes,https://palworld-chi.vercel.app/en/item/blueprint-yakushimablade003-5,7,yes,1,1
https://palworld-chi.vercel.app/en/item/blueprint-yakushimablade004,item,yes,https://palworld-chi.vercel.app/en/item/blueprint-yakushimablade004,7,yes,1,1
https://palworld-chi.vercel.app/en/item/blueprint-yakushimablade004-2,item,yes,https://palworld-chi.vercel.app/en/item/blueprint-yakushimablade004-2,7,yes,1,1
https://palworld-chi.vercel.app/en/item/blueprint-yakushimablade004-3,item,yes,https://palworld-chi.vercel.app/en/item/blueprint-yakushimablade004-3,7,yes,1,1
https://palworld-chi.vercel.app/en/item/blueprint-yakushimablade004-4,item,yes,https://palworld-chi.vercel.app/en/item/blueprint-yakushimablade004-4,7,yes,1,1
https://palworld-chi.vercel.app/en/item/blueprint-yakushimablade004-5,item,yes,https://palworld-chi.vercel.app/en/item/blueprint-yakushimablade004-5,7,yes,1,1
https://palworld-chi.vercel.app/en/item/blueprint-yakushimaboss002-relic,item,yes,https://palworld-chi.vercel.app/en/item/blueprint-yakushimaboss002-relic,7,yes,1,1
https://palworld-chi.vercel.app/en/item/blueprint-yakushimagun001,item,yes,https://palworld-chi.vercel.app/en/item/blueprint-yakushimagun001,7,yes,1,1
https://palworld-chi.vercel.app/en/item/blueprint-yakushimagun001-2,item,yes,https://palworld-chi.vercel.app/en/item/blueprint-yakushimagun001-2,7,yes,1,1
https://palworld-chi.vercel.app/en/item/blueprint-yakushimagun001-3,item,yes,https://palworld-chi.vercel.app/en/item/blueprint-yakushimagun001-3,7,yes,1,1
https://palworld-chi.vercel.app/en/item/blueprint-yakushimagun001-4,item,yes,https://palworld-chi.vercel.app/en/item/blueprint-yakushimagun001-4,7,yes,1,1
https://palworld-chi.vercel.app/en/item/blueprint-yakushimagun001-5,item,yes,https://palworld-chi.vercel.app/en/item/blueprint-yakushimagun001-5,7,yes,1,1
https://palworld-chi.vercel.app/en/item/blueprint-yakushimaheadequip001,item,yes,https://palworld-chi.vercel.app/en/item/blueprint-yakushimaheadequip001,7,yes,1,1
https://palworld-chi.vercel.app/en/item/blueprint-yakushimaheadequip001-2,item,yes,https://palworld-chi.vercel.app/en/item/blueprint-yakushimaheadequip001-2,7,yes,1,1
https://palworld-chi.vercel.app/en/item/blueprint-yakushimaheadequip001-3,item,yes,https://palworld-chi.vercel.app/en/item/blueprint-yakushimaheadequip001-3,7,yes,1,1
https://palworld-chi.vercel.app/en/item/blueprint-yakushimaheadequip001-4,item,yes,https://palworld-chi.vercel.app/en/item/blueprint-yakushimaheadequip001-4,7,yes,1,1
https://palworld-chi.vercel.app/en/item/blueprint-yakushimaheadequip001-5,item,yes,https://palworld-chi.vercel.app/en/item/blueprint-yakushimaheadequip001-5,7,yes,1,1
https://palworld-chi.vercel.app/en/item/blueprint-yakushimaheadequip002,item,yes,https://palworld-chi.vercel.app/en/item/blueprint-yakushimaheadequip002,7,yes,1,1
https://palworld-chi.vercel.app/en/item/blueprint-yakushimaheadequip002-2,item,yes,https://palworld-chi.vercel.app/en/item/blueprint-yakushimaheadequip002-2,7,yes,1,1
https://palworld-chi.vercel.app/en/item/blueprint-yakushimaheadequip002-3,item,yes,https://palworld-chi.vercel.app/en/item/blueprint-yakushimaheadequip002-3,7,yes,1,1
https://palworld-chi.vercel.app/en/item/blueprint-yakushimaheadequip002-4,item,yes,https://palworld-chi.vercel.app/en/item/blueprint-yakushimaheadequip002-4,7,yes,1,1
https://palworld-chi.vercel.app/en/item/blueprint-yakushimaheadequip002-5,item,yes,https://palworld-chi.vercel.app/en/item/blueprint-yakushimaheadequip002-5,7,yes,1,1
https://palworld-chi.vercel.app/en/item/blueprint-yakushimaheadequip003,item,yes,https://palworld-chi.vercel.app/en/item/blueprint-yakushimaheadequip003,7,yes,1,1
https://palworld-chi.vercel.app/en/item/blueprint-yakushimaheadequip003-2,item,yes,https://palworld-chi.vercel.app/en/item/blueprint-yakushimaheadequip003-2,7,yes,1,1
https://palworld-chi.vercel.app/en/item/blueprint-yakushimaheadequip003-3,item,yes,https://palworld-chi.vercel.app/en/item/blueprint-yakushimaheadequip003-3,7,yes,1,1
https://palworld-chi.vercel.app/en/item/blueprint-yakushimaheadequip003-4,item,yes,https://palworld-chi.vercel.app/en/item/blueprint-yakushimaheadequip003-4,7,yes,1,1
https://palworld-chi.vercel.app/en/item/blueprint-yakushimaheadequip003-5,item,yes,https://palworld-chi.vercel.app/en/item/blueprint-yakushimaheadequip003-5,7,yes,1,1
https://palworld-chi.vercel.app/en/item/blueprint-yakushimaheadequip004,item,yes,https://palworld-chi.vercel.app/en/item/blueprint-yakushimaheadequip004,7,yes,1,1
https://palworld-chi.vercel.app/en/item/blueprint-yakushimaheadequip004-2,item,yes,https://palworld-chi.vercel.app/en/item/blueprint-yakushimaheadequip004-2,7,yes,1,1
https://palworld-chi.vercel.app/en/item/blueprint-yakushimaheadequip004-3,item,yes,https://palworld-chi.vercel.app/en/item/blueprint-yakushimaheadequip004-3,7,yes,1,1
https://palworld-chi.vercel.app/en/item/blueprint-yakushimaheadequip004-4,item,yes,https://palworld-chi.vercel.app/en/item/blueprint-yakushimaheadequip004-4,7,yes,1,1
https://palworld-chi.vercel.app/en/item/blueprint-yakushimaheadequip004-5,item,yes,https://palworld-chi.vercel.app/en/item/blueprint-yakushimaheadequip004-5,7,yes,1,1
https://palworld-chi.vercel.app/en/item/blueprint-yakushimalantern001,item,yes,https://palworld-chi.vercel.app/en/item/blueprint-yakushimalantern001,7,yes,1,1
https://palworld-chi.vercel.app/en/item/blueprint-yakushimalantern001-2,item,yes,https://palworld-chi.vercel.app/en/item/blueprint-yakushimalantern001-2,7,yes,1,1
https://palworld-chi.vercel.app/en/item/blueprint-yakushimalantern001-3,item,yes,https://palworld-chi.vercel.app/en/item/blueprint-yakushimalantern001-3,7,yes,1,1
https://palworld-chi.vercel.app/en/item/blueprint-yakushimalantern001-4,item,yes,https://palworld-chi.vercel.app/en/item/blueprint-yakushimalantern001-4,7,yes,1,1
https://palworld-chi.vercel.app/en/item/blueprint-yakushimalantern001-5,item,yes,https://palworld-chi.vercel.app/en/item/blueprint-yakushimalantern001-5,7,yes,1,1
https://palworld-chi.vercel.app/en/item/bone,item,yes,https://palworld-chi.vercel.app/en/item/bone,7,yes,24,24
https://palworld-chi.vercel.app/en/item/bossdefeatreward-badcatgirl,item,yes,https://palworld-chi.vercel.app/en/item/bossdefeatreward-badcatgirl,7,yes,1,1
https://palworld-chi.vercel.app/en/item/bossdefeatreward-berrygoat-dark,item,yes,https://palworld-chi.vercel.app/en/item/bossdefeatreward-berrygoat-dark,7,yes,1,1
https://palworld-chi.vercel.app/en/item/bossdefeatreward-blackpuppy,item,yes,https://palworld-chi.vercel.app/en/item/bossdefeatreward-blackpuppy,7,yes,1,1
https://palworld-chi.vercel.app/en/item/bossdefeatreward-blueberryfairy,item,yes,https://palworld-chi.vercel.app/en/item/bossdefeatreward-blueberryfairy,7,yes,1,1
https://palworld-chi.vercel.app/en/item/bossdefeatreward-ghostrabbit,item,yes,https://palworld-chi.vercel.app/en/item/bossdefeatreward-ghostrabbit,7,yes,1,1
https://palworld-chi.vercel.app/en/item/bossdefeatreward-goldenhorse,item,yes,https://palworld-chi.vercel.app/en/item/bossdefeatreward-goldenhorse,7,yes,1,1
https://palworld-chi.vercel.app/en/item/bossdefeatreward-herculesbeetle-ground,item,yes,https://palworld-chi.vercel.app/en/item/bossdefeatreward-herculesbeetle-ground,7,yes,1,1
https://palworld-chi.vercel.app/en/item/bossdefeatreward-icehorse-dark,item,yes,https://palworld-chi.vercel.app/en/item/bossdefeatreward-icehorse-dark,7,yes,1,1
https://palworld-chi.vercel.app/en/item/bossdefeatreward-kitsunebi-ice,item,yes,https://palworld-chi.vercel.app/en/item/bossdefeatreward-kitsunebi-ice,7,yes,1,1
https://palworld-chi.vercel.app/en/item/bossdefeatreward-mysterymask,item,yes,https://palworld-chi.vercel.app/en/item/bossdefeatreward-mysterymask,7,yes,1,1
https://palworld-chi.vercel.app/en/item/bossdefeatreward-nightbluehorse,item,yes,https://palworld-chi.vercel.app/en/item/bossdefeatreward-nightbluehorse,7,yes,1,1
https://palworld-chi.vercel.app/en/item/bossdefeatreward-pinkrabbit-grass,item,yes,https://palworld-chi.vercel.app/en/item/bossdefeatreward-pinkrabbit-grass,7,yes,1,1
https://palworld-chi.vercel.app/en/item/bossdefeatreward-purplespider,item,yes,https://palworld-chi.vercel.app/en/item/bossdefeatreward-purplespider,7,yes,1,1
https://palworld-chi.vercel.app/en/item/bossdefeatreward-raijindaughter-water,item,yes,https://palworld-chi.vercel.app/en/item/bossdefeatreward-raijindaughter-water,7,yes,1,1
https://palworld-chi.vercel.app/en/item/bossdefeatreward-werewolf-ice,item,yes,https://palworld-chi.vercel.app/en/item/bossdefeatreward-werewolf-ice,7,yes,1,1
https://palworld-chi.vercel.app/en/item/bossdefeatreward-whitetiger-ground,item,yes,https://palworld-chi.vercel.app/en/item/bossdefeatreward-whitetiger-ground,7,yes,1,1
https://palworld-chi.vercel.app/en/item/bountyproof-1,item,yes,https://palworld-chi.vercel.app/en/item/bountyproof-1,7,yes,1,1
https://palworld-chi.vercel.app/en/item/bow-triple,item,yes,https://palworld-chi.vercel.app/en/item/bow-triple,7,yes,1,1
https://palworld-chi.vercel.app/en/item/bowgun,item,yes,https://palworld-chi.vercel.app/en/item/bowgun,7,yes,1,1
https://palworld-chi.vercel.app/en/item/bowgun-2,item,yes,https://palworld-chi.vercel.app/en/item/bowgun-2,7,yes,1,1
https://palworld-chi.vercel.app/en/item/bowgun-3,item,yes,https://palworld-chi.vercel.app/en/item/bowgun-3,7,yes,1,1
https://palworld-chi.vercel.app/en/item/bowgun-4,item,yes,https://palworld-chi.vercel.app/en/item/bowgun-4,7,yes,1,1
https://palworld-chi.vercel.app/en/item/bowgun-5,item,yes,https://palworld-chi.vercel.app/en/item/bowgun-5,7,yes,1,1
https://palworld-chi.vercel.app/en/item/bronzesword,item,yes,https://palworld-chi.vercel.app/en/item/bronzesword,7,yes,1,1
https://palworld-chi.vercel.app/en/item/cake,item,yes,https://palworld-chi.vercel.app/en/item/cake,7,yes,2,2
https://palworld-chi.vercel.app/en/item/cake02,item,yes,https://palworld-chi.vercel.app/en/item/cake02,7,yes,1,1
https://palworld-chi.vercel.app/en/item/cake03,item,yes,https://palworld-chi.vercel.app/en/item/cake03,7,yes,1,1
https://palworld-chi.vercel.app/en/item/cake04,item,yes,https://palworld-chi.vercel.app/en/item/cake04,7,yes,1,1
https://palworld-chi.vercel.app/en/item/cake05,item,yes,https://palworld-chi.vercel.app/en/item/cake05,7,yes,1,1
https://palworld-chi.vercel.app/en/item/carbonara,item,yes,https://palworld-chi.vercel.app/en/item/carbonara,7,yes,1,1
https://palworld-chi.vercel.app/en/item/carbonfiber,item,yes,https://palworld-chi.vercel.app/en/item/carbonfiber,7,yes,2,2
https://palworld-chi.vercel.app/en/item/carrot,item,yes,https://palworld-chi.vercel.app/en/item/carrot,7,yes,2,2
https://palworld-chi.vercel.app/en/item/carrotseeds,item,yes,https://palworld-chi.vercel.app/en/item/carrotseeds,7,yes,7,7
https://palworld-chi.vercel.app/en/item/cavemushroom,item,yes,https://palworld-chi.vercel.app/en/item/cavemushroom,7,yes,1,1
https://palworld-chi.vercel.app/en/item/cement,item,yes,https://palworld-chi.vercel.app/en/item/cement,7,yes,1,1
https://palworld-chi.vercel.app/en/item/charcoal,item,yes,https://palworld-chi.vercel.app/en/item/charcoal,7,yes,1,1
https://palworld-chi.vercel.app/en/item/chargelaserrifle,item,yes,https://palworld-chi.vercel.app/en/item/chargelaserrifle,7,yes,1,1
https://palworld-chi.vercel.app/en/item/chargelaserrifle-2,item,yes,https://palworld-chi.vercel.app/en/item/chargelaserrifle-2,7,yes,1,1
https://palworld-chi.vercel.app/en/item/chargelaserrifle-3,item,yes,https://palworld-chi.vercel.app/en/item/chargelaserrifle-3,7,yes,1,1
https://palworld-chi.vercel.app/en/item/chargelaserrifle-4,item,yes,https://palworld-chi.vercel.app/en/item/chargelaserrifle-4,7,yes,1,1
https://palworld-chi.vercel.app/en/item/chargelaserrifle-5,item,yes,https://palworld-chi.vercel.app/en/item/chargelaserrifle-5,7,yes,1,1
https://palworld-chi.vercel.app/en/item/chargelaserriflebullet,item,yes,https://palworld-chi.vercel.app/en/item/chargelaserriflebullet,7,yes,1,1
https://palworld-chi.vercel.app/en/item/cheeseburger-2,item,yes,https://palworld-chi.vercel.app/en/item/cheeseburger-2,7,yes,1,1
https://palworld-chi.vercel.app/en/item/chickensaute,item,yes,https://palworld-chi.vercel.app/en/item/chickensaute,7,yes,1,1
https://palworld-chi.vercel.app/en/item/chowder,item,yes,https://palworld-chi.vercel.app/en/item/chowder,7,yes,1,1
https://palworld-chi.vercel.app/en/item/chromium,item,yes,https://palworld-chi.vercel.app/en/item/chromium,7,yes,3,3
https://palworld-chi.vercel.app/en/item/cloth,item,yes,https://palworld-chi.vercel.app/en/item/cloth,7,yes,8,8
https://palworld-chi.vercel.app/en/item/cloth2,item,yes,https://palworld-chi.vercel.app/en/item/cloth2,7,yes,4,4
https://palworld-chi.vercel.app/en/item/clotharmor,item,yes,https://palworld-chi.vercel.app/en/item/clotharmor,7,yes,1,1
https://palworld-chi.vercel.app/en/item/clotharmor-2,item,yes,https://palworld-chi.vercel.app/en/item/clotharmor-2,7,yes,1,1
https://palworld-chi.vercel.app/en/item/clotharmor-3,item,yes,https://palworld-chi.vercel.app/en/item/clotharmor-3,7,yes,1,1
https://palworld-chi.vercel.app/en/item/clotharmor-4,item,yes,https://palworld-chi.vercel.app/en/item/clotharmor-4,7,yes,1,1
https://palworld-chi.vercel.app/en/item/clotharmor-5,item,yes,https://palworld-chi.vercel.app/en/item/clotharmor-5,7,yes,1,1
https://palworld-chi.vercel.app/en/item/clotharmorcold,item,yes,https://palworld-chi.vercel.app/en/item/clotharmorcold,7,yes,1,1
https://palworld-chi.vercel.app/en/item/clotharmorcold-2,item,yes,https://palworld-chi.vercel.app/en/item/clotharmorcold-2,7,yes,1,1
https://palworld-chi.vercel.app/en/item/clotharmorcold-3,item,yes,https://palworld-chi.vercel.app/en/item/clotharmorcold-3,7,yes,1,1
https://palworld-chi.vercel.app/en/item/clotharmorcold-4,item,yes,https://palworld-chi.vercel.app/en/item/clotharmorcold-4,7,yes,1,1
https://palworld-chi.vercel.app/en/item/clotharmorcold-5,item,yes,https://palworld-chi.vercel.app/en/item/clotharmorcold-5,7,yes,1,1
https://palworld-chi.vercel.app/en/item/clotharmorheat,item,yes,https://palworld-chi.vercel.app/en/item/clotharmorheat,7,yes,1,1
https://palworld-chi.vercel.app/en/item/clotharmorheat-2,item,yes,https://palworld-chi.vercel.app/en/item/clotharmorheat-2,7,yes,1,1
https://palworld-chi.vercel.app/en/item/clotharmorheat-3,item,yes,https://palworld-chi.vercel.app/en/item/clotharmorheat-3,7,yes,1,1
https://palworld-chi.vercel.app/en/item/clotharmorheat-4,item,yes,https://palworld-chi.vercel.app/en/item/clotharmorheat-4,7,yes,1,1
https://palworld-chi.vercel.app/en/item/clotharmorheat-5,item,yes,https://palworld-chi.vercel.app/en/item/clotharmorheat-5,7,yes,1,1
https://palworld-chi.vercel.app/en/item/coal,item,yes,https://palworld-chi.vercel.app/en/item/coal,7,yes,4,4
https://palworld-chi.vercel.app/en/item/compoundbow,item,yes,https://palworld-chi.vercel.app/en/item/compoundbow,7,yes,1,1
https://palworld-chi.vercel.app/en/item/compoundbow-2,item,yes,https://palworld-chi.vercel.app/en/item/compoundbow-2,7,yes,1,1
https://palworld-chi.vercel.app/en/item/compoundbow-3,item,yes,https://palworld-chi.vercel.app/en/item/compoundbow-3,7,yes,1,1
https://palworld-chi.vercel.app/en/item/compoundbow-4,item,yes,https://palworld-chi.vercel.app/en/item/compoundbow-4,7,yes,1,1
https://palworld-chi.vercel.app/en/item/compoundbow-5,item,yes,https://palworld-chi.vercel.app/en/item/compoundbow-5,7,yes,1,1
https://palworld-chi.vercel.app/en/item/computer,item,yes,https://palworld-chi.vercel.app/en/item/computer,7,yes,1,1
https://palworld-chi.vercel.app/en/item/copperarmor,item,yes,https://palworld-chi.vercel.app/en/item/copperarmor,7,yes,1,1
https://palworld-chi.vercel.app/en/item/copperarmor-2,item,yes,https://palworld-chi.vercel.app/en/item/copperarmor-2,7,yes,1,1
https://palworld-chi.vercel.app/en/item/copperarmor-3,item,yes,https://palworld-chi.vercel.app/en/item/copperarmor-3,7,yes,1,1
https://palworld-chi.vercel.app/en/item/copperarmor-4,item,yes,https://palworld-chi.vercel.app/en/item/copperarmor-4,7,yes,1,1
https://palworld-chi.vercel.app/en/item/copperarmor-5,item,yes,https://palworld-chi.vercel.app/en/item/copperarmor-5,7,yes,1,1
https://palworld-chi.vercel.app/en/item/copperarmorcold,item,yes,https://palworld-chi.vercel.app/en/item/copperarmorcold,7,yes,1,1
https://palworld-chi.vercel.app/en/item/copperarmorcold-2,item,yes,https://palworld-chi.vercel.app/en/item/copperarmorcold-2,7,yes,1,1
https://palworld-chi.vercel.app/en/item/copperarmorcold-3,item,yes,https://palworld-chi.vercel.app/en/item/copperarmorcold-3,7,yes,1,1
https://palworld-chi.vercel.app/en/item/copperarmorcold-4,item,yes,https://palworld-chi.vercel.app/en/item/copperarmorcold-4,7,yes,1,1
https://palworld-chi.vercel.app/en/item/copperarmorcold-5,item,yes,https://palworld-chi.vercel.app/en/item/copperarmorcold-5,7,yes,1,1
https://palworld-chi.vercel.app/en/item/copperarmorheat,item,yes,https://palworld-chi.vercel.app/en/item/copperarmorheat,7,yes,1,1
https://palworld-chi.vercel.app/en/item/copperarmorheat-2,item,yes,https://palworld-chi.vercel.app/en/item/copperarmorheat-2,7,yes,1,1
https://palworld-chi.vercel.app/en/item/copperarmorheat-3,item,yes,https://palworld-chi.vercel.app/en/item/copperarmorheat-3,7,yes,1,1
https://palworld-chi.vercel.app/en/item/copperarmorheat-4,item,yes,https://palworld-chi.vercel.app/en/item/copperarmorheat-4,7,yes,1,1
https://palworld-chi.vercel.app/en/item/copperarmorheat-5,item,yes,https://palworld-chi.vercel.app/en/item/copperarmorheat-5,7,yes,1,1
https://palworld-chi.vercel.app/en/item/copperhelmet,item,yes,https://palworld-chi.vercel.app/en/item/copperhelmet,7,yes,1,1
https://palworld-chi.vercel.app/en/item/copperhelmet-2,item,yes,https://palworld-chi.vercel.app/en/item/copperhelmet-2,7,yes,1,1
https://palworld-chi.vercel.app/en/item/copperhelmet-3,item,yes,https://palworld-chi.vercel.app/en/item/copperhelmet-3,7,yes,1,1
https://palworld-chi.vercel.app/en/item/copperhelmet-4,item,yes,https://palworld-chi.vercel.app/en/item/copperhelmet-4,7,yes,1,1
https://palworld-chi.vercel.app/en/item/copperhelmet-5,item,yes,https://palworld-chi.vercel.app/en/item/copperhelmet-5,7,yes,1,1
https://palworld-chi.vercel.app/en/item/copperingot,item,yes,https://palworld-chi.vercel.app/en/item/copperingot,7,yes,3,3
https://palworld-chi.vercel.app/en/item/copperore,item,yes,https://palworld-chi.vercel.app/en/item/copperore,7,yes,7,7
https://palworld-chi.vercel.app/en/item/corrosive-solvent,item,yes,https://palworld-chi.vercel.app/en/item/corrosive-solvent,7,yes,1,1
https://palworld-chi.vercel.app/en/item/crudeoil,item,yes,https://palworld-chi.vercel.app/en/item/crudeoil,7,yes,4,4
https://palworld-chi.vercel.app/en/item/curry,item,yes,https://palworld-chi.vercel.app/en/item/curry,7,yes,1,1
https://palworld-chi.vercel.app/en/item/decalgun-1,item,yes,https://palworld-chi.vercel.app/en/item/decalgun-1,7,yes,1,1
https://palworld-chi.vercel.app/en/item/decalgun-2,item,yes,https://palworld-chi.vercel.app/en/item/decalgun-2,7,yes,1,1
https://palworld-chi.vercel.app/en/item/decalgun-3,item,yes,https://palworld-chi.vercel.app/en/item/decalgun-3,7,yes,1,1
https://palworld-chi.vercel.app/en/item/decalgun-4,item,yes,https://palworld-chi.vercel.app/en/item/decalgun-4,7,yes,1,1
https://palworld-chi.vercel.app/en/item/decalgun-5,item,yes,https://palworld-chi.vercel.app/en/item/decalgun-5,7,yes,1,1
https://palworld-chi.vercel.app/en/item/deerlocomoco,item,yes,https://palworld-chi.vercel.app/en/item/deerlocomoco,7,yes,1,1
https://palworld-chi.vercel.app/en/item/deerstew,item,yes,https://palworld-chi.vercel.app/en/item/deerstew,7,yes,1,1
https://palworld-chi.vercel.app/en/item/diamond,item,yes,https://palworld-chi.vercel.app/en/item/diamond,7,yes,8,8
https://palworld-chi.vercel.app/en/item/dogcoin,item,yes,https://palworld-chi.vercel.app/en/item/dogcoin,7,yes,2,2
https://palworld-chi.vercel.app/en/item/doublebarrelshotgun,item,yes,https://palworld-chi.vercel.app/en/item/doublebarrelshotgun,7,yes,1,1
https://palworld-chi.vercel.app/en/item/doublebarrelshotgun-2,item,yes,https://palworld-chi.vercel.app/en/item/doublebarrelshotgun-2,7,yes,1,1
https://palworld-chi.vercel.app/en/item/doublebarrelshotgun-3,item,yes,https://palworld-chi.vercel.app/en/item/doublebarrelshotgun-3,7,yes,1,1
https://palworld-chi.vercel.app/en/item/doublebarrelshotgun-4,item,yes,https://palworld-chi.vercel.app/en/item/doublebarrelshotgun-4,7,yes,1,1
https://palworld-chi.vercel.app/en/item/doublebarrelshotgun-5,item,yes,https://palworld-chi.vercel.app/en/item/doublebarrelshotgun-5,7,yes,1,1
https://palworld-chi.vercel.app/en/item/dronelauncher,item,yes,https://palworld-chi.vercel.app/en/item/dronelauncher,7,yes,1,1
https://palworld-chi.vercel.app/en/item/dronelauncher-2,item,yes,https://palworld-chi.vercel.app/en/item/dronelauncher-2,7,yes,1,1
https://palworld-chi.vercel.app/en/item/dronelauncher-3,item,yes,https://palworld-chi.vercel.app/en/item/dronelauncher-3,7,yes,1,1
https://palworld-chi.vercel.app/en/item/dronelauncher-4,item,yes,https://palworld-chi.vercel.app/en/item/dronelauncher-4,7,yes,1,1
https://palworld-chi.vercel.app/en/item/dronelauncher-5,item,yes,https://palworld-chi.vercel.app/en/item/dronelauncher-5,7,yes,1,1
https://palworld-chi.vercel.app/en/item/eaglestew,item,yes,https://palworld-chi.vercel.app/en/item/eaglestew,7,yes,1,1
https://palworld-chi.vercel.app/en/item/eemerald,item,yes,https://palworld-chi.vercel.app/en/item/eemerald,7,yes,2,2
https://palworld-chi.vercel.app/en/item/egg,item,yes,https://palworld-chi.vercel.app/en/item/egg,7,yes,2,2
https://palworld-chi.vercel.app/en/item/elecbaton,item,yes,https://palworld-chi.vercel.app/en/item/elecbaton,7,yes,1,1
https://palworld-chi.vercel.app/en/item/electricarcassaultrifle,item,yes,https://palworld-chi.vercel.app/en/item/electricarcassaultrifle,7,yes,1,1
https://palworld-chi.vercel.app/en/item/electricarcassaultrifle-2,item,yes,https://palworld-chi.vercel.app/en/item/electricarcassaultrifle-2,7,yes,1,1
https://palworld-chi.vercel.app/en/item/electricarcassaultrifle-3,item,yes,https://palworld-chi.vercel.app/en/item/electricarcassaultrifle-3,7,yes,1,1
https://palworld-chi.vercel.app/en/item/electricarcassaultrifle-4,item,yes,https://palworld-chi.vercel.app/en/item/electricarcassaultrifle-4,7,yes,1,1
https://palworld-chi.vercel.app/en/item/electricarcassaultrifle-5,item,yes,https://palworld-chi.vercel.app/en/item/electricarcassaultrifle-5,7,yes,1,1
https://palworld-chi.vercel.app/en/item/electricarcassaultriflebullet,item,yes,https://palworld-chi.vercel.app/en/item/electricarcassaultriflebullet,7,yes,1,1
https://palworld-chi.vercel.app/en/item/electricorgan,item,yes,https://palworld-chi.vercel.app/en/item/electricorgan,7,yes,24,24
https://palworld-chi.vercel.app/en/item/elixir-attack-01,item,yes,https://palworld-chi.vercel.app/en/item/elixir-attack-01,7,yes,1,1
https://palworld-chi.vercel.app/en/item/elixir-attack-02,item,yes,https://palworld-chi.vercel.app/en/item/elixir-attack-02,7,yes,1,1
https://palworld-chi.vercel.app/en/item/elixir-hp-01,item,yes,https://palworld-chi.vercel.app/en/item/elixir-hp-01,7,yes,1,1
https://palworld-chi.vercel.app/en/item/elixir-hp-02,item,yes,https://palworld-chi.vercel.app/en/item/elixir-hp-02,7,yes,1,1
https://palworld-chi.vercel.app/en/item/elixir-stamina-01,item,yes,https://palworld-chi.vercel.app/en/item/elixir-stamina-01,7,yes,1,1
https://palworld-chi.vercel.app/en/item/elixir-stamina-02,item,yes,https://palworld-chi.vercel.app/en/item/elixir-stamina-02,7,yes,1,1
https://palworld-chi.vercel.app/en/item/elixir-weight-01,item,yes,https://palworld-chi.vercel.app/en/item/elixir-weight-01,7,yes,1,1
https://palworld-chi.vercel.app/en/item/elixir-weight-02,item,yes,https://palworld-chi.vercel.app/en/item/elixir-weight-02,7,yes,1,1
https://palworld-chi.vercel.app/en/item/elixir-workspeed-01,item,yes,https://palworld-chi.vercel.app/en/item/elixir-workspeed-01,7,yes,1,1
https://palworld-chi.vercel.app/en/item/elixir-workspeed-02,item,yes,https://palworld-chi.vercel.app/en/item/elixir-workspeed-02,7,yes,1,1
https://palworld-chi.vercel.app/en/item/energylauncherbullet,item,yes,https://palworld-chi.vercel.app/en/item/energylauncherbullet,7,yes,1,1
https://palworld-chi.vercel.app/en/item/energyrocketlauncher,item,yes,https://palworld-chi.vercel.app/en/item/energyrocketlauncher,7,yes,1,1
https://palworld-chi.vercel.app/en/item/energyrocketlauncher-2,item,yes,https://palworld-chi.vercel.app/en/item/energyrocketlauncher-2,7,yes,1,1
https://palworld-chi.vercel.app/en/item/energyrocketlauncher-3,item,yes,https://palworld-chi.vercel.app/en/item/energyrocketlauncher-3,7,yes,1,1
https://palworld-chi.vercel.app/en/item/energyrocketlauncher-4,item,yes,https://palworld-chi.vercel.app/en/item/energyrocketlauncher-4,7,yes,1,1
https://palworld-chi.vercel.app/en/item/energyrocketlauncher-5,item,yes,https://palworld-chi.vercel.app/en/item/energyrocketlauncher-5,7,yes,1,1
https://palworld-chi.vercel.app/en/item/energyshotgun,item,yes,https://palworld-chi.vercel.app/en/item/energyshotgun,7,yes,1,1
https://palworld-chi.vercel.app/en/item/energyshotgun-2,item,yes,https://palworld-chi.vercel.app/en/item/energyshotgun-2,7,yes,1,1
https://palworld-chi.vercel.app/en/item/energyshotgun-3,item,yes,https://palworld-chi.vercel.app/en/item/energyshotgun-3,7,yes,1,1
https://palworld-chi.vercel.app/en/item/energyshotgun-4,item,yes,https://palworld-chi.vercel.app/en/item/energyshotgun-4,7,yes,1,1
https://palworld-chi.vercel.app/en/item/energyshotgun-5,item,yes,https://palworld-chi.vercel.app/en/item/energyshotgun-5,7,yes,1,1
https://palworld-chi.vercel.app/en/item/energyshotgunbullet,item,yes,https://palworld-chi.vercel.app/en/item/energyshotgunbullet,7,yes,1,1
https://palworld-chi.vercel.app/en/item/expboost-01,item,yes,https://palworld-chi.vercel.app/en/item/expboost-01,7,yes,1,1
https://palworld-chi.vercel.app/en/item/expboost-02,item,yes,https://palworld-chi.vercel.app/en/item/expboost-02,7,yes,1,1
https://palworld-chi.vercel.app/en/item/expboost-03,item,yes,https://palworld-chi.vercel.app/en/item/expboost-03,7,yes,1,1
https://palworld-chi.vercel.app/en/item/expboost-04,item,yes,https://palworld-chi.vercel.app/en/item/expboost-04,7,yes,2,2
https://palworld-chi.vercel.app/en/item/explosivebullet,item,yes,https://palworld-chi.vercel.app/en/item/explosivebullet,7,yes,1,1
https://palworld-chi.vercel.app/en/item/fiber,item,yes,https://palworld-chi.vercel.app/en/item/fiber,7,yes,10,10
https://palworld-chi.vercel.app/en/item/fireorgan,item,yes,https://palworld-chi.vercel.app/en/item/fireorgan,7,yes,38,38
https://palworld-chi.vercel.app/en/item/fishingbait-1,item,yes,https://palworld-chi.vercel.app/en/item/fishingbait-1,7,yes,1,1
https://palworld-chi.vercel.app/en/item/fishingbait-2,item,yes,https://palworld-chi.vercel.app/en/item/fishingbait-2,7,yes,1,1
https://palworld-chi.vercel.app/en/item/fishingbait-3,item,yes,https://palworld-chi.vercel.app/en/item/fishingbait-3,7,yes,1,1
https://palworld-chi.vercel.app/en/item/fishingbait-3-a,item,yes,https://palworld-chi.vercel.app/en/item/fishingbait-3-a,7,yes,1,1
https://palworld-chi.vercel.app/en/item/fishingrod-01-1,item,yes,https://palworld-chi.vercel.app/en/item/fishingrod-01-1,7,yes,1,1
https://palworld-chi.vercel.app/en/item/fishingrod-01-2,item,yes,https://palworld-chi.vercel.app/en/item/fishingrod-01-2,7,yes,1,1
https://palworld-chi.vercel.app/en/item/fishingrod-02-1,item,yes,https://palworld-chi.vercel.app/en/item/fishingrod-02-1,7,yes,1,1
https://palworld-chi.vercel.app/en/item/fishingrod-02-2,item,yes,https://palworld-chi.vercel.app/en/item/fishingrod-02-2,7,yes,1,1
https://palworld-chi.vercel.app/en/item/fishingrod-03-1,item,yes,https://palworld-chi.vercel.app/en/item/fishingrod-03-1,7,yes,1,1
https://palworld-chi.vercel.app/en/item/fishingrod-03-2,item,yes,https://palworld-chi.vercel.app/en/item/fishingrod-03-2,7,yes,1,1
https://palworld-chi.vercel.app/en/item/flamethrower,item,yes,https://palworld-chi.vercel.app/en/item/flamethrower,7,yes,1,1
https://palworld-chi.vercel.app/en/item/flamethrower-2,item,yes,https://palworld-chi.vercel.app/en/item/flamethrower-2,7,yes,1,1
https://palworld-chi.vercel.app/en/item/flamethrower-3,item,yes,https://palworld-chi.vercel.app/en/item/flamethrower-3,7,yes,1,1
https://palworld-chi.vercel.app/en/item/flamethrower-4,item,yes,https://palworld-chi.vercel.app/en/item/flamethrower-4,7,yes,1,1
https://palworld-chi.vercel.app/en/item/flamethrower-5,item,yes,https://palworld-chi.vercel.app/en/item/flamethrower-5,7,yes,1,1
https://palworld-chi.vercel.app/en/item/flamethrowerbullet,item,yes,https://palworld-chi.vercel.app/en/item/flamethrowerbullet,7,yes,1,1
https://palworld-chi.vercel.app/en/item/flour,item,yes,https://palworld-chi.vercel.app/en/item/flour,7,yes,1,1
https://palworld-chi.vercel.app/en/item/fraggrenade,item,yes,https://palworld-chi.vercel.app/en/item/fraggrenade,7,yes,1,1
https://palworld-chi.vercel.app/en/item/fraggrenade-dark,item,yes,https://palworld-chi.vercel.app/en/item/fraggrenade-dark,7,yes,1,1
https://palworld-chi.vercel.app/en/item/fraggrenade-dragon,item,yes,https://palworld-chi.vercel.app/en/item/fraggrenade-dragon,7,yes,1,1
https://palworld-chi.vercel.app/en/item/fraggrenade-elec,item,yes,https://palworld-chi.vercel.app/en/item/fraggrenade-elec,7,yes,1,1
https://palworld-chi.vercel.app/en/item/fraggrenade-fire,item,yes,https://palworld-chi.vercel.app/en/item/fraggrenade-fire,7,yes,1,1
https://palworld-chi.vercel.app/en/item/fraggrenade-ground,item,yes,https://palworld-chi.vercel.app/en/item/fraggrenade-ground,7,yes,1,1
https://palworld-chi.vercel.app/en/item/fraggrenade-ice,item,yes,https://palworld-chi.vercel.app/en/item/fraggrenade-ice,7,yes,1,1
https://palworld-chi.vercel.app/en/item/fraggrenade-leaf,item,yes,https://palworld-chi.vercel.app/en/item/fraggrenade-leaf,7,yes,1,1
https://palworld-chi.vercel.app/en/item/fraggrenade-super,item,yes,https://palworld-chi.vercel.app/en/item/fraggrenade-super,7,yes,1,1
https://palworld-chi.vercel.app/en/item/fraggrenade-water,item,yes,https://palworld-chi.vercel.app/en/item/fraggrenade-water,7,yes,1,1
https://palworld-chi.vercel.app/en/item/friedchicken,item,yes,https://palworld-chi.vercel.app/en/item/friedchicken,7,yes,1,1
https://palworld-chi.vercel.app/en/item/friedeggs,item,yes,https://palworld-chi.vercel.app/en/item/friedeggs,7,yes,1,1
https://palworld-chi.vercel.app/en/item/friedkelpie,item,yes,https://palworld-chi.vercel.app/en/item/friedkelpie,7,yes,1,1
https://palworld-chi.vercel.app/en/item/fruit-attack-01,item,yes,https://palworld-chi.vercel.app/en/item/fruit-attack-01,7,yes,1,1
https://palworld-chi.vercel.app/en/item/fruit-defense-01,item,yes,https://palworld-chi.vercel.app/en/item/fruit-defense-01,7,yes,1,1
https://palworld-chi.vercel.app/en/item/fruit-hp-01,item,yes,https://palworld-chi.vercel.app/en/item/fruit-hp-01,7,yes,1,1
https://palworld-chi.vercel.app/en/item/furarmor,item,yes,https://palworld-chi.vercel.app/en/item/furarmor,7,yes,1,1
https://palworld-chi.vercel.app/en/item/furarmor-2,item,yes,https://palworld-chi.vercel.app/en/item/furarmor-2,7,yes,1,1
https://palworld-chi.vercel.app/en/item/furarmor-3,item,yes,https://palworld-chi.vercel.app/en/item/furarmor-3,7,yes,1,1
https://palworld-chi.vercel.app/en/item/furarmor-4,item,yes,https://palworld-chi.vercel.app/en/item/furarmor-4,7,yes,1,1
https://palworld-chi.vercel.app/en/item/furarmor-5,item,yes,https://palworld-chi.vercel.app/en/item/furarmor-5,7,yes,1,1
https://palworld-chi.vercel.app/en/item/furarmorcold,item,yes,https://palworld-chi.vercel.app/en/item/furarmorcold,7,yes,1,1
https://palworld-chi.vercel.app/en/item/furarmorcold-2,item,yes,https://palworld-chi.vercel.app/en/item/furarmorcold-2,7,yes,1,1
https://palworld-chi.vercel.app/en/item/furarmorcold-3,item,yes,https://palworld-chi.vercel.app/en/item/furarmorcold-3,7,yes,1,1
https://palworld-chi.vercel.app/en/item/furarmorcold-4,item,yes,https://palworld-chi.vercel.app/en/item/furarmorcold-4,7,yes,1,1
https://palworld-chi.vercel.app/en/item/furarmorcold-5,item,yes,https://palworld-chi.vercel.app/en/item/furarmorcold-5,7,yes,1,1
https://palworld-chi.vercel.app/en/item/furarmorheat,item,yes,https://palworld-chi.vercel.app/en/item/furarmorheat,7,yes,1,1
https://palworld-chi.vercel.app/en/item/furarmorheat-2,item,yes,https://palworld-chi.vercel.app/en/item/furarmorheat-2,7,yes,1,1
https://palworld-chi.vercel.app/en/item/furarmorheat-3,item,yes,https://palworld-chi.vercel.app/en/item/furarmorheat-3,7,yes,1,1
https://palworld-chi.vercel.app/en/item/furarmorheat-4,item,yes,https://palworld-chi.vercel.app/en/item/furarmorheat-4,7,yes,1,1
https://palworld-chi.vercel.app/en/item/furarmorheat-5,item,yes,https://palworld-chi.vercel.app/en/item/furarmorheat-5,7,yes,1,1
https://palworld-chi.vercel.app/en/item/furhelmet,item,yes,https://palworld-chi.vercel.app/en/item/furhelmet,7,yes,1,1
https://palworld-chi.vercel.app/en/item/furhelmet-2,item,yes,https://palworld-chi.vercel.app/en/item/furhelmet-2,7,yes,1,1
https://palworld-chi.vercel.app/en/item/furhelmet-3,item,yes,https://palworld-chi.vercel.app/en/item/furhelmet-3,7,yes,1,1
https://palworld-chi.vercel.app/en/item/furhelmet-4,item,yes,https://palworld-chi.vercel.app/en/item/furhelmet-4,7,yes,1,1
https://palworld-chi.vercel.app/en/item/furhelmet-5,item,yes,https://palworld-chi.vercel.app/en/item/furhelmet-5,7,yes,1,1
https://palworld-chi.vercel.app/en/item/gasmask,item,yes,https://palworld-chi.vercel.app/en/item/gasmask,7,yes,1,1
https://palworld-chi.vercel.app/en/item/gatlingbullet,item,yes,https://palworld-chi.vercel.app/en/item/gatlingbullet,7,yes,1,1
https://palworld-chi.vercel.app/en/item/gatlinggun,item,yes,https://palworld-chi.vercel.app/en/item/gatlinggun,7,yes,1,1
https://palworld-chi.vercel.app/en/item/gatlinggun-2,item,yes,https://palworld-chi.vercel.app/en/item/gatlinggun-2,7,yes,1,1
https://palworld-chi.vercel.app/en/item/gatlinggun-3,item,yes,https://palworld-chi.vercel.app/en/item/gatlinggun-3,7,yes,1,1
https://palworld-chi.vercel.app/en/item/gatlinggun-4,item,yes,https://palworld-chi.vercel.app/en/item/gatlinggun-4,7,yes,1,1
https://palworld-chi.vercel.app/en/item/gatlinggun-5,item,yes,https://palworld-chi.vercel.app/en/item/gatlinggun-5,7,yes,1,1
https://palworld-chi.vercel.app/en/item/genghiskhan,item,yes,https://palworld-chi.vercel.app/en/item/genghiskhan,7,yes,1,1
https://palworld-chi.vercel.app/en/item/glider-good,item,yes,https://palworld-chi.vercel.app/en/item/glider-good,7,yes,1,1
https://palworld-chi.vercel.app/en/item/glider-old,item,yes,https://palworld-chi.vercel.app/en/item/glider-old,7,yes,1,1
https://palworld-chi.vercel.app/en/item/glider-super,item,yes,https://palworld-chi.vercel.app/en/item/glider-super,7,yes,1,1
https://palworld-chi.vercel.app/en/item/glider-tera,item,yes,https://palworld-chi.vercel.app/en/item/glider-tera,7,yes,1,1
https://palworld-chi.vercel.app/en/item/grapplinggun,item,yes,https://palworld-chi.vercel.app/en/item/grapplinggun,7,yes,1,1
https://palworld-chi.vercel.app/en/item/grapplinggun2,item,yes,https://palworld-chi.vercel.app/en/item/grapplinggun2,7,yes,1,1
https://palworld-chi.vercel.app/en/item/grapplinggun3,item,yes,https://palworld-chi.vercel.app/en/item/grapplinggun3,7,yes,1,1
https://palworld-chi.vercel.app/en/item/grapplinggun4,item,yes,https://palworld-chi.vercel.app/en/item/grapplinggun4,7,yes,1,1
https://palworld-chi.vercel.app/en/item/grapplinggun5,item,yes,https://palworld-chi.vercel.app/en/item/grapplinggun5,7,yes,1,1
https://palworld-chi.vercel.app/en/item/gratin,item,yes,https://palworld-chi.vercel.app/en/item/gratin,7,yes,1,1
https://palworld-chi.vercel.app/en/item/grenadebullet,item,yes,https://palworld-chi.vercel.app/en/item/grenadebullet,7,yes,1,1
https://palworld-chi.vercel.app/en/item/grenadelauncher,item,yes,https://palworld-chi.vercel.app/en/item/grenadelauncher,7,yes,1,1
https://palworld-chi.vercel.app/en/item/grenadelauncher-2,item,yes,https://palworld-chi.vercel.app/en/item/grenadelauncher-2,7,yes,1,1
https://palworld-chi.vercel.app/en/item/grenadelauncher-3,item,yes,https://palworld-chi.vercel.app/en/item/grenadelauncher-3,7,yes,1,1
https://palworld-chi.vercel.app/en/item/grenadelauncher-4,item,yes,https://palworld-chi.vercel.app/en/item/grenadelauncher-4,7,yes,1,1
https://palworld-chi.vercel.app/en/item/grenadelauncher-5,item,yes,https://palworld-chi.vercel.app/en/item/grenadelauncher-5,7,yes,1,1
https://palworld-chi.vercel.app/en/item/grilledsheepherbs,item,yes,https://palworld-chi.vercel.app/en/item/grilledsheepherbs,7,yes,1,1
https://palworld-chi.vercel.app/en/item/grilledswordcutlassfish,item,yes,https://palworld-chi.vercel.app/en/item/grilledswordcutlassfish,7,yes,1,1
https://palworld-chi.vercel.app/en/item/guidedmissilelauncher,item,yes,https://palworld-chi.vercel.app/en/item/guidedmissilelauncher,7,yes,1,1
https://palworld-chi.vercel.app/en/item/guidedmissilelauncher-2,item,yes,https://palworld-chi.vercel.app/en/item/guidedmissilelauncher-2,7,yes,1,1
https://palworld-chi.vercel.app/en/item/guidedmissilelauncher-3,item,yes,https://palworld-chi.vercel.app/en/item/guidedmissilelauncher-3,7,yes,1,1
https://palworld-chi.vercel.app/en/item/guidedmissilelauncher-4,item,yes,https://palworld-chi.vercel.app/en/item/guidedmissilelauncher-4,7,yes,1,1
https://palworld-chi.vercel.app/en/item/guidedmissilelauncher-5,item,yes,https://palworld-chi.vercel.app/en/item/guidedmissilelauncher-5,7,yes,1,1
https://palworld-chi.vercel.app/en/item/gunpowder2,item,yes,https://palworld-chi.vercel.app/en/item/gunpowder2,7,yes,2,2
https://palworld-chi.vercel.app/en/item/gym-head-desert,item,yes,https://palworld-chi.vercel.app/en/item/gym-head-desert,7,yes,1,1
https://palworld-chi.vercel.app/en/item/gym-head-electric,item,yes,https://palworld-chi.vercel.app/en/item/gym-head-electric,7,yes,1,1
https://palworld-chi.vercel.app/en/item/gym-head-forest,item,yes,https://palworld-chi.vercel.app/en/item/gym-head-forest,7,yes,1,1
https://palworld-chi.vercel.app/en/item/gym-head-grass,item,yes,https://palworld-chi.vercel.app/en/item/gym-head-grass,7,yes,1,1
https://palworld-chi.vercel.app/en/item/gym-head-sakurajima,item,yes,https://palworld-chi.vercel.app/en/item/gym-head-sakurajima,7,yes,1,1
https://palworld-chi.vercel.app/en/item/gym-head-snow,item,yes,https://palworld-chi.vercel.app/en/item/gym-head-snow,7,yes,1,1
https://palworld-chi.vercel.app/en/item/gym-head-viking,item,yes,https://palworld-chi.vercel.app/en/item/gym-head-viking,7,yes,1,1
https://palworld-chi.vercel.app/en/item/gyoza,item,yes,https://palworld-chi.vercel.app/en/item/gyoza,7,yes,1,1
https://palworld-chi.vercel.app/en/item/hamburger-2,item,yes,https://palworld-chi.vercel.app/en/item/hamburger-2,7,yes,1,1
https://palworld-chi.vercel.app/en/item/handgun-default,item,yes,https://palworld-chi.vercel.app/en/item/handgun-default,7,yes,1,1
https://palworld-chi.vercel.app/en/item/handgun-default-2,item,yes,https://palworld-chi.vercel.app/en/item/handgun-default-2,7,yes,1,1
https://palworld-chi.vercel.app/en/item/handgun-default-3,item,yes,https://palworld-chi.vercel.app/en/item/handgun-default-3,7,yes,1,1
https://palworld-chi.vercel.app/en/item/handgun-default-4,item,yes,https://palworld-chi.vercel.app/en/item/handgun-default-4,7,yes,1,1
https://palworld-chi.vercel.app/en/item/handgun-default-5,item,yes,https://palworld-chi.vercel.app/en/item/handgun-default-5,7,yes,1,1
https://palworld-chi.vercel.app/en/item/handgunbullet,item,yes,https://palworld-chi.vercel.app/en/item/handgunbullet,7,yes,1,1
https://palworld-chi.vercel.app/en/item/head001,item,yes,https://palworld-chi.vercel.app/en/item/head001,7,yes,1,1
https://palworld-chi.vercel.app/en/item/head002,item,yes,https://palworld-chi.vercel.app/en/item/head002,7,yes,1,1
https://palworld-chi.vercel.app/en/item/head003,item,yes,https://palworld-chi.vercel.app/en/item/head003,7,yes,1,1
https://palworld-chi.vercel.app/en/item/head004,item,yes,https://palworld-chi.vercel.app/en/item/head004,7,yes,1,1
https://palworld-chi.vercel.app/en/item/head005,item,yes,https://palworld-chi.vercel.app/en/item/head005,7,yes,1,1
https://palworld-chi.vercel.app/en/item/head006,item,yes,https://palworld-chi.vercel.app/en/item/head006,7,yes,1,1
https://palworld-chi.vercel.app/en/item/head007,item,yes,https://palworld-chi.vercel.app/en/item/head007,7,yes,1,1
https://palworld-chi.vercel.app/en/item/head008,item,yes,https://palworld-chi.vercel.app/en/item/head008,7,yes,1,1
https://palworld-chi.vercel.app/en/item/head009,item,yes,https://palworld-chi.vercel.app/en/item/head009,7,yes,1,1
https://palworld-chi.vercel.app/en/item/head010,item,yes,https://palworld-chi.vercel.app/en/item/head010,7,yes,1,1
https://palworld-chi.vercel.app/en/item/head011,item,yes,https://palworld-chi.vercel.app/en/item/head011,7,yes,1,1
https://palworld-chi.vercel.app/en/item/head012,item,yes,https://palworld-chi.vercel.app/en/item/head012,7,yes,1,1
https://palworld-chi.vercel.app/en/item/head013,item,yes,https://palworld-chi.vercel.app/en/item/head013,7,yes,1,1
https://palworld-chi.vercel.app/en/item/head014,item,yes,https://palworld-chi.vercel.app/en/item/head014,7,yes,1,1
https://palworld-chi.vercel.app/en/item/head015,item,yes,https://palworld-chi.vercel.app/en/item/head015,7,yes,1,1
https://palworld-chi.vercel.app/en/item/head016,item,yes,https://palworld-chi.vercel.app/en/item/head016,7,yes,1,1
https://palworld-chi.vercel.app/en/item/head017,item,yes,https://palworld-chi.vercel.app/en/item/head017,7,yes,1,1
https://palworld-chi.vercel.app/en/item/headequip001-purple,item,yes,https://palworld-chi.vercel.app/en/item/headequip001-purple,7,yes,1,1
https://palworld-chi.vercel.app/en/item/headequip023,item,yes,https://palworld-chi.vercel.app/en/item/headequip023,7,yes,1,1
https://palworld-chi.vercel.app/en/item/headequip024,item,yes,https://palworld-chi.vercel.app/en/item/headequip024,7,yes,1,1
https://palworld-chi.vercel.app/en/item/headequip025,item,yes,https://palworld-chi.vercel.app/en/item/headequip025,7,yes,1,1
https://palworld-chi.vercel.app/en/item/headequip026,item,yes,https://palworld-chi.vercel.app/en/item/headequip026,7,yes,1,1
https://palworld-chi.vercel.app/en/item/headequip027,item,yes,https://palworld-chi.vercel.app/en/item/headequip027,7,yes,1,1
https://palworld-chi.vercel.app/en/item/headequip028,item,yes,https://palworld-chi.vercel.app/en/item/headequip028,7,yes,1,1
https://palworld-chi.vercel.app/en/item/headequip029,item,yes,https://palworld-chi.vercel.app/en/item/headequip029,7,yes,1,1
https://palworld-chi.vercel.app/en/item/headequip030,item,yes,https://palworld-chi.vercel.app/en/item/headequip030,7,yes,1,1
https://palworld-chi.vercel.app/en/item/headequip031,item,yes,https://palworld-chi.vercel.app/en/item/headequip031,7,yes,1,1
https://palworld-chi.vercel.app/en/item/headequip032,item,yes,https://palworld-chi.vercel.app/en/item/headequip032,7,yes,1,1
https://palworld-chi.vercel.app/en/item/headequip033,item,yes,https://palworld-chi.vercel.app/en/item/headequip033,7,yes,1,1
https://palworld-chi.vercel.app/en/item/headequip041,item,yes,https://palworld-chi.vercel.app/en/item/headequip041,7,yes,1,1
https://palworld-chi.vercel.app/en/item/headequip044,item,yes,https://palworld-chi.vercel.app/en/item/headequip044,7,yes,1,1
https://palworld-chi.vercel.app/en/item/headequip045,item,yes,https://palworld-chi.vercel.app/en/item/headequip045,7,yes,1,1
https://palworld-chi.vercel.app/en/item/headequip046,item,yes,https://palworld-chi.vercel.app/en/item/headequip046,7,yes,1,1
https://palworld-chi.vercel.app/en/item/headequip048,item,yes,https://palworld-chi.vercel.app/en/item/headequip048,7,yes,1,1
https://palworld-chi.vercel.app/en/item/headequip049,item,yes,https://palworld-chi.vercel.app/en/item/headequip049,7,yes,1,1
https://palworld-chi.vercel.app/en/item/headequip050,item,yes,https://palworld-chi.vercel.app/en/item/headequip050,7,yes,1,1
https://palworld-chi.vercel.app/en/item/headequip051,item,yes,https://palworld-chi.vercel.app/en/item/headequip051,7,yes,1,1
https://palworld-chi.vercel.app/en/item/headequip052,item,yes,https://palworld-chi.vercel.app/en/item/headequip052,7,yes,1,1
https://palworld-chi.vercel.app/en/item/headequip053,item,yes,https://palworld-chi.vercel.app/en/item/headequip053,7,yes,1,1
https://palworld-chi.vercel.app/en/item/headequip054,item,yes,https://palworld-chi.vercel.app/en/item/headequip054,7,yes,1,1
https://palworld-chi.vercel.app/en/item/headequip055,item,yes,https://palworld-chi.vercel.app/en/item/headequip055,7,yes,1,1
https://palworld-chi.vercel.app/en/item/headequip056,item,yes,https://palworld-chi.vercel.app/en/item/headequip056,7,yes,1,1
https://palworld-chi.vercel.app/en/item/headequip057,item,yes,https://palworld-chi.vercel.app/en/item/headequip057,7,yes,1,1
https://palworld-chi.vercel.app/en/item/headequip058,item,yes,https://palworld-chi.vercel.app/en/item/headequip058,7,yes,1,1
https://palworld-chi.vercel.app/en/item/headequip059,item,yes,https://palworld-chi.vercel.app/en/item/headequip059,7,yes,1,1
https://palworld-chi.vercel.app/en/item/headequip060,item,yes,https://palworld-chi.vercel.app/en/item/headequip060,7,yes,1,1
https://palworld-chi.vercel.app/en/item/headequip061,item,yes,https://palworld-chi.vercel.app/en/item/headequip061,7,yes,1,1
https://palworld-chi.vercel.app/en/item/headequip062,item,yes,https://palworld-chi.vercel.app/en/item/headequip062,7,yes,1,1
https://palworld-chi.vercel.app/en/item/herbs,item,yes,https://palworld-chi.vercel.app/en/item/herbs,7,yes,5,5
https://palworld-chi.vercel.app/en/item/highgrade-processed-wood,item,yes,https://palworld-chi.vercel.app/en/item/highgrade-processed-wood,7,yes,1,1
https://palworld-chi.vercel.app/en/item/homeward,item,yes,https://palworld-chi.vercel.app/en/item/homeward,7,yes,1,1
https://palworld-chi.vercel.app/en/item/homingspherelauncher,item,yes,https://palworld-chi.vercel.app/en/item/homingspherelauncher,7,yes,1,1
https://palworld-chi.vercel.app/en/item/honey,item,yes,https://palworld-chi.vercel.app/en/item/honey,7,yes,6,6
https://palworld-chi.vercel.app/en/item/horn,item,yes,https://palworld-chi.vercel.app/en/item/horn,7,yes,21,21
https://palworld-chi.vercel.app/en/item/hotdog-2,item,yes,https://palworld-chi.vercel.app/en/item/hotdog-2,7,yes,1,1
https://palworld-chi.vercel.app/en/item/hotmilk,item,yes,https://palworld-chi.vercel.app/en/item/hotmilk,7,yes,1,1
https://palworld-chi.vercel.app/en/item/iceorgan,item,yes,https://palworld-chi.vercel.app/en/item/iceorgan,7,yes,32,32
https://palworld-chi.vercel.app/en/item/inkbullet,item,yes,https://palworld-chi.vercel.app/en/item/inkbullet,7,yes,1,1
https://palworld-chi.vercel.app/en/item/ironarmor,item,yes,https://palworld-chi.vercel.app/en/item/ironarmor,7,yes,1,1
https://palworld-chi.vercel.app/en/item/ironarmor-2,item,yes,https://palworld-chi.vercel.app/en/item/ironarmor-2,7,yes,1,1
https://palworld-chi.vercel.app/en/item/ironarmor-3,item,yes,https://palworld-chi.vercel.app/en/item/ironarmor-3,7,yes,1,1
https://palworld-chi.vercel.app/en/item/ironarmor-4,item,yes,https://palworld-chi.vercel.app/en/item/ironarmor-4,7,yes,1,1
https://palworld-chi.vercel.app/en/item/ironarmor-5,item,yes,https://palworld-chi.vercel.app/en/item/ironarmor-5,7,yes,1,1
https://palworld-chi.vercel.app/en/item/ironarmorcold,item,yes,https://palworld-chi.vercel.app/en/item/ironarmorcold,7,yes,1,1
https://palworld-chi.vercel.app/en/item/ironarmorcold-2,item,yes,https://palworld-chi.vercel.app/en/item/ironarmorcold-2,7,yes,1,1
https://palworld-chi.vercel.app/en/item/ironarmorcold-3,item,yes,https://palworld-chi.vercel.app/en/item/ironarmorcold-3,7,yes,1,1
https://palworld-chi.vercel.app/en/item/ironarmorcold-4,item,yes,https://palworld-chi.vercel.app/en/item/ironarmorcold-4,7,yes,1,1
https://palworld-chi.vercel.app/en/item/ironarmorcold-5,item,yes,https://palworld-chi.vercel.app/en/item/ironarmorcold-5,7,yes,1,1
https://palworld-chi.vercel.app/en/item/ironarmorheat,item,yes,https://palworld-chi.vercel.app/en/item/ironarmorheat,7,yes,1,1
https://palworld-chi.vercel.app/en/item/ironarmorheat-2,item,yes,https://palworld-chi.vercel.app/en/item/ironarmorheat-2,7,yes,1,1
https://palworld-chi.vercel.app/en/item/ironarmorheat-3,item,yes,https://palworld-chi.vercel.app/en/item/ironarmorheat-3,7,yes,1,1
https://palworld-chi.vercel.app/en/item/ironarmorheat-4,item,yes,https://palworld-chi.vercel.app/en/item/ironarmorheat-4,7,yes,1,1
https://palworld-chi.vercel.app/en/item/ironarmorheat-5,item,yes,https://palworld-chi.vercel.app/en/item/ironarmorheat-5,7,yes,1,1
https://palworld-chi.vercel.app/en/item/ironhelmet,item,yes,https://palworld-chi.vercel.app/en/item/ironhelmet,7,yes,1,1
https://palworld-chi.vercel.app/en/item/ironhelmet-2,item,yes,https://palworld-chi.vercel.app/en/item/ironhelmet-2,7,yes,1,1
https://palworld-chi.vercel.app/en/item/ironhelmet-3,item,yes,https://palworld-chi.vercel.app/en/item/ironhelmet-3,7,yes,1,1
https://palworld-chi.vercel.app/en/item/ironhelmet-4,item,yes,https://palworld-chi.vercel.app/en/item/ironhelmet-4,7,yes,1,1
https://palworld-chi.vercel.app/en/item/ironhelmet-5,item,yes,https://palworld-chi.vercel.app/en/item/ironhelmet-5,7,yes,1,1
https://palworld-chi.vercel.app/en/item/ironingot,item,yes,https://palworld-chi.vercel.app/en/item/ironingot,7,yes,1,1
https://palworld-chi.vercel.app/en/item/jambun,item,yes,https://palworld-chi.vercel.app/en/item/jambun,7,yes,1,1
https://palworld-chi.vercel.app/en/item/jellyfishfairy-jelly,item,yes,https://palworld-chi.vercel.app/en/item/jellyfishfairy-jelly,7,yes,1,1
https://palworld-chi.vercel.app/en/item/jellyfishghost-jelly,item,yes,https://palworld-chi.vercel.app/en/item/jellyfishghost-jelly,7,yes,1,1
https://palworld-chi.vercel.app/en/item/katana,item,yes,https://palworld-chi.vercel.app/en/item/katana,7,yes,1,1
https://palworld-chi.vercel.app/en/item/katana-2,item,yes,https://palworld-chi.vercel.app/en/item/katana-2,7,yes,1,1
https://palworld-chi.vercel.app/en/item/katana-3,item,yes,https://palworld-chi.vercel.app/en/item/katana-3,7,yes,1,1
https://palworld-chi.vercel.app/en/item/katana-4,item,yes,https://palworld-chi.vercel.app/en/item/katana-4,7,yes,1,1
https://palworld-chi.vercel.app/en/item/katana-5,item,yes,https://palworld-chi.vercel.app/en/item/katana-5,7,yes,1,1
https://palworld-chi.vercel.app/en/item/lantern,item,yes,https://palworld-chi.vercel.app/en/item/lantern,7,yes,1,1
https://palworld-chi.vercel.app/en/item/lantern-high,item,yes,https://palworld-chi.vercel.app/en/item/lantern-high,7,yes,1,1
https://palworld-chi.vercel.app/en/item/laserbullet,item,yes,https://palworld-chi.vercel.app/en/item/laserbullet,7,yes,1,1
https://palworld-chi.vercel.app/en/item/lasergatlingbullet,item,yes,https://palworld-chi.vercel.app/en/item/lasergatlingbullet,7,yes,1,1
https://palworld-chi.vercel.app/en/item/lasergatlinggun,item,yes,https://palworld-chi.vercel.app/en/item/lasergatlinggun,7,yes,1,1
https://palworld-chi.vercel.app/en/item/lasergatlinggun-2,item,yes,https://palworld-chi.vercel.app/en/item/lasergatlinggun-2,7,yes,1,1
https://palworld-chi.vercel.app/en/item/lasergatlinggun-3,item,yes,https://palworld-chi.vercel.app/en/item/lasergatlinggun-3,7,yes,1,1
https://palworld-chi.vercel.app/en/item/lasergatlinggun-4,item,yes,https://palworld-chi.vercel.app/en/item/lasergatlinggun-4,7,yes,1,1
https://palworld-chi.vercel.app/en/item/lasergatlinggun-5,item,yes,https://palworld-chi.vercel.app/en/item/lasergatlinggun-5,7,yes,1,1
https://palworld-chi.vercel.app/en/item/laserminingtool,item,yes,https://palworld-chi.vercel.app/en/item/laserminingtool,7,yes,1,1
https://palworld-chi.vercel.app/en/item/laserrifle,item,yes,https://palworld-chi.vercel.app/en/item/laserrifle,7,yes,1,1
https://palworld-chi.vercel.app/en/item/laserrifle-2,item,yes,https://palworld-chi.vercel.app/en/item/laserrifle-2,7,yes,1,1
https://palworld-chi.vercel.app/en/item/laserrifle-3,item,yes,https://palworld-chi.vercel.app/en/item/laserrifle-3,7,yes,1,1
https://palworld-chi.vercel.app/en/item/laserrifle-4,item,yes,https://palworld-chi.vercel.app/en/item/laserrifle-4,7,yes,1,1
https://palworld-chi.vercel.app/en/item/laserrifle-5,item,yes,https://palworld-chi.vercel.app/en/item/laserrifle-5,7,yes,1,1
https://palworld-chi.vercel.app/en/item/launcher-default,item,yes,https://palworld-chi.vercel.app/en/item/launcher-default,7,yes,1,1
https://palworld-chi.vercel.app/en/item/launcher-default-2,item,yes,https://palworld-chi.vercel.app/en/item/launcher-default-2,7,yes,1,1
https://palworld-chi.vercel.app/en/item/launcher-default-3,item,yes,https://palworld-chi.vercel.app/en/item/launcher-default-3,7,yes,1,1
https://palworld-chi.vercel.app/en/item/launcher-default-4,item,yes,https://palworld-chi.vercel.app/en/item/launcher-default-4,7,yes,1,1
https://palworld-chi.vercel.app/en/item/launcher-default-5,item,yes,https://palworld-chi.vercel.app/en/item/launcher-default-5,7,yes,1,1
https://palworld-chi.vercel.app/en/item/launcher-meteor,item,yes,https://palworld-chi.vercel.app/en/item/launcher-meteor,7,yes,1,1
https://palworld-chi.vercel.app/en/item/launcher-meteor-5,item,yes,https://palworld-chi.vercel.app/en/item/launcher-meteor-5,7,yes,1,1
https://palworld-chi.vercel.app/en/item/lava-ancient,item,yes,https://palworld-chi.vercel.app/en/item/lava-ancient,7,yes,1,1
https://palworld-chi.vercel.app/en/item/leather,item,yes,https://palworld-chi.vercel.app/en/item/leather,7,yes,79,79
https://palworld-chi.vercel.app/en/item/lettuce,item,yes,https://palworld-chi.vercel.app/en/item/lettuce,7,yes,1,1
https://palworld-chi.vercel.app/en/item/lettuceseeds,item,yes,https://palworld-chi.vercel.app/en/item/lettuceseeds,7,yes,5,5
https://palworld-chi.vercel.app/en/item/lotus-attack-01,item,yes,https://palworld-chi.vercel.app/en/item/lotus-attack-01,7,yes,1,1
https://palworld-chi.vercel.app/en/item/lotus-attack-02,item,yes,https://palworld-chi.vercel.app/en/item/lotus-attack-02,7,yes,1,1
https://palworld-chi.vercel.app/en/item/lotus-hp-01,item,yes,https://palworld-chi.vercel.app/en/item/lotus-hp-01,7,yes,1,1
https://palworld-chi.vercel.app/en/item/lotus-hp-02,item,yes,https://palworld-chi.vercel.app/en/item/lotus-hp-02,7,yes,1,1
https://palworld-chi.vercel.app/en/item/lotus-stamina-01,item,yes,https://palworld-chi.vercel.app/en/item/lotus-stamina-01,7,yes,1,1
https://palworld-chi.vercel.app/en/item/lotus-stamina-02,item,yes,https://palworld-chi.vercel.app/en/item/lotus-stamina-02,7,yes,1,1
https://palworld-chi.vercel.app/en/item/lotus-weight-01,item,yes,https://palworld-chi.vercel.app/en/item/lotus-weight-01,7,yes,1,1
https://palworld-chi.vercel.app/en/item/lotus-weight-02,item,yes,https://palworld-chi.vercel.app/en/item/lotus-weight-02,7,yes,1,1
https://palworld-chi.vercel.app/en/item/lotus-workspeed-01,item,yes,https://palworld-chi.vercel.app/en/item/lotus-workspeed-01,7,yes,1,1
https://palworld-chi.vercel.app/en/item/lotus-workspeed-02,item,yes,https://palworld-chi.vercel.app/en/item/lotus-workspeed-02,7,yes,1,1
https://palworld-chi.vercel.app/en/item/luxurymedicines,item,yes,https://palworld-chi.vercel.app/en/item/luxurymedicines,7,yes,1,1
https://palworld-chi.vercel.app/en/item/lvup-01,item,yes,https://palworld-chi.vercel.app/en/item/lvup-01,7,yes,1,1
https://palworld-chi.vercel.app/en/item/machineparts,item,yes,https://palworld-chi.vercel.app/en/item/machineparts,7,yes,1,1
https://palworld-chi.vercel.app/en/item/machineparts2,item,yes,https://palworld-chi.vercel.app/en/item/machineparts2,7,yes,1,1
https://palworld-chi.vercel.app/en/item/makeshiftassaultrifle,item,yes,https://palworld-chi.vercel.app/en/item/makeshiftassaultrifle,7,yes,1,1
https://palworld-chi.vercel.app/en/item/makeshiftassaultrifle-2,item,yes,https://palworld-chi.vercel.app/en/item/makeshiftassaultrifle-2,7,yes,1,1
https://palworld-chi.vercel.app/en/item/makeshiftassaultrifle-3,item,yes,https://palworld-chi.vercel.app/en/item/makeshiftassaultrifle-3,7,yes,1,1
https://palworld-chi.vercel.app/en/item/makeshiftassaultrifle-4,item,yes,https://palworld-chi.vercel.app/en/item/makeshiftassaultrifle-4,7,yes,1,1
https://palworld-chi.vercel.app/en/item/makeshiftassaultrifle-5,item,yes,https://palworld-chi.vercel.app/en/item/makeshiftassaultrifle-5,7,yes,1,1
https://palworld-chi.vercel.app/en/item/makeshifthandgun,item,yes,https://palworld-chi.vercel.app/en/item/makeshifthandgun,7,yes,1,1
https://palworld-chi.vercel.app/en/item/makeshifthandgun-2,item,yes,https://palworld-chi.vercel.app/en/item/makeshifthandgun-2,7,yes,1,1
https://palworld-chi.vercel.app/en/item/makeshifthandgun-3,item,yes,https://palworld-chi.vercel.app/en/item/makeshifthandgun-3,7,yes,1,1
https://palworld-chi.vercel.app/en/item/makeshifthandgun-4,item,yes,https://palworld-chi.vercel.app/en/item/makeshifthandgun-4,7,yes,1,1
https://palworld-chi.vercel.app/en/item/makeshifthandgun-5,item,yes,https://palworld-chi.vercel.app/en/item/makeshifthandgun-5,7,yes,1,1
https://palworld-chi.vercel.app/en/item/makeshiftshotgun,item,yes,https://palworld-chi.vercel.app/en/item/makeshiftshotgun,7,yes,1,1
https://palworld-chi.vercel.app/en/item/makeshiftshotgun-2,item,yes,https://palworld-chi.vercel.app/en/item/makeshiftshotgun-2,7,yes,1,1
https://palworld-chi.vercel.app/en/item/makeshiftshotgun-3,item,yes,https://palworld-chi.vercel.app/en/item/makeshiftshotgun-3,7,yes,1,1
https://palworld-chi.vercel.app/en/item/makeshiftshotgun-4,item,yes,https://palworld-chi.vercel.app/en/item/makeshiftshotgun-4,7,yes,1,1
https://palworld-chi.vercel.app/en/item/makeshiftshotgun-5,item,yes,https://palworld-chi.vercel.app/en/item/makeshiftshotgun-5,7,yes,1,1
https://palworld-chi.vercel.app/en/item/makeshiftsubmachinegun,item,yes,https://palworld-chi.vercel.app/en/item/makeshiftsubmachinegun,7,yes,1,1
https://palworld-chi.vercel.app/en/item/makeshiftsubmachinegun-2,item,yes,https://palworld-chi.vercel.app/en/item/makeshiftsubmachinegun-2,7,yes,1,1
https://palworld-chi.vercel.app/en/item/makeshiftsubmachinegun-3,item,yes,https://palworld-chi.vercel.app/en/item/makeshiftsubmachinegun-3,7,yes,1,1
https://palworld-chi.vercel.app/en/item/makeshiftsubmachinegun-4,item,yes,https://palworld-chi.vercel.app/en/item/makeshiftsubmachinegun-4,7,yes,1,1
https://palworld-chi.vercel.app/en/item/makeshiftsubmachinegun-5,item,yes,https://palworld-chi.vercel.app/en/item/makeshiftsubmachinegun-5,7,yes,1,1
https://palworld-chi.vercel.app/en/item/manganeseingot,item,yes,https://palworld-chi.vercel.app/en/item/manganeseingot,7,yes,1,1
https://palworld-chi.vercel.app/en/item/manganeseore,item,yes,https://palworld-chi.vercel.app/en/item/manganeseore,7,yes,4,4
https://palworld-chi.vercel.app/en/item/marinatedmushrooms,item,yes,https://palworld-chi.vercel.app/en/item/marinatedmushrooms,7,yes,1,1
https://palworld-chi.vercel.app/en/item/meaninglessitem-butcheringimportpal,item,yes,https://palworld-chi.vercel.app/en/item/meaninglessitem-butcheringimportpal,7,yes,1,1
https://palworld-chi.vercel.app/en/item/meat-berrygoat,item,yes,https://palworld-chi.vercel.app/en/item/meat-berrygoat,7,yes,3,3
https://palworld-chi.vercel.app/en/item/meat-boar,item,yes,https://palworld-chi.vercel.app/en/item/meat-boar,7,yes,2,2
https://palworld-chi.vercel.app/en/item/meat-chickenpal,item,yes,https://palworld-chi.vercel.app/en/item/meat-chickenpal,7,yes,2,2
https://palworld-chi.vercel.app/en/item/meat-cowpal,item,yes,https://palworld-chi.vercel.app/en/item/meat-cowpal,7,yes,2,2
https://palworld-chi.vercel.app/en/item/meat-deer,item,yes,https://palworld-chi.vercel.app/en/item/meat-deer,7,yes,3,3
https://palworld-chi.vercel.app/en/item/meat-eagle,item,yes,https://palworld-chi.vercel.app/en/item/meat-eagle,7,yes,2,2
https://palworld-chi.vercel.app/en/item/meat-grassmammoth,item,yes,https://palworld-chi.vercel.app/en/item/meat-grassmammoth,7,yes,3,3
https://palworld-chi.vercel.app/en/item/meat-icecrocodile,item,yes,https://palworld-chi.vercel.app/en/item/meat-icecrocodile,7,yes,2,2
https://palworld-chi.vercel.app/en/item/meat-icedeer,item,yes,https://palworld-chi.vercel.app/en/item/meat-icedeer,7,yes,2,2
https://palworld-chi.vercel.app/en/item/meat-jellyfishfairy,item,yes,https://palworld-chi.vercel.app/en/item/meat-jellyfishfairy,7,yes,2,2
https://palworld-chi.vercel.app/en/item/meat-jellyfishghost,item,yes,https://palworld-chi.vercel.app/en/item/meat-jellyfishghost,7,yes,2,2
https://palworld-chi.vercel.app/en/item/meat-kelpie,item,yes,https://palworld-chi.vercel.app/en/item/meat-kelpie,7,yes,3,3
https://palworld-chi.vercel.app/en/item/meat-lazycatfish,item,yes,https://palworld-chi.vercel.app/en/item/meat-lazycatfish,7,yes,3,3
https://palworld-chi.vercel.app/en/item/meat-octopusgirl,item,yes,https://palworld-chi.vercel.app/en/item/meat-octopusgirl,7,yes,3,3
https://palworld-chi.vercel.app/en/item/meat-sakurasaurus,item,yes,https://palworld-chi.vercel.app/en/item/meat-sakurasaurus,7,yes,3,3
https://palworld-chi.vercel.app/en/item/meat-sheepball,item,yes,https://palworld-chi.vercel.app/en/item/meat-sheepball,7,yes,2,2
https://palworld-chi.vercel.app/en/item/meat-swordcutlassfish,item,yes,https://palworld-chi.vercel.app/en/item/meat-swordcutlassfish,7,yes,3,3
https://palworld-chi.vercel.app/en/item/meatandpotatoes,item,yes,https://palworld-chi.vercel.app/en/item/meatandpotatoes,7,yes,1,1
https://palworld-chi.vercel.app/en/item/meatcutterknife,item,yes,https://palworld-chi.vercel.app/en/item/meatcutterknife,7,yes,1,1
https://palworld-chi.vercel.app/en/item/medicines,item,yes,https://palworld-chi.vercel.app/en/item/medicines,7,yes,1,1
https://palworld-chi.vercel.app/en/item/metaldetector,item,yes,https://palworld-chi.vercel.app/en/item/metaldetector,7,yes,1,1
https://palworld-chi.vercel.app/en/item/meteorbullet,item,yes,https://palworld-chi.vercel.app/en/item/meteorbullet,7,yes,1,1
https://palworld-chi.vercel.app/en/item/meteordrop,item,yes,https://palworld-chi.vercel.app/en/item/meteordrop,7,yes,4,4
https://palworld-chi.vercel.app/en/item/milk,item,yes,https://palworld-chi.vercel.app/en/item/milk,7,yes,2,2
https://palworld-chi.vercel.app/en/item/minestrone,item,yes,https://palworld-chi.vercel.app/en/item/minestrone,7,yes,1,1
https://palworld-chi.vercel.app/en/item/missilebullet,item,yes,https://palworld-chi.vercel.app/en/item/missilebullet,7,yes,1,1
https://palworld-chi.vercel.app/en/item/money,item,yes,https://palworld-chi.vercel.app/en/item/money,7,yes,6,6
https://palworld-chi.vercel.app/en/item/multiguidedmissilelauncher,item,yes,https://palworld-chi.vercel.app/en/item/multiguidedmissilelauncher,7,yes,1,1
https://palworld-chi.vercel.app/en/item/multiguidedmissilelauncher-2,item,yes,https://palworld-chi.vercel.app/en/item/multiguidedmissilelauncher-2,7,yes,1,1
https://palworld-chi.vercel.app/en/item/multiguidedmissilelauncher-3,item,yes,https://palworld-chi.vercel.app/en/item/multiguidedmissilelauncher-3,7,yes,1,1
https://palworld-chi.vercel.app/en/item/multiguidedmissilelauncher-4,item,yes,https://palworld-chi.vercel.app/en/item/multiguidedmissilelauncher-4,7,yes,1,1
https://palworld-chi.vercel.app/en/item/multiguidedmissilelauncher-5,item,yes,https://palworld-chi.vercel.app/en/item/multiguidedmissilelauncher-5,7,yes,1,1
https://palworld-chi.vercel.app/en/item/mushroom,item,yes,https://palworld-chi.vercel.app/en/item/mushroom,7,yes,6,6
https://palworld-chi.vercel.app/en/item/mushroomjuice,item,yes,https://palworld-chi.vercel.app/en/item/mushroomjuice,7,yes,1,1
https://palworld-chi.vercel.app/en/item/mushroomsoup,item,yes,https://palworld-chi.vercel.app/en/item/mushroomsoup,7,yes,1,1
https://palworld-chi.vercel.app/en/item/musket,item,yes,https://palworld-chi.vercel.app/en/item/musket,7,yes,1,1
https://palworld-chi.vercel.app/en/item/musket-2,item,yes,https://palworld-chi.vercel.app/en/item/musket-2,7,yes,1,1
https://palworld-chi.vercel.app/en/item/musket-3,item,yes,https://palworld-chi.vercel.app/en/item/musket-3,7,yes,1,1
https://palworld-chi.vercel.app/en/item/musket-4,item,yes,https://palworld-chi.vercel.app/en/item/musket-4,7,yes,1,1
https://palworld-chi.vercel.app/en/item/musket-5,item,yes,https://palworld-chi.vercel.app/en/item/musket-5,7,yes,1,1
https://palworld-chi.vercel.app/en/item/narcotic,item,yes,https://palworld-chi.vercel.app/en/item/narcotic,7,yes,2,2
https://palworld-chi.vercel.app/en/item/nightstone,item,yes,https://palworld-chi.vercel.app/en/item/nightstone,7,yes,3,3
https://palworld-chi.vercel.app/en/item/octavia001-armor,item,yes,https://palworld-chi.vercel.app/en/item/octavia001-armor,7,yes,1,1
https://palworld-chi.vercel.app/en/item/octavia001-armor-5,item,yes,https://palworld-chi.vercel.app/en/item/octavia001-armor-5,7,yes,1,1
https://palworld-chi.vercel.app/en/item/octavia002-armor,item,yes,https://palworld-chi.vercel.app/en/item/octavia002-armor,7,yes,1,1
https://palworld-chi.vercel.app/en/item/octavia002-armor-5,item,yes,https://palworld-chi.vercel.app/en/item/octavia002-armor-5,7,yes,1,1
https://palworld-chi.vercel.app/en/item/octaviarevolver,item,yes,https://palworld-chi.vercel.app/en/item/octaviarevolver,7,yes,1,1
https://palworld-chi.vercel.app/en/item/octaviarevolver-5,item,yes,https://palworld-chi.vercel.app/en/item/octaviarevolver-5,7,yes,1,1
https://palworld-chi.vercel.app/en/item/octaviashotgun,item,yes,https://palworld-chi.vercel.app/en/item/octaviashotgun,7,yes,1,1
https://palworld-chi.vercel.app/en/item/octaviashotgun-5,item,yes,https://palworld-chi.vercel.app/en/item/octaviashotgun-5,7,yes,1,1
https://palworld-chi.vercel.app/en/item/octopusgirl-takoyaki,item,yes,https://palworld-chi.vercel.app/en/item/octopusgirl-takoyaki,7,yes,1,1
https://palworld-chi.vercel.app/en/item/octopusgirl-takoyaki2,item,yes,https://palworld-chi.vercel.app/en/item/octopusgirl-takoyaki2,7,yes,1,1
https://palworld-chi.vercel.app/en/item/oldrevolver,item,yes,https://palworld-chi.vercel.app/en/item/oldrevolver,7,yes,1,1
https://palworld-chi.vercel.app/en/item/oldrevolver-2,item,yes,https://palworld-chi.vercel.app/en/item/oldrevolver-2,7,yes,1,1
https://palworld-chi.vercel.app/en/item/oldrevolver-3,item,yes,https://palworld-chi.vercel.app/en/item/oldrevolver-3,7,yes,1,1
https://palworld-chi.vercel.app/en/item/oldrevolver-4,item,yes,https://palworld-chi.vercel.app/en/item/oldrevolver-4,7,yes,1,1
https://palworld-chi.vercel.app/en/item/oldrevolver-5,item,yes,https://palworld-chi.vercel.app/en/item/oldrevolver-5,7,yes,1,1
https://palworld-chi.vercel.app/en/item/omelet,item,yes,https://palworld-chi.vercel.app/en/item/omelet,7,yes,1,1
https://palworld-chi.vercel.app/en/item/onion,item,yes,https://palworld-chi.vercel.app/en/item/onion,7,yes,1,1
https://palworld-chi.vercel.app/en/item/onionseeds,item,yes,https://palworld-chi.vercel.app/en/item/onionseeds,7,yes,5,5
https://palworld-chi.vercel.app/en/item/opium,item,yes,https://palworld-chi.vercel.app/en/item/opium,7,yes,2,2
https://palworld-chi.vercel.app/en/item/otomo-atdark-elementboost-1,item,yes,https://palworld-chi.vercel.app/en/item/otomo-atdark-elementboost-1,7,yes,1,1
https://palworld-chi.vercel.app/en/item/otomo-atdragon-elementboost-1,item,yes,https://palworld-chi.vercel.app/en/item/otomo-atdragon-elementboost-1,7,yes,1,1
https://palworld-chi.vercel.app/en/item/otomo-atearth-elementboost-1,item,yes,https://palworld-chi.vercel.app/en/item/otomo-atearth-elementboost-1,7,yes,1,1
https://palworld-chi.vercel.app/en/item/otomo-atelectricity-elementboost-1,item,yes,https://palworld-chi.vercel.app/en/item/otomo-atelectricity-elementboost-1,7,yes,1,1
https://palworld-chi.vercel.app/en/item/otomo-atfire-elementboost-1,item,yes,https://palworld-chi.vercel.app/en/item/otomo-atfire-elementboost-1,7,yes,1,1
https://palworld-chi.vercel.app/en/item/otomo-atice-elementboost-1,item,yes,https://palworld-chi.vercel.app/en/item/otomo-atice-elementboost-1,7,yes,1,1
https://palworld-chi.vercel.app/en/item/otomo-atleaf-elementboost-1,item,yes,https://palworld-chi.vercel.app/en/item/otomo-atleaf-elementboost-1,7,yes,1,1
https://palworld-chi.vercel.app/en/item/otomo-atnormal-elementboost-1,item,yes,https://palworld-chi.vercel.app/en/item/otomo-atnormal-elementboost-1,7,yes,1,1
https://palworld-chi.vercel.app/en/item/otomo-attack-up1,item,yes,https://palworld-chi.vercel.app/en/item/otomo-attack-up1,7,yes,1,1
https://palworld-chi.vercel.app/en/item/otomo-atwater-elementboost-1,item,yes,https://palworld-chi.vercel.app/en/item/otomo-atwater-elementboost-1,7,yes,1,1
https://palworld-chi.vercel.app/en/item/otomo-defense-up1,item,yes,https://palworld-chi.vercel.app/en/item/otomo-defense-up1,7,yes,1,1
https://palworld-chi.vercel.app/en/item/otomo-dfdark-elementboost-1,item,yes,https://palworld-chi.vercel.app/en/item/otomo-dfdark-elementboost-1,7,yes,1,1
https://palworld-chi.vercel.app/en/item/otomo-dfdragon-elementboost-1,item,yes,https://palworld-chi.vercel.app/en/item/otomo-dfdragon-elementboost-1,7,yes,1,1
https://palworld-chi.vercel.app/en/item/otomo-dfearth-elementboost-1,item,yes,https://palworld-chi.vercel.app/en/item/otomo-dfearth-elementboost-1,7,yes,1,1
https://palworld-chi.vercel.app/en/item/otomo-dfelectricity-elementboost-1,item,yes,https://palworld-chi.vercel.app/en/item/otomo-dfelectricity-elementboost-1,7,yes,1,1
https://palworld-chi.vercel.app/en/item/otomo-dffire-elementboost-1,item,yes,https://palworld-chi.vercel.app/en/item/otomo-dffire-elementboost-1,7,yes,1,1
https://palworld-chi.vercel.app/en/item/otomo-dfice-elementboost-1,item,yes,https://palworld-chi.vercel.app/en/item/otomo-dfice-elementboost-1,7,yes,1,1
https://palworld-chi.vercel.app/en/item/otomo-dfleaf-elementboost-1,item,yes,https://palworld-chi.vercel.app/en/item/otomo-dfleaf-elementboost-1,7,yes,1,1
https://palworld-chi.vercel.app/en/item/otomo-dfnormal-elementboost-1,item,yes,https://palworld-chi.vercel.app/en/item/otomo-dfnormal-elementboost-1,7,yes,1,1
https://palworld-chi.vercel.app/en/item/otomo-dfwater-elementboost-1,item,yes,https://palworld-chi.vercel.app/en/item/otomo-dfwater-elementboost-1,7,yes,1,1
https://palworld-chi.vercel.app/en/item/otomo-elementboost-dark-1,item,yes,https://palworld-chi.vercel.app/en/item/otomo-elementboost-dark-1,7,yes,1,1
https://palworld-chi.vercel.app/en/item/otomo-elementboost-dragon-1,item,yes,https://palworld-chi.vercel.app/en/item/otomo-elementboost-dragon-1,7,yes,1,1
https://palworld-chi.vercel.app/en/item/otomo-elementboost-earth-1,item,yes,https://palworld-chi.vercel.app/en/item/otomo-elementboost-earth-1,7,yes,1,1
https://palworld-chi.vercel.app/en/item/otomo-elementboost-electricity-1,item,yes,https://palworld-chi.vercel.app/en/item/otomo-elementboost-electricity-1,7,yes,1,1
https://palworld-chi.vercel.app/en/item/otomo-elementboost-fire-1,item,yes,https://palworld-chi.vercel.app/en/item/otomo-elementboost-fire-1,7,yes,1,1
https://palworld-chi.vercel.app/en/item/otomo-elementboost-ice-1,item,yes,https://palworld-chi.vercel.app/en/item/otomo-elementboost-ice-1,7,yes,1,1
https://palworld-chi.vercel.app/en/item/otomo-elementboost-leaf-1,item,yes,https://palworld-chi.vercel.app/en/item/otomo-elementboost-leaf-1,7,yes,1,1
https://palworld-chi.vercel.app/en/item/otomo-elementboost-normal-1,item,yes,https://palworld-chi.vercel.app/en/item/otomo-elementboost-normal-1,7,yes,1,1
https://palworld-chi.vercel.app/en/item/otomo-elementboost-water-1,item,yes,https://palworld-chi.vercel.app/en/item/otomo-elementboost-water-1,7,yes,1,1
https://palworld-chi.vercel.app/en/item/otomo-palconfidence-increase-1,item,yes,https://palworld-chi.vercel.app/en/item/otomo-palconfidence-increase-1,7,yes,1,1
https://palworld-chi.vercel.app/en/item/otomo-palexp-increase-1,item,yes,https://palworld-chi.vercel.app/en/item/otomo-palexp-increase-1,7,yes,1,1
https://palworld-chi.vercel.app/en/item/overheatrifle,item,yes,https://palworld-chi.vercel.app/en/item/overheatrifle,7,yes,1,1
https://palworld-chi.vercel.app/en/item/overheatrifle-2,item,yes,https://palworld-chi.vercel.app/en/item/overheatrifle-2,7,yes,1,1
https://palworld-chi.vercel.app/en/item/overheatrifle-3,item,yes,https://palworld-chi.vercel.app/en/item/overheatrifle-3,7,yes,1,1
https://palworld-chi.vercel.app/en/item/overheatrifle-4,item,yes,https://palworld-chi.vercel.app/en/item/overheatrifle-4,7,yes,1,1
https://palworld-chi.vercel.app/en/item/overheatrifle-5,item,yes,https://palworld-chi.vercel.app/en/item/overheatrifle-5,7,yes,1,1
https://palworld-chi.vercel.app/en/item/overheatriflebullet,item,yes,https://palworld-chi.vercel.app/en/item/overheatriflebullet,7,yes,1,1
https://palworld-chi.vercel.app/en/item/pal-crystal-s,item,yes,https://palworld-chi.vercel.app/en/item/pal-crystal-s,7,yes,2,2
https://palworld-chi.vercel.app/en/item/palawakening-dark,item,yes,https://palworld-chi.vercel.app/en/item/palawakening-dark,7,yes,1,1
https://palworld-chi.vercel.app/en/item/palawakening-dragon,item,yes,https://palworld-chi.vercel.app/en/item/palawakening-dragon,7,yes,1,1
https://palworld-chi.vercel.app/en/item/palawakening-electric,item,yes,https://palworld-chi.vercel.app/en/item/palawakening-electric,7,yes,1,1
https://palworld-chi.vercel.app/en/item/palawakening-fire,item,yes,https://palworld-chi.vercel.app/en/item/palawakening-fire,7,yes,1,1
https://palworld-chi.vercel.app/en/item/palawakening-grass,item,yes,https://palworld-chi.vercel.app/en/item/palawakening-grass,7,yes,1,1
https://palworld-chi.vercel.app/en/item/palawakening-ground,item,yes,https://palworld-chi.vercel.app/en/item/palawakening-ground,7,yes,1,1
https://palworld-chi.vercel.app/en/item/palawakening-ice,item,yes,https://palworld-chi.vercel.app/en/item/palawakening-ice,7,yes,1,1
https://palworld-chi.vercel.app/en/item/palawakening-material-dark,item,yes,https://palworld-chi.vercel.app/en/item/palawakening-material-dark,7,yes,11,11
https://palworld-chi.vercel.app/en/item/palawakening-material-dragon,item,yes,https://palworld-chi.vercel.app/en/item/palawakening-material-dragon,7,yes,11,11
https://palworld-chi.vercel.app/en/item/palawakening-material-electric,item,yes,https://palworld-chi.vercel.app/en/item/palawakening-material-electric,7,yes,19,19
https://palworld-chi.vercel.app/en/item/palawakening-material-fire,item,yes,https://palworld-chi.vercel.app/en/item/palawakening-material-fire,7,yes,14,14
https://palworld-chi.vercel.app/en/item/palawakening-material-grass,item,yes,https://palworld-chi.vercel.app/en/item/palawakening-material-grass,7,yes,13,13
https://palworld-chi.vercel.app/en/item/palawakening-material-ground,item,yes,https://palworld-chi.vercel.app/en/item/palawakening-material-ground,7,yes,10,10
https://palworld-chi.vercel.app/en/item/palawakening-material-ice,item,yes,https://palworld-chi.vercel.app/en/item/palawakening-material-ice,7,yes,10,10
https://palworld-chi.vercel.app/en/item/palawakening-material-neutral,item,yes,https://palworld-chi.vercel.app/en/item/palawakening-material-neutral,7,yes,10,10
https://palworld-chi.vercel.app/en/item/palawakening-material-water,item,yes,https://palworld-chi.vercel.app/en/item/palawakening-material-water,7,yes,5,5
https://palworld-chi.vercel.app/en/item/palawakening-neutral,item,yes,https://palworld-chi.vercel.app/en/item/palawakening-neutral,7,yes,1,1
https://palworld-chi.vercel.app/en/item/palawakening-water,item,yes,https://palworld-chi.vercel.app/en/item/palawakening-water,7,yes,1,1
https://palworld-chi.vercel.app/en/item/palcrystal-ex,item,yes,https://palworld-chi.vercel.app/en/item/palcrystal-ex,7,yes,1,1
https://palworld-chi.vercel.app/en/item/paldarkparts,item,yes,https://palworld-chi.vercel.app/en/item/paldarkparts,7,yes,10,10
https://palworld-chi.vercel.app/en/item/paldopingshot,item,yes,https://palworld-chi.vercel.app/en/item/paldopingshot,7,yes,1,1
https://palworld-chi.vercel.app/en/item/paldopingshot-2,item,yes,https://palworld-chi.vercel.app/en/item/paldopingshot-2,7,yes,1,1
https://palworld-chi.vercel.app/en/item/paldopingshotbullet,item,yes,https://palworld-chi.vercel.app/en/item/paldopingshotbullet,7,yes,1,1
https://palworld-chi.vercel.app/en/item/palegg-dark-01,item,yes,https://palworld-chi.vercel.app/en/item/palegg-dark-01,7,yes,1,1
https://palworld-chi.vercel.app/en/item/palegg-dark-02,item,yes,https://palworld-chi.vercel.app/en/item/palegg-dark-02,7,yes,1,1
https://palworld-chi.vercel.app/en/item/palegg-dark-03,item,yes,https://palworld-chi.vercel.app/en/item/palegg-dark-03,7,yes,1,1
https://palworld-chi.vercel.app/en/item/palegg-dark-04,item,yes,https://palworld-chi.vercel.app/en/item/palegg-dark-04,7,yes,1,1
https://palworld-chi.vercel.app/en/item/palegg-dark-05,item,yes,https://palworld-chi.vercel.app/en/item/palegg-dark-05,7,yes,1,1
https://palworld-chi.vercel.app/en/item/palegg-dragon-01,item,yes,https://palworld-chi.vercel.app/en/item/palegg-dragon-01,7,yes,1,1
https://palworld-chi.vercel.app/en/item/palegg-dragon-02,item,yes,https://palworld-chi.vercel.app/en/item/palegg-dragon-02,7,yes,1,1
https://palworld-chi.vercel.app/en/item/palegg-dragon-03,item,yes,https://palworld-chi.vercel.app/en/item/palegg-dragon-03,7,yes,1,1
https://palworld-chi.vercel.app/en/item/palegg-dragon-04,item,yes,https://palworld-chi.vercel.app/en/item/palegg-dragon-04,7,yes,1,1
https://palworld-chi.vercel.app/en/item/palegg-dragon-05,item,yes,https://palworld-chi.vercel.app/en/item/palegg-dragon-05,7,yes,1,1
https://palworld-chi.vercel.app/en/item/palegg-earth-01,item,yes,https://palworld-chi.vercel.app/en/item/palegg-earth-01,7,yes,1,1
https://palworld-chi.vercel.app/en/item/palegg-earth-02,item,yes,https://palworld-chi.vercel.app/en/item/palegg-earth-02,7,yes,1,1
https://palworld-chi.vercel.app/en/item/palegg-earth-03,item,yes,https://palworld-chi.vercel.app/en/item/palegg-earth-03,7,yes,1,1
https://palworld-chi.vercel.app/en/item/palegg-earth-04,item,yes,https://palworld-chi.vercel.app/en/item/palegg-earth-04,7,yes,1,1
https://palworld-chi.vercel.app/en/item/palegg-earth-05,item,yes,https://palworld-chi.vercel.app/en/item/palegg-earth-05,7,yes,1,1
https://palworld-chi.vercel.app/en/item/palegg-electricity-01,item,yes,https://palworld-chi.vercel.app/en/item/palegg-electricity-01,7,yes,1,1
https://palworld-chi.vercel.app/en/item/palegg-electricity-02,item,yes,https://palworld-chi.vercel.app/en/item/palegg-electricity-02,7,yes,1,1
https://palworld-chi.vercel.app/en/item/palegg-electricity-03,item,yes,https://palworld-chi.vercel.app/en/item/palegg-electricity-03,7,yes,1,1
https://palworld-chi.vercel.app/en/item/palegg-electricity-04,item,yes,https://palworld-chi.vercel.app/en/item/palegg-electricity-04,7,yes,1,1
https://palworld-chi.vercel.app/en/item/palegg-electricity-05,item,yes,https://palworld-chi.vercel.app/en/item/palegg-electricity-05,7,yes,1,1
https://palworld-chi.vercel.app/en/item/palegg-fire-01,item,yes,https://palworld-chi.vercel.app/en/item/palegg-fire-01,7,yes,1,1
https://palworld-chi.vercel.app/en/item/palegg-fire-02,item,yes,https://palworld-chi.vercel.app/en/item/palegg-fire-02,7,yes,1,1
https://palworld-chi.vercel.app/en/item/palegg-fire-03,item,yes,https://palworld-chi.vercel.app/en/item/palegg-fire-03,7,yes,1,1
https://palworld-chi.vercel.app/en/item/palegg-fire-04,item,yes,https://palworld-chi.vercel.app/en/item/palegg-fire-04,7,yes,1,1
https://palworld-chi.vercel.app/en/item/palegg-fire-05,item,yes,https://palworld-chi.vercel.app/en/item/palegg-fire-05,7,yes,1,1
https://palworld-chi.vercel.app/en/item/palegg-ice-01,item,yes,https://palworld-chi.vercel.app/en/item/palegg-ice-01,7,yes,1,1
https://palworld-chi.vercel.app/en/item/palegg-ice-02,item,yes,https://palworld-chi.vercel.app/en/item/palegg-ice-02,7,yes,1,1
https://palworld-chi.vercel.app/en/item/palegg-ice-03,item,yes,https://palworld-chi.vercel.app/en/item/palegg-ice-03,7,yes,1,1
https://palworld-chi.vercel.app/en/item/palegg-ice-04,item,yes,https://palworld-chi.vercel.app/en/item/palegg-ice-04,7,yes,1,1
https://palworld-chi.vercel.app/en/item/palegg-ice-05,item,yes,https://palworld-chi.vercel.app/en/item/palegg-ice-05,7,yes,1,1
https://palworld-chi.vercel.app/en/item/palegg-leaf-01,item,yes,https://palworld-chi.vercel.app/en/item/palegg-leaf-01,7,yes,1,1
https://palworld-chi.vercel.app/en/item/palegg-leaf-02,item,yes,https://palworld-chi.vercel.app/en/item/palegg-leaf-02,7,yes,1,1
https://palworld-chi.vercel.app/en/item/palegg-leaf-03,item,yes,https://palworld-chi.vercel.app/en/item/palegg-leaf-03,7,yes,1,1
https://palworld-chi.vercel.app/en/item/palegg-leaf-04,item,yes,https://palworld-chi.vercel.app/en/item/palegg-leaf-04,7,yes,1,1
https://palworld-chi.vercel.app/en/item/palegg-leaf-05,item,yes,https://palworld-chi.vercel.app/en/item/palegg-leaf-05,7,yes,1,1
https://palworld-chi.vercel.app/en/item/palegg-mutationpal-03,item,yes,https://palworld-chi.vercel.app/en/item/palegg-mutationpal-03,7,yes,1,1
https://palworld-chi.vercel.app/en/item/palegg-mutationpal-04,item,yes,https://palworld-chi.vercel.app/en/item/palegg-mutationpal-04,7,yes,1,1
https://palworld-chi.vercel.app/en/item/palegg-mutationpal-05,item,yes,https://palworld-chi.vercel.app/en/item/palegg-mutationpal-05,7,yes,1,1
https://palworld-chi.vercel.app/en/item/palegg-normal-01,item,yes,https://palworld-chi.vercel.app/en/item/palegg-normal-01,7,yes,1,1
https://palworld-chi.vercel.app/en/item/palegg-normal-02,item,yes,https://palworld-chi.vercel.app/en/item/palegg-normal-02,7,yes,1,1
https://palworld-chi.vercel.app/en/item/palegg-normal-03,item,yes,https://palworld-chi.vercel.app/en/item/palegg-normal-03,7,yes,1,1
https://palworld-chi.vercel.app/en/item/palegg-normal-04,item,yes,https://palworld-chi.vercel.app/en/item/palegg-normal-04,7,yes,1,1
https://palworld-chi.vercel.app/en/item/palegg-normal-05,item,yes,https://palworld-chi.vercel.app/en/item/palegg-normal-05,7,yes,1,1
https://palworld-chi.vercel.app/en/item/palegg-water-01,item,yes,https://palworld-chi.vercel.app/en/item/palegg-water-01,7,yes,1,1
https://palworld-chi.vercel.app/en/item/palegg-water-02,item,yes,https://palworld-chi.vercel.app/en/item/palegg-water-02,7,yes,1,1
https://palworld-chi.vercel.app/en/item/palegg-water-03,item,yes,https://palworld-chi.vercel.app/en/item/palegg-water-03,7,yes,1,1
https://palworld-chi.vercel.app/en/item/palegg-water-04,item,yes,https://palworld-chi.vercel.app/en/item/palegg-water-04,7,yes,1,1
https://palworld-chi.vercel.app/en/item/palegg-water-05,item,yes,https://palworld-chi.vercel.app/en/item/palegg-water-05,7,yes,1,1
https://palworld-chi.vercel.app/en/item/palegg-worldtree-01,item,yes,https://palworld-chi.vercel.app/en/item/palegg-worldtree-01,7,yes,1,1
https://palworld-chi.vercel.app/en/item/palegg-worldtree-02,item,yes,https://palworld-chi.vercel.app/en/item/palegg-worldtree-02,7,yes,1,1
https://palworld-chi.vercel.app/en/item/palegg-worldtree-03,item,yes,https://palworld-chi.vercel.app/en/item/palegg-worldtree-03,7,yes,1,1
https://palworld-chi.vercel.app/en/item/palegg-worldtree-04,item,yes,https://palworld-chi.vercel.app/en/item/palegg-worldtree-04,7,yes,1,1
https://palworld-chi.vercel.app/en/item/palegg-worldtree-05,item,yes,https://palworld-chi.vercel.app/en/item/palegg-worldtree-05,7,yes,1,1
https://palworld-chi.vercel.app/en/item/palfluid,item,yes,https://palworld-chi.vercel.app/en/item/palfluid,7,yes,38,38
https://palworld-chi.vercel.app/en/item/palgenderreverse,item,yes,https://palworld-chi.vercel.app/en/item/palgenderreverse,7,yes,1,1
https://palworld-chi.vercel.app/en/item/palhealinggrenade,item,yes,https://palworld-chi.vercel.app/en/item/palhealinggrenade,7,yes,1,1
https://palworld-chi.vercel.app/en/item/palitem-captainpenguin,item,yes,https://palworld-chi.vercel.app/en/item/palitem-captainpenguin,7,yes,3,3
https://palworld-chi.vercel.app/en/item/palitem-catmage,item,yes,https://palworld-chi.vercel.app/en/item/palitem-catmage,7,yes,3,3
https://palworld-chi.vercel.app/en/item/palitem-colorfulbird,item,yes,https://palworld-chi.vercel.app/en/item/palitem-colorfulbird,7,yes,2,2
https://palworld-chi.vercel.app/en/item/palitem-lizardman,item,yes,https://palworld-chi.vercel.app/en/item/palitem-lizardman,7,yes,3,3
https://palworld-chi.vercel.app/en/item/palitem-mopbaby,item,yes,https://palworld-chi.vercel.app/en/item/palitem-mopbaby,7,yes,2,2
https://palworld-chi.vercel.app/en/item/palitem-negativeoctopus,item,yes,https://palworld-chi.vercel.app/en/item/palitem-negativeoctopus,7,yes,3,3
https://palworld-chi.vercel.app/en/item/palitem-pinkrabbit,item,yes,https://palworld-chi.vercel.app/en/item/palitem-pinkrabbit,7,yes,3,3
https://palworld-chi.vercel.app/en/item/palitem-plantslime,item,yes,https://palworld-chi.vercel.app/en/item/palitem-plantslime,7,yes,2,2
https://palworld-chi.vercel.app/en/item/palitem-raijindaughter,item,yes,https://palworld-chi.vercel.app/en/item/palitem-raijindaughter,7,yes,3,3
https://palworld-chi.vercel.app/en/item/palitem-tosell-01,item,yes,https://palworld-chi.vercel.app/en/item/palitem-tosell-01,7,yes,1,1
https://palworld-chi.vercel.app/en/item/palitem-tosell-02,item,yes,https://palworld-chi.vercel.app/en/item/palitem-tosell-02,7,yes,1,1
https://palworld-chi.vercel.app/en/item/palitem-tosell-03,item,yes,https://palworld-chi.vercel.app/en/item/palitem-tosell-03,7,yes,1,1
https://palworld-chi.vercel.app/en/item/palitem-tosell-04,item,yes,https://palworld-chi.vercel.app/en/item/palitem-tosell-04,7,yes,1,1
https://palworld-chi.vercel.app/en/item/palitem-tosell-05,item,yes,https://palworld-chi.vercel.app/en/item/palitem-tosell-05,7,yes,1,1
https://palworld-chi.vercel.app/en/item/paloil,item,yes,https://palworld-chi.vercel.app/en/item/paloil,7,yes,25,25
https://palworld-chi.vercel.app/en/item/palpassiveskillchange-autohpregenerate-passive,item,yes,https://palworld-chi.vercel.app/en/item/palpassiveskillchange-autohpregenerate-passive,7,yes,1,1
https://palworld-chi.vercel.app/en/item/palpassiveskillchange-consumable-craftspeed-up3,item,yes,https://palworld-chi.vercel.app/en/item/palpassiveskillchange-consumable-craftspeed-up3,7,yes,1,1
https://palworld-chi.vercel.app/en/item/palpassiveskillchange-consumable-deffence-up3,item,yes,https://palworld-chi.vercel.app/en/item/palpassiveskillchange-consumable-deffence-up3,7,yes,1,1
https://palworld-chi.vercel.app/en/item/palpassiveskillchange-consumable-movespeed-up-3,item,yes,https://palworld-chi.vercel.app/en/item/palpassiveskillchange-consumable-movespeed-up-3,7,yes,1,1
https://palworld-chi.vercel.app/en/item/palpassiveskillchange-consumable-mutationpal-babysitter,item,yes,https://palworld-chi.vercel.app/en/item/palpassiveskillchange-consumable-mutationpal-babysitter,7,yes,1,1
https://palworld-chi.vercel.app/en/item/palpassiveskillchange-consumable-mutationpal-explosionresist,item,yes,https://palworld-chi.vercel.app/en/item/palpassiveskillchange-consumable-mutationpal-explosionresist,7,yes,1,1
https://palworld-chi.vercel.app/en/item/palpassiveskillchange-consumable-mutationpal-immortal,item,yes,https://palworld-chi.vercel.app/en/item/palpassiveskillchange-consumable-mutationpal-immortal,7,yes,1,1
https://palworld-chi.vercel.app/en/item/palpassiveskillchange-consumable-mutationpal-mutant,item,yes,https://palworld-chi.vercel.app/en/item/palpassiveskillchange-consumable-mutationpal-mutant,7,yes,1,1
https://palworld-chi.vercel.app/en/item/palpassiveskillchange-consumable-pal-allattack-up3,item,yes,https://palworld-chi.vercel.app/en/item/palpassiveskillchange-consumable-pal-allattack-up3,7,yes,1,1
https://palworld-chi.vercel.app/en/item/palpassiveskillchange-consumable-pal-fullstomach-down-3,item,yes,https://palworld-chi.vercel.app/en/item/palpassiveskillchange-consumable-pal-fullstomach-down-3,7,yes,1,1
https://palworld-chi.vercel.app/en/item/palpassiveskillchange-consumable-pal-sanity-down-3,item,yes,https://palworld-chi.vercel.app/en/item/palpassiveskillchange-consumable-pal-sanity-down-3,7,yes,1,1
https://palworld-chi.vercel.app/en/item/palpassiveskillchange-consumable-ridejumpcount-increase2,item,yes,https://palworld-chi.vercel.app/en/item/palpassiveskillchange-consumable-ridejumpcount-increase2,7,yes,1,1
https://palworld-chi.vercel.app/en/item/palpassiveskillchange-consumable-stamina-up-3,item,yes,https://palworld-chi.vercel.app/en/item/palpassiveskillchange-consumable-stamina-up-3,7,yes,1,1
https://palworld-chi.vercel.app/en/item/palpassiveskillchange-consumable-swimspeed-up-3,item,yes,https://palworld-chi.vercel.app/en/item/palpassiveskillchange-consumable-swimspeed-up-3,7,yes,1,1
https://palworld-chi.vercel.app/en/item/palpassiveskillchange-consumable-vampire,item,yes,https://palworld-chi.vercel.app/en/item/palpassiveskillchange-consumable-vampire,7,yes,1,1
https://palworld-chi.vercel.app/en/item/palpassiveskillchange-consumable-worldtree-atk,item,yes,https://palworld-chi.vercel.app/en/item/palpassiveskillchange-consumable-worldtree-atk,7,yes,1,1
https://palworld-chi.vercel.app/en/item/palpassiveskillchange-consumable-worldtree-atk-def,item,yes,https://palworld-chi.vercel.app/en/item/palpassiveskillchange-consumable-worldtree-atk-def,7,yes,1,1
https://palworld-chi.vercel.app/en/item/palpassiveskillchange-consumable-worldtree-craftspeed,item,yes,https://palworld-chi.vercel.app/en/item/palpassiveskillchange-consumable-worldtree-craftspeed,7,yes,1,1
https://palworld-chi.vercel.app/en/item/palpassiveskillchange-consumable-worldtree-def,item,yes,https://palworld-chi.vercel.app/en/item/palpassiveskillchange-consumable-worldtree-def,7,yes,1,1
https://palworld-chi.vercel.app/en/item/palpassiveskillchange-consumable-worldtree-fullstomach,item,yes,https://palworld-chi.vercel.app/en/item/palpassiveskillchange-consumable-worldtree-fullstomach,7,yes,1,1
https://palworld-chi.vercel.app/en/item/palpassiveskillchange-consumable-worldtree-movespeed,item,yes,https://palworld-chi.vercel.app/en/item/palpassiveskillchange-consumable-worldtree-movespeed,7,yes,1,1
https://palworld-chi.vercel.app/en/item/palpassiveskillchange-consumable-worldtree-sanity,item,yes,https://palworld-chi.vercel.app/en/item/palpassiveskillchange-consumable-worldtree-sanity,7,yes,1,1
https://palworld-chi.vercel.app/en/item/palpassiveskillchange-cooltimereduction-up-1,item,yes,https://palworld-chi.vercel.app/en/item/palpassiveskillchange-cooltimereduction-up-1,7,yes,1,1
https://palworld-chi.vercel.app/en/item/palpassiveskillchange-cooltimereduction-up-2,item,yes,https://palworld-chi.vercel.app/en/item/palpassiveskillchange-cooltimereduction-up-2,7,yes,1,1
https://palworld-chi.vercel.app/en/item/palpassiveskillchange-craftspeed-up1,item,yes,https://palworld-chi.vercel.app/en/item/palpassiveskillchange-craftspeed-up1,7,yes,1,1
https://palworld-chi.vercel.app/en/item/palpassiveskillchange-craftspeed-up2,item,yes,https://palworld-chi.vercel.app/en/item/palpassiveskillchange-craftspeed-up2,7,yes,1,1
https://palworld-chi.vercel.app/en/item/palpassiveskillchange-craftspeed-up3,item,yes,https://palworld-chi.vercel.app/en/item/palpassiveskillchange-craftspeed-up3,7,yes,1,1
https://palworld-chi.vercel.app/en/item/palpassiveskillchange-deffence-up1,item,yes,https://palworld-chi.vercel.app/en/item/palpassiveskillchange-deffence-up1,7,yes,1,1
https://palworld-chi.vercel.app/en/item/palpassiveskillchange-deffence-up2,item,yes,https://palworld-chi.vercel.app/en/item/palpassiveskillchange-deffence-up2,7,yes,1,1
https://palworld-chi.vercel.app/en/item/palpassiveskillchange-deffence-up3,item,yes,https://palworld-chi.vercel.app/en/item/palpassiveskillchange-deffence-up3,7,yes,1,1
https://palworld-chi.vercel.app/en/item/palpassiveskillchange-hatchingspeed-up,item,yes,https://palworld-chi.vercel.app/en/item/palpassiveskillchange-hatchingspeed-up,7,yes,1,1
https://palworld-chi.vercel.app/en/item/palpassiveskillchange-movespeed-up-1,item,yes,https://palworld-chi.vercel.app/en/item/palpassiveskillchange-movespeed-up-1,7,yes,1,1
https://palworld-chi.vercel.app/en/item/palpassiveskillchange-movespeed-up-2,item,yes,https://palworld-chi.vercel.app/en/item/palpassiveskillchange-movespeed-up-2,7,yes,1,1
https://palworld-chi.vercel.app/en/item/palpassiveskillchange-movespeed-up-3,item,yes,https://palworld-chi.vercel.app/en/item/palpassiveskillchange-movespeed-up-3,7,yes,1,1
https://palworld-chi.vercel.app/en/item/palpassiveskillchange-nocturnal,item,yes,https://palworld-chi.vercel.app/en/item/palpassiveskillchange-nocturnal,7,yes,1,1
https://palworld-chi.vercel.app/en/item/palpassiveskillchange-nonkilling,item,yes,https://palworld-chi.vercel.app/en/item/palpassiveskillchange-nonkilling,7,yes,1,1
https://palworld-chi.vercel.app/en/item/palpassiveskillchange-noukin,item,yes,https://palworld-chi.vercel.app/en/item/palpassiveskillchange-noukin,7,yes,1,1
https://palworld-chi.vercel.app/en/item/palpassiveskillchange-pal-allattack-up1,item,yes,https://palworld-chi.vercel.app/en/item/palpassiveskillchange-pal-allattack-up1,7,yes,1,1
https://palworld-chi.vercel.app/en/item/palpassiveskillchange-pal-allattack-up2,item,yes,https://palworld-chi.vercel.app/en/item/palpassiveskillchange-pal-allattack-up2,7,yes,1,1
https://palworld-chi.vercel.app/en/item/palpassiveskillchange-pal-allattack-up3,item,yes,https://palworld-chi.vercel.app/en/item/palpassiveskillchange-pal-allattack-up3,7,yes,1,1
https://palworld-chi.vercel.app/en/item/palpassiveskillchange-pal-corporateslave,item,yes,https://palworld-chi.vercel.app/en/item/palpassiveskillchange-pal-corporateslave,7,yes,1,1
https://palworld-chi.vercel.app/en/item/palpassiveskillchange-pal-fullstomach-down-1,item,yes,https://palworld-chi.vercel.app/en/item/palpassiveskillchange-pal-fullstomach-down-1,7,yes,1,1
https://palworld-chi.vercel.app/en/item/palpassiveskillchange-pal-fullstomach-down-2,item,yes,https://palworld-chi.vercel.app/en/item/palpassiveskillchange-pal-fullstomach-down-2,7,yes,1,1
https://palworld-chi.vercel.app/en/item/palpassiveskillchange-pal-fullstomach-down-3,item,yes,https://palworld-chi.vercel.app/en/item/palpassiveskillchange-pal-fullstomach-down-3,7,yes,1,1
https://palworld-chi.vercel.app/en/item/palpassiveskillchange-pal-sanity-down-1,item,yes,https://palworld-chi.vercel.app/en/item/palpassiveskillchange-pal-sanity-down-1,7,yes,1,1
https://palworld-chi.vercel.app/en/item/palpassiveskillchange-pal-sanity-down-2,item,yes,https://palworld-chi.vercel.app/en/item/palpassiveskillchange-pal-sanity-down-2,7,yes,1,1
https://palworld-chi.vercel.app/en/item/palpassiveskillchange-pal-sanity-down-3,item,yes,https://palworld-chi.vercel.app/en/item/palpassiveskillchange-pal-sanity-down-3,7,yes,1,1
https://palworld-chi.vercel.app/en/item/palpassiveskillchange-playersp-decreaserate-passive,item,yes,https://palworld-chi.vercel.app/en/item/palpassiveskillchange-playersp-decreaserate-passive,7,yes,1,1
https://palworld-chi.vercel.app/en/item/palpassiveskillchange-reloadspeedup-passive,item,yes,https://palworld-chi.vercel.app/en/item/palpassiveskillchange-reloadspeedup-passive,7,yes,1,1
https://palworld-chi.vercel.app/en/item/palpassiveskillchange-saleprice-up-1,item,yes,https://palworld-chi.vercel.app/en/item/palpassiveskillchange-saleprice-up-1,7,yes,1,1
https://palworld-chi.vercel.app/en/item/palpassiveskillchange-saleprice-up-2,item,yes,https://palworld-chi.vercel.app/en/item/palpassiveskillchange-saleprice-up-2,7,yes,1,1
https://palworld-chi.vercel.app/en/item/palpassiveskillchange-stamina-up-1,item,yes,https://palworld-chi.vercel.app/en/item/palpassiveskillchange-stamina-up-1,7,yes,1,1
https://palworld-chi.vercel.app/en/item/palpassiveskillchange-stamina-up-2,item,yes,https://palworld-chi.vercel.app/en/item/palpassiveskillchange-stamina-up-2,7,yes,1,1
https://palworld-chi.vercel.app/en/item/palpassiveskillchange-stamina-up-3,item,yes,https://palworld-chi.vercel.app/en/item/palpassiveskillchange-stamina-up-3,7,yes,1,1
https://palworld-chi.vercel.app/en/item/palpassiveskillchange-swimspeed-up-1,item,yes,https://palworld-chi.vercel.app/en/item/palpassiveskillchange-swimspeed-up-1,7,yes,1,1
https://palworld-chi.vercel.app/en/item/palpassiveskillchange-swimspeed-up-2,item,yes,https://palworld-chi.vercel.app/en/item/palpassiveskillchange-swimspeed-up-2,7,yes,1,1
https://palworld-chi.vercel.app/en/item/palpassiveskillchange-traineratk-up-1,item,yes,https://palworld-chi.vercel.app/en/item/palpassiveskillchange-traineratk-up-1,7,yes,1,1
https://palworld-chi.vercel.app/en/item/palpassiveskillchange-trainerdef-up-1,item,yes,https://palworld-chi.vercel.app/en/item/palpassiveskillchange-trainerdef-up-1,7,yes,1,1
https://palworld-chi.vercel.app/en/item/palpassiveskillchange-trainerlogging-up1,item,yes,https://palworld-chi.vercel.app/en/item/palpassiveskillchange-trainerlogging-up1,7,yes,1,1
https://palworld-chi.vercel.app/en/item/palpassiveskillchange-trainermining-up1,item,yes,https://palworld-chi.vercel.app/en/item/palpassiveskillchange-trainermining-up1,7,yes,1,1
https://palworld-chi.vercel.app/en/item/palpassiveskillchange-trainerworkspeed-up-1,item,yes,https://palworld-chi.vercel.app/en/item/palpassiveskillchange-trainerworkspeed-up-1,7,yes,1,1
https://palworld-chi.vercel.app/en/item/palrevive,item,yes,https://palworld-chi.vercel.app/en/item/palrevive,7,yes,1,1
https://palworld-chi.vercel.app/en/item/palsphere,item,yes,https://palworld-chi.vercel.app/en/item/palsphere,7,yes,1,1
https://palworld-chi.vercel.app/en/item/palsphere-ancient-1,item,yes,https://palworld-chi.vercel.app/en/item/palsphere-ancient-1,7,yes,1,1
https://palworld-chi.vercel.app/en/item/palsphere-ancient-2,item,yes,https://palworld-chi.vercel.app/en/item/palsphere-ancient-2,7,yes,1,1
https://palworld-chi.vercel.app/en/item/palsphere-exotic,item,yes,https://palworld-chi.vercel.app/en/item/palsphere-exotic,7,yes,1,1
https://palworld-chi.vercel.app/en/item/palsphere-giga,item,yes,https://palworld-chi.vercel.app/en/item/palsphere-giga,7,yes,1,1
https://palworld-chi.vercel.app/en/item/palsphere-legend,item,yes,https://palworld-chi.vercel.app/en/item/palsphere-legend,7,yes,1,1
https://palworld-chi.vercel.app/en/item/palsphere-master,item,yes,https://palworld-chi.vercel.app/en/item/palsphere-master,7,yes,1,1
https://palworld-chi.vercel.app/en/item/palsphere-mega,item,yes,https://palworld-chi.vercel.app/en/item/palsphere-mega,7,yes,1,1
https://palworld-chi.vercel.app/en/item/palsphere-tera,item,yes,https://palworld-chi.vercel.app/en/item/palsphere-tera,7,yes,1,1
https://palworld-chi.vercel.app/en/item/palsphere-ultimate,item,yes,https://palworld-chi.vercel.app/en/item/palsphere-ultimate,7,yes,1,1
https://palworld-chi.vercel.app/en/item/palsummon-darkmechadragon,item,yes,https://palworld-chi.vercel.app/en/item/palsummon-darkmechadragon,7,yes,1,1
https://palworld-chi.vercel.app/en/item/palsummon-darkmechadragon-2,item,yes,https://palworld-chi.vercel.app/en/item/palsummon-darkmechadragon-2,7,yes,1,1
https://palworld-chi.vercel.app/en/item/palsummon-darkmechadragon-parts,item,yes,https://palworld-chi.vercel.app/en/item/palsummon-darkmechadragon-parts,7,yes,1,1
https://palworld-chi.vercel.app/en/item/palsummon-darkmechadragon-parts-2,item,yes,https://palworld-chi.vercel.app/en/item/palsummon-darkmechadragon-parts-2,7,yes,1,1
https://palworld-chi.vercel.app/en/item/palsummon-kingbahamut-dragon,item,yes,https://palworld-chi.vercel.app/en/item/palsummon-kingbahamut-dragon,7,yes,1,1
https://palworld-chi.vercel.app/en/item/palsummon-kingbahamut-dragon-2,item,yes,https://palworld-chi.vercel.app/en/item/palsummon-kingbahamut-dragon-2,7,yes,1,1
https://palworld-chi.vercel.app/en/item/palsummon-kingbahamut-dragon-parts,item,yes,https://palworld-chi.vercel.app/en/item/palsummon-kingbahamut-dragon-parts,7,yes,1,1
https://palworld-chi.vercel.app/en/item/palsummon-kingbahamut-dragon-parts-2,item,yes,https://palworld-chi.vercel.app/en/item/palsummon-kingbahamut-dragon-parts-2,7,yes,1,1
https://palworld-chi.vercel.app/en/item/palsummon-legenddeer,item,yes,https://palworld-chi.vercel.app/en/item/palsummon-legenddeer,7,yes,1,1
https://palworld-chi.vercel.app/en/item/palsummon-legenddeer-2,item,yes,https://palworld-chi.vercel.app/en/item/palsummon-legenddeer-2,7,yes,1,1
https://palworld-chi.vercel.app/en/item/palsummon-legenddeer-parts,item,yes,https://palworld-chi.vercel.app/en/item/palsummon-legenddeer-parts,7,yes,1,1
https://palworld-chi.vercel.app/en/item/palsummon-legenddeer-parts-2,item,yes,https://palworld-chi.vercel.app/en/item/palsummon-legenddeer-parts-2,7,yes,1,1
https://palworld-chi.vercel.app/en/item/palsummon-nightlady,item,yes,https://palworld-chi.vercel.app/en/item/palsummon-nightlady,7,yes,1,1
https://palworld-chi.vercel.app/en/item/palsummon-nightlady-dark,item,yes,https://palworld-chi.vercel.app/en/item/palsummon-nightlady-dark,7,yes,1,1
https://palworld-chi.vercel.app/en/item/palsummon-nightlady-dark-2,item,yes,https://palworld-chi.vercel.app/en/item/palsummon-nightlady-dark-2,7,yes,1,1
https://palworld-chi.vercel.app/en/item/palsummon-nightlady-dark-parts,item,yes,https://palworld-chi.vercel.app/en/item/palsummon-nightlady-dark-parts,7,yes,1,1
https://palworld-chi.vercel.app/en/item/palsummon-nightlady-dark-parts-2,item,yes,https://palworld-chi.vercel.app/en/item/palsummon-nightlady-dark-parts-2,7,yes,1,1
https://palworld-chi.vercel.app/en/item/palsummon-nightlady-parts,item,yes,https://palworld-chi.vercel.app/en/item/palsummon-nightlady-parts,7,yes,1,1
https://palworld-chi.vercel.app/en/item/palsummon-yakushimaboss002,item,yes,https://palworld-chi.vercel.app/en/item/palsummon-yakushimaboss002,7,yes,1,1
https://palworld-chi.vercel.app/en/item/palsummon-yakushimaboss002-2,item,yes,https://palworld-chi.vercel.app/en/item/palsummon-yakushimaboss002-2,7,yes,1,1
https://palworld-chi.vercel.app/en/item/palupgradestone,item,yes,https://palworld-chi.vercel.app/en/item/palupgradestone,7,yes,14,14
https://palworld-chi.vercel.app/en/item/palupgradestone2,item,yes,https://palworld-chi.vercel.app/en/item/palupgradestone2,7,yes,11,11
https://palworld-chi.vercel.app/en/item/palupgradestone3,item,yes,https://palworld-chi.vercel.app/en/item/palupgradestone3,7,yes,19,19
https://palworld-chi.vercel.app/en/item/palupgradestone4,item,yes,https://palworld-chi.vercel.app/en/item/palupgradestone4,7,yes,5,5
https://palworld-chi.vercel.app/en/item/pan,item,yes,https://palworld-chi.vercel.app/en/item/pan,7,yes,1,1
https://palworld-chi.vercel.app/en/item/pancake,item,yes,https://palworld-chi.vercel.app/en/item/pancake,7,yes,1,1
https://palworld-chi.vercel.app/en/item/pickaxe-steal,item,yes,https://palworld-chi.vercel.app/en/item/pickaxe-steal,7,yes,1,1
https://palworld-chi.vercel.app/en/item/pickaxe-tier-00,item,yes,https://palworld-chi.vercel.app/en/item/pickaxe-tier-00,7,yes,1,1
https://palworld-chi.vercel.app/en/item/pickaxe-tier-01,item,yes,https://palworld-chi.vercel.app/en/item/pickaxe-tier-01,7,yes,1,1
https://palworld-chi.vercel.app/en/item/pickaxe-tier-02,item,yes,https://palworld-chi.vercel.app/en/item/pickaxe-tier-02,7,yes,1,1
https://palworld-chi.vercel.app/en/item/pizza,item,yes,https://palworld-chi.vercel.app/en/item/pizza,7,yes,1,1
https://palworld-chi.vercel.app/en/item/plastic,item,yes,https://palworld-chi.vercel.app/en/item/plastic,7,yes,3,3
https://palworld-chi.vercel.app/en/item/plasticarmor,item,yes,https://palworld-chi.vercel.app/en/item/plasticarmor,7,yes,1,1
https://palworld-chi.vercel.app/en/item/plasticarmor-2,item,yes,https://palworld-chi.vercel.app/en/item/plasticarmor-2,7,yes,1,1
https://palworld-chi.vercel.app/en/item/plasticarmor-3,item,yes,https://palworld-chi.vercel.app/en/item/plasticarmor-3,7,yes,1,1
https://palworld-chi.vercel.app/en/item/plasticarmor-4,item,yes,https://palworld-chi.vercel.app/en/item/plasticarmor-4,7,yes,1,1
https://palworld-chi.vercel.app/en/item/plasticarmor-5,item,yes,https://palworld-chi.vercel.app/en/item/plasticarmor-5,7,yes,1,1
https://palworld-chi.vercel.app/en/item/plasticarmorcold,item,yes,https://palworld-chi.vercel.app/en/item/plasticarmorcold,7,yes,1,1
https://palworld-chi.vercel.app/en/item/plasticarmorcold-2,item,yes,https://palworld-chi.vercel.app/en/item/plasticarmorcold-2,7,yes,1,1
https://palworld-chi.vercel.app/en/item/plasticarmorcold-3,item,yes,https://palworld-chi.vercel.app/en/item/plasticarmorcold-3,7,yes,1,1
https://palworld-chi.vercel.app/en/item/plasticarmorcold-4,item,yes,https://palworld-chi.vercel.app/en/item/plasticarmorcold-4,7,yes,1,1
https://palworld-chi.vercel.app/en/item/plasticarmorcold-5,item,yes,https://palworld-chi.vercel.app/en/item/plasticarmorcold-5,7,yes,1,1
https://palworld-chi.vercel.app/en/item/plasticarmorheat,item,yes,https://palworld-chi.vercel.app/en/item/plasticarmorheat,7,yes,1,1
https://palworld-chi.vercel.app/en/item/plasticarmorheat-2,item,yes,https://palworld-chi.vercel.app/en/item/plasticarmorheat-2,7,yes,1,1
https://palworld-chi.vercel.app/en/item/plasticarmorheat-3,item,yes,https://palworld-chi.vercel.app/en/item/plasticarmorheat-3,7,yes,1,1
https://palworld-chi.vercel.app/en/item/plasticarmorheat-4,item,yes,https://palworld-chi.vercel.app/en/item/plasticarmorheat-4,7,yes,1,1
https://palworld-chi.vercel.app/en/item/plasticarmorheat-5,item,yes,https://palworld-chi.vercel.app/en/item/plasticarmorheat-5,7,yes,1,1
https://palworld-chi.vercel.app/en/item/plasticarmorweight,item,yes,https://palworld-chi.vercel.app/en/item/plasticarmorweight,7,yes,1,1
https://palworld-chi.vercel.app/en/item/plasticarmorweight-2,item,yes,https://palworld-chi.vercel.app/en/item/plasticarmorweight-2,7,yes,1,1
https://palworld-chi.vercel.app/en/item/plasticarmorweight-3,item,yes,https://palworld-chi.vercel.app/en/item/plasticarmorweight-3,7,yes,1,1
https://palworld-chi.vercel.app/en/item/plasticarmorweight-4,item,yes,https://palworld-chi.vercel.app/en/item/plasticarmorweight-4,7,yes,1,1
https://palworld-chi.vercel.app/en/item/plasticarmorweight-5,item,yes,https://palworld-chi.vercel.app/en/item/plasticarmorweight-5,7,yes,1,1
https://palworld-chi.vercel.app/en/item/plastichelmet,item,yes,https://palworld-chi.vercel.app/en/item/plastichelmet,7,yes,1,1
https://palworld-chi.vercel.app/en/item/plastichelmet-2,item,yes,https://palworld-chi.vercel.app/en/item/plastichelmet-2,7,yes,1,1
https://palworld-chi.vercel.app/en/item/plastichelmet-3,item,yes,https://palworld-chi.vercel.app/en/item/plastichelmet-3,7,yes,1,1
https://palworld-chi.vercel.app/en/item/plastichelmet-4,item,yes,https://palworld-chi.vercel.app/en/item/plastichelmet-4,7,yes,1,1
https://palworld-chi.vercel.app/en/item/plastichelmet-5,item,yes,https://palworld-chi.vercel.app/en/item/plastichelmet-5,7,yes,1,1
https://palworld-chi.vercel.app/en/item/player-outfit-kigurumi001,item,yes,https://palworld-chi.vercel.app/en/item/player-outfit-kigurumi001,7,yes,1,1
https://palworld-chi.vercel.app/en/item/playerdropitem,item,yes,https://palworld-chi.vercel.app/en/item/playerdropitem,7,yes,1,1
https://palworld-chi.vercel.app/en/item/poisonmushroom,item,yes,https://palworld-chi.vercel.app/en/item/poisonmushroom,7,yes,4,4
https://palworld-chi.vercel.app/en/item/polymer,item,yes,https://palworld-chi.vercel.app/en/item/polymer,7,yes,1,1
https://palworld-chi.vercel.app/en/item/poppy,item,yes,https://palworld-chi.vercel.app/en/item/poppy,7,yes,14,14
https://palworld-chi.vercel.app/en/item/potato,item,yes,https://palworld-chi.vercel.app/en/item/potato,7,yes,1,1
https://palworld-chi.vercel.app/en/item/potatochips,item,yes,https://palworld-chi.vercel.app/en/item/potatochips,7,yes,1,1
https://palworld-chi.vercel.app/en/item/potatoseeds,item,yes,https://palworld-chi.vercel.app/en/item/potatoseeds,7,yes,4,4
https://palworld-chi.vercel.app/en/item/potion,item,yes,https://palworld-chi.vercel.app/en/item/potion,7,yes,1,1
https://palworld-chi.vercel.app/en/item/potion-extreme,item,yes,https://palworld-chi.vercel.app/en/item/potion-extreme,7,yes,1,1
https://palworld-chi.vercel.app/en/item/potion-high,item,yes,https://palworld-chi.vercel.app/en/item/potion-high,7,yes,5,5
https://palworld-chi.vercel.app/en/item/potion-low,item,yes,https://palworld-chi.vercel.app/en/item/potion-low,7,yes,1,1
https://palworld-chi.vercel.app/en/item/predatorcrystal,item,yes,https://palworld-chi.vercel.app/en/item/predatorcrystal,7,yes,1,1
https://palworld-chi.vercel.app/en/item/processed-wood,item,yes,https://palworld-chi.vercel.app/en/item/processed-wood,7,yes,1,1
https://palworld-chi.vercel.app/en/item/pumpactionshotgun,item,yes,https://palworld-chi.vercel.app/en/item/pumpactionshotgun,7,yes,1,1
https://palworld-chi.vercel.app/en/item/pumpactionshotgun-2,item,yes,https://palworld-chi.vercel.app/en/item/pumpactionshotgun-2,7,yes,1,1
https://palworld-chi.vercel.app/en/item/pumpactionshotgun-3,item,yes,https://palworld-chi.vercel.app/en/item/pumpactionshotgun-3,7,yes,1,1
https://palworld-chi.vercel.app/en/item/pumpactionshotgun-4,item,yes,https://palworld-chi.vercel.app/en/item/pumpactionshotgun-4,7,yes,1,1
https://palworld-chi.vercel.app/en/item/pumpactionshotgun-5,item,yes,https://palworld-chi.vercel.app/en/item/pumpactionshotgun-5,7,yes,1,1
https://palworld-chi.vercel.app/en/item/quartz,item,yes,https://palworld-chi.vercel.app/en/item/quartz,7,yes,2,2
https://palworld-chi.vercel.app/en/item/quiche,item,yes,https://palworld-chi.vercel.app/en/item/quiche,7,yes,1,1
https://palworld-chi.vercel.app/en/item/rainbowcrystal,item,yes,https://palworld-chi.vercel.app/en/item/rainbowcrystal,7,yes,2,2
https://palworld-chi.vercel.app/en/item/rankup-1,item,yes,https://palworld-chi.vercel.app/en/item/rankup-1,7,yes,1,1
https://palworld-chi.vercel.app/en/item/rankup-2,item,yes,https://palworld-chi.vercel.app/en/item/rankup-2,7,yes,1,1
https://palworld-chi.vercel.app/en/item/rankup-3,item,yes,https://palworld-chi.vercel.app/en/item/rankup-3,7,yes,1,1
https://palworld-chi.vercel.app/en/item/rankup-4,item,yes,https://palworld-chi.vercel.app/en/item/rankup-4,7,yes,1,1
https://palworld-chi.vercel.app/en/item/rankup-arbitrary,item,yes,https://palworld-chi.vercel.app/en/item/rankup-arbitrary,7,yes,1,1
https://palworld-chi.vercel.app/en/item/reinforcedarrow,item,yes,https://palworld-chi.vercel.app/en/item/reinforcedarrow,7,yes,1,1
https://palworld-chi.vercel.app/en/item/repairkit,item,yes,https://palworld-chi.vercel.app/en/item/repairkit,7,yes,1,1
https://palworld-chi.vercel.app/en/item/riflebullet,item,yes,https://palworld-chi.vercel.app/en/item/riflebullet,7,yes,1,1
https://palworld-chi.vercel.app/en/item/roughbullet,item,yes,https://palworld-chi.vercel.app/en/item/roughbullet,7,yes,1,1
https://palworld-chi.vercel.app/en/item/ruby,item,yes,https://palworld-chi.vercel.app/en/item/ruby,7,yes,6,6
https://palworld-chi.vercel.app/en/item/salad,item,yes,https://palworld-chi.vercel.app/en/item/salad,7,yes,1,1
https://palworld-chi.vercel.app/en/item/salvage-treasureboxkey02,item,yes,https://palworld-chi.vercel.app/en/item/salvage-treasureboxkey02,7,yes,1,1
https://palworld-chi.vercel.app/en/item/sapphire,item,yes,https://palworld-chi.vercel.app/en/item/sapphire,7,yes,6,6
https://palworld-chi.vercel.app/en/item/seafood-salada,item,yes,https://palworld-chi.vercel.app/en/item/seafood-salada,7,yes,1,1
https://palworld-chi.vercel.app/en/item/semiautorifle,item,yes,https://palworld-chi.vercel.app/en/item/semiautorifle,7,yes,1,1
https://palworld-chi.vercel.app/en/item/semiautorifle-2,item,yes,https://palworld-chi.vercel.app/en/item/semiautorifle-2,7,yes,1,1
https://palworld-chi.vercel.app/en/item/semiautorifle-3,item,yes,https://palworld-chi.vercel.app/en/item/semiautorifle-3,7,yes,1,1
https://palworld-chi.vercel.app/en/item/semiautorifle-4,item,yes,https://palworld-chi.vercel.app/en/item/semiautorifle-4,7,yes,1,1
https://palworld-chi.vercel.app/en/item/semiautorifle-5,item,yes,https://palworld-chi.vercel.app/en/item/semiautorifle-5,7,yes,1,1
https://palworld-chi.vercel.app/en/item/semiautoshotgun,item,yes,https://palworld-chi.vercel.app/en/item/semiautoshotgun,7,yes,1,1
https://palworld-chi.vercel.app/en/item/semiautoshotgun-2,item,yes,https://palworld-chi.vercel.app/en/item/semiautoshotgun-2,7,yes,1,1
https://palworld-chi.vercel.app/en/item/semiautoshotgun-3,item,yes,https://palworld-chi.vercel.app/en/item/semiautoshotgun-3,7,yes,1,1
https://palworld-chi.vercel.app/en/item/semiautoshotgun-4,item,yes,https://palworld-chi.vercel.app/en/item/semiautoshotgun-4,7,yes,1,1
https://palworld-chi.vercel.app/en/item/semiautoshotgun-5,item,yes,https://palworld-chi.vercel.app/en/item/semiautoshotgun-5,7,yes,1,1
https://palworld-chi.vercel.app/en/item/sfarmor,item,yes,https://palworld-chi.vercel.app/en/item/sfarmor,7,yes,1,1
https://palworld-chi.vercel.app/en/item/sfarmor-2,item,yes,https://palworld-chi.vercel.app/en/item/sfarmor-2,7,yes,1,1
https://palworld-chi.vercel.app/en/item/sfarmor-3,item,yes,https://palworld-chi.vercel.app/en/item/sfarmor-3,7,yes,1,1
https://palworld-chi.vercel.app/en/item/sfarmor-4,item,yes,https://palworld-chi.vercel.app/en/item/sfarmor-4,7,yes,1,1
https://palworld-chi.vercel.app/en/item/sfarmor-5,item,yes,https://palworld-chi.vercel.app/en/item/sfarmor-5,7,yes,1,1
https://palworld-chi.vercel.app/en/item/sfarmorcold,item,yes,https://palworld-chi.vercel.app/en/item/sfarmorcold,7,yes,1,1
https://palworld-chi.vercel.app/en/item/sfarmorcold-2,item,yes,https://palworld-chi.vercel.app/en/item/sfarmorcold-2,7,yes,1,1
https://palworld-chi.vercel.app/en/item/sfarmorcold-3,item,yes,https://palworld-chi.vercel.app/en/item/sfarmorcold-3,7,yes,1,1
https://palworld-chi.vercel.app/en/item/sfarmorcold-4,item,yes,https://palworld-chi.vercel.app/en/item/sfarmorcold-4,7,yes,1,1
https://palworld-chi.vercel.app/en/item/sfarmorcold-5,item,yes,https://palworld-chi.vercel.app/en/item/sfarmorcold-5,7,yes,1,1
https://palworld-chi.vercel.app/en/item/sfarmorheat,item,yes,https://palworld-chi.vercel.app/en/item/sfarmorheat,7,yes,1,1
https://palworld-chi.vercel.app/en/item/sfarmorheat-2,item,yes,https://palworld-chi.vercel.app/en/item/sfarmorheat-2,7,yes,1,1
https://palworld-chi.vercel.app/en/item/sfarmorheat-3,item,yes,https://palworld-chi.vercel.app/en/item/sfarmorheat-3,7,yes,1,1
https://palworld-chi.vercel.app/en/item/sfarmorheat-4,item,yes,https://palworld-chi.vercel.app/en/item/sfarmorheat-4,7,yes,1,1
https://palworld-chi.vercel.app/en/item/sfarmorheat-5,item,yes,https://palworld-chi.vercel.app/en/item/sfarmorheat-5,7,yes,1,1
https://palworld-chi.vercel.app/en/item/sfarmorweight,item,yes,https://palworld-chi.vercel.app/en/item/sfarmorweight,7,yes,1,1
https://palworld-chi.vercel.app/en/item/sfarmorweight-2,item,yes,https://palworld-chi.vercel.app/en/item/sfarmorweight-2,7,yes,1,1
https://palworld-chi.vercel.app/en/item/sfarmorweight-3,item,yes,https://palworld-chi.vercel.app/en/item/sfarmorweight-3,7,yes,1,1
https://palworld-chi.vercel.app/en/item/sfarmorweight-4,item,yes,https://palworld-chi.vercel.app/en/item/sfarmorweight-4,7,yes,1,1
https://palworld-chi.vercel.app/en/item/sfarmorweight-5,item,yes,https://palworld-chi.vercel.app/en/item/sfarmorweight-5,7,yes,1,1
https://palworld-chi.vercel.app/en/item/sfarrow,item,yes,https://palworld-chi.vercel.app/en/item/sfarrow,7,yes,1,1
https://palworld-chi.vercel.app/en/item/sfbow,item,yes,https://palworld-chi.vercel.app/en/item/sfbow,7,yes,1,1
https://palworld-chi.vercel.app/en/item/sfbow-2,item,yes,https://palworld-chi.vercel.app/en/item/sfbow-2,7,yes,1,1
https://palworld-chi.vercel.app/en/item/sfbow-3,item,yes,https://palworld-chi.vercel.app/en/item/sfbow-3,7,yes,1,1
https://palworld-chi.vercel.app/en/item/sfbow-4,item,yes,https://palworld-chi.vercel.app/en/item/sfbow-4,7,yes,1,1
https://palworld-chi.vercel.app/en/item/sfbow-5,item,yes,https://palworld-chi.vercel.app/en/item/sfbow-5,7,yes,1,1
https://palworld-chi.vercel.app/en/item/sfhelmet,item,yes,https://palworld-chi.vercel.app/en/item/sfhelmet,7,yes,1,1
https://palworld-chi.vercel.app/en/item/sfhelmet-2,item,yes,https://palworld-chi.vercel.app/en/item/sfhelmet-2,7,yes,1,1
https://palworld-chi.vercel.app/en/item/sfhelmet-3,item,yes,https://palworld-chi.vercel.app/en/item/sfhelmet-3,7,yes,1,1
https://palworld-chi.vercel.app/en/item/sfhelmet-4,item,yes,https://palworld-chi.vercel.app/en/item/sfhelmet-4,7,yes,1,1
https://palworld-chi.vercel.app/en/item/sfhelmet-5,item,yes,https://palworld-chi.vercel.app/en/item/sfhelmet-5,7,yes,1,1
https://palworld-chi.vercel.app/en/item/shield-01,item,yes,https://palworld-chi.vercel.app/en/item/shield-01,7,yes,1,1
https://palworld-chi.vercel.app/en/item/shield-02,item,yes,https://palworld-chi.vercel.app/en/item/shield-02,7,yes,1,1
https://palworld-chi.vercel.app/en/item/shield-03,item,yes,https://palworld-chi.vercel.app/en/item/shield-03,7,yes,1,1
https://palworld-chi.vercel.app/en/item/shield-04,item,yes,https://palworld-chi.vercel.app/en/item/shield-04,7,yes,1,1
https://palworld-chi.vercel.app/en/item/shield-07,item,yes,https://palworld-chi.vercel.app/en/item/shield-07,7,yes,1,1
https://palworld-chi.vercel.app/en/item/shield-sf,item,yes,https://palworld-chi.vercel.app/en/item/shield-sf,7,yes,1,1
https://palworld-chi.vercel.app/en/item/shield-ultra,item,yes,https://palworld-chi.vercel.app/en/item/shield-ultra,7,yes,1,1
https://palworld-chi.vercel.app/en/item/shotgunbullet,item,yes,https://palworld-chi.vercel.app/en/item/shotgunbullet,7,yes,1,1
https://palworld-chi.vercel.app/en/item/singleshotrifle,item,yes,https://palworld-chi.vercel.app/en/item/singleshotrifle,7,yes,1,1
https://palworld-chi.vercel.app/en/item/singleshotrifle-2,item,yes,https://palworld-chi.vercel.app/en/item/singleshotrifle-2,7,yes,1,1
https://palworld-chi.vercel.app/en/item/singleshotrifle-3,item,yes,https://palworld-chi.vercel.app/en/item/singleshotrifle-3,7,yes,1,1
https://palworld-chi.vercel.app/en/item/singleshotrifle-4,item,yes,https://palworld-chi.vercel.app/en/item/singleshotrifle-4,7,yes,1,1
https://palworld-chi.vercel.app/en/item/singleshotrifle-5,item,yes,https://palworld-chi.vercel.app/en/item/singleshotrifle-5,7,yes,1,1
https://palworld-chi.vercel.app/en/item/skillcard-acidrain,item,yes,https://palworld-chi.vercel.app/en/item/skillcard-acidrain,7,yes,1,1
https://palworld-chi.vercel.app/en/item/skillcard-airblade,item,yes,https://palworld-chi.vercel.app/en/item/skillcard-airblade,7,yes,1,1
https://palworld-chi.vercel.app/en/item/skillcard-aircanon,item,yes,https://palworld-chi.vercel.app/en/item/skillcard-aircanon,7,yes,1,1
https://palworld-chi.vercel.app/en/item/skillcard-apocalypse,item,yes,https://palworld-chi.vercel.app/en/item/skillcard-apocalypse,7,yes,1,1
https://palworld-chi.vercel.app/en/item/skillcard-aquajet,item,yes,https://palworld-chi.vercel.app/en/item/skillcard-aquajet,7,yes,1,1
https://palworld-chi.vercel.app/en/item/skillcard-beamslicer,item,yes,https://palworld-chi.vercel.app/en/item/skillcard-beamslicer,7,yes,1,1
https://palworld-chi.vercel.app/en/item/skillcard-blastcanon,item,yes,https://palworld-chi.vercel.app/en/item/skillcard-blastcanon,7,yes,1,1
https://palworld-chi.vercel.app/en/item/skillcard-blizzardlance,item,yes,https://palworld-chi.vercel.app/en/item/skillcard-blizzardlance,7,yes,1,1
https://palworld-chi.vercel.app/en/item/skillcard-bubbleshot,item,yes,https://palworld-chi.vercel.app/en/item/skillcard-bubbleshot,7,yes,1,1
https://palworld-chi.vercel.app/en/item/skillcard-bubbleshower,item,yes,https://palworld-chi.vercel.app/en/item/skillcard-bubbleshower,7,yes,1,1
https://palworld-chi.vercel.app/en/item/skillcard-chargecanon,item,yes,https://palworld-chi.vercel.app/en/item/skillcard-chargecanon,7,yes,1,1
https://palworld-chi.vercel.app/en/item/skillcard-commet,item,yes,https://palworld-chi.vercel.app/en/item/skillcard-commet,7,yes,1,1
https://palworld-chi.vercel.app/en/item/skillcard-crosswind,item,yes,https://palworld-chi.vercel.app/en/item/skillcard-crosswind,7,yes,1,1
https://palworld-chi.vercel.app/en/item/skillcard-darkarrow,item,yes,https://palworld-chi.vercel.app/en/item/skillcard-darkarrow,7,yes,1,1
https://palworld-chi.vercel.app/en/item/skillcard-darkcanon,item,yes,https://palworld-chi.vercel.app/en/item/skillcard-darkcanon,7,yes,1,1
https://palworld-chi.vercel.app/en/item/skillcard-darklaser,item,yes,https://palworld-chi.vercel.app/en/item/skillcard-darklaser,7,yes,1,1
https://palworld-chi.vercel.app/en/item/skillcard-darklegion,item,yes,https://palworld-chi.vercel.app/en/item/skillcard-darklegion,7,yes,1,1
https://palworld-chi.vercel.app/en/item/skillcard-darkpulse,item,yes,https://palworld-chi.vercel.app/en/item/skillcard-darkpulse,7,yes,1,1
https://palworld-chi.vercel.app/en/item/skillcard-darkwave,item,yes,https://palworld-chi.vercel.app/en/item/skillcard-darkwave,7,yes,1,1
https://palworld-chi.vercel.app/en/item/skillcard-diamondfall,item,yes,https://palworld-chi.vercel.app/en/item/skillcard-diamondfall,7,yes,1,1
https://palworld-chi.vercel.app/en/item/skillcard-diversionlaser,item,yes,https://palworld-chi.vercel.app/en/item/skillcard-diversionlaser,7,yes,1,1
https://palworld-chi.vercel.app/en/item/skillcard-dragonbreath,item,yes,https://palworld-chi.vercel.app/en/item/skillcard-dragonbreath,7,yes,1,1
https://palworld-chi.vercel.app/en/item/skillcard-dragoncanon,item,yes,https://palworld-chi.vercel.app/en/item/skillcard-dragoncanon,7,yes,1,1
https://palworld-chi.vercel.app/en/item/skillcard-dragonmeteor,item,yes,https://palworld-chi.vercel.app/en/item/skillcard-dragonmeteor,7,yes,1,1
https://palworld-chi.vercel.app/en/item/skillcard-dragonwave,item,yes,https://palworld-chi.vercel.app/en/item/skillcard-dragonwave,7,yes,1,1
https://palworld-chi.vercel.app/en/item/skillcard-elecwave,item,yes,https://palworld-chi.vercel.app/en/item/skillcard-elecwave,7,yes,1,1
https://palworld-chi.vercel.app/en/item/skillcard-eruption,item,yes,https://palworld-chi.vercel.app/en/item/skillcard-eruption,7,yes,1,1
https://palworld-chi.vercel.app/en/item/skillcard-fireball,item,yes,https://palworld-chi.vercel.app/en/item/skillcard-fireball,7,yes,1,1
https://palworld-chi.vercel.app/en/item/skillcard-fireblast,item,yes,https://palworld-chi.vercel.app/en/item/skillcard-fireblast,7,yes,1,1
https://palworld-chi.vercel.app/en/item/skillcard-fireseed,item,yes,https://palworld-chi.vercel.app/en/item/skillcard-fireseed,7,yes,1,1
https://palworld-chi.vercel.app/en/item/skillcard-flamefunnel,item,yes,https://palworld-chi.vercel.app/en/item/skillcard-flamefunnel,7,yes,1,1
https://palworld-chi.vercel.app/en/item/skillcard-flamethrower,item,yes,https://palworld-chi.vercel.app/en/item/skillcard-flamethrower,7,yes,1,1
https://palworld-chi.vercel.app/en/item/skillcard-flamewall,item,yes,https://palworld-chi.vercel.app/en/item/skillcard-flamewall,7,yes,1,1
https://palworld-chi.vercel.app/en/item/skillcard-flarearrow,item,yes,https://palworld-chi.vercel.app/en/item/skillcard-flarearrow,7,yes,1,1
https://palworld-chi.vercel.app/en/item/skillcard-flaretornado,item,yes,https://palworld-chi.vercel.app/en/item/skillcard-flaretornado,7,yes,1,1
https://palworld-chi.vercel.app/en/item/skillcard-frostbreath,item,yes,https://palworld-chi.vercel.app/en/item/skillcard-frostbreath,7,yes,1,1
https://palworld-chi.vercel.app/en/item/skillcard-ghostflame,item,yes,https://palworld-chi.vercel.app/en/item/skillcard-ghostflame,7,yes,1,1
https://palworld-chi.vercel.app/en/item/skillcard-grasstornado,item,yes,https://palworld-chi.vercel.app/en/item/skillcard-grasstornado,7,yes,1,1
https://palworld-chi.vercel.app/en/item/skillcard-gravityshot,item,yes,https://palworld-chi.vercel.app/en/item/skillcard-gravityshot,7,yes,1,1
https://palworld-chi.vercel.app/en/item/skillcard-holyblast,item,yes,https://palworld-chi.vercel.app/en/item/skillcard-holyblast,7,yes,1,1
https://palworld-chi.vercel.app/en/item/skillcard-hydropump,item,yes,https://palworld-chi.vercel.app/en/item/skillcard-hydropump,7,yes,1,1
https://palworld-chi.vercel.app/en/item/skillcard-hydroslicer,item,yes,https://palworld-chi.vercel.app/en/item/skillcard-hydroslicer,7,yes,1,1
https://palworld-chi.vercel.app/en/item/skillcard-hyperbeam,item,yes,https://palworld-chi.vercel.app/en/item/skillcard-hyperbeam,7,yes,1,1
https://palworld-chi.vercel.app/en/item/skillcard-iceage,item,yes,https://palworld-chi.vercel.app/en/item/skillcard-iceage,7,yes,1,1
https://palworld-chi.vercel.app/en/item/skillcard-iceblade,item,yes,https://palworld-chi.vercel.app/en/item/skillcard-iceblade,7,yes,1,1
https://palworld-chi.vercel.app/en/item/skillcard-icemissile,item,yes,https://palworld-chi.vercel.app/en/item/skillcard-icemissile,7,yes,1,1
https://palworld-chi.vercel.app/en/item/skillcard-icewall,item,yes,https://palworld-chi.vercel.app/en/item/skillcard-icewall,7,yes,1,1
https://palworld-chi.vercel.app/en/item/skillcard-icicleline,item,yes,https://palworld-chi.vercel.app/en/item/skillcard-icicleline,7,yes,1,1
https://palworld-chi.vercel.app/en/item/skillcard-iciclepierce,item,yes,https://palworld-chi.vercel.app/en/item/skillcard-iciclepierce,7,yes,1,1
https://palworld-chi.vercel.app/en/item/skillcard-iciclethrow,item,yes,https://palworld-chi.vercel.app/en/item/skillcard-iciclethrow,7,yes,1,1
https://palworld-chi.vercel.app/en/item/skillcard-inferno,item,yes,https://palworld-chi.vercel.app/en/item/skillcard-inferno,7,yes,1,1
https://palworld-chi.vercel.app/en/item/skillcard-lightningstrike,item,yes,https://palworld-chi.vercel.app/en/item/skillcard-lightningstrike,7,yes,1,1
https://palworld-chi.vercel.app/en/item/skillcard-linegeyser,item,yes,https://palworld-chi.vercel.app/en/item/skillcard-linegeyser,7,yes,1,1
https://palworld-chi.vercel.app/en/item/skillcard-linethunder,item,yes,https://palworld-chi.vercel.app/en/item/skillcard-linethunder,7,yes,1,1
https://palworld-chi.vercel.app/en/item/skillcard-lockonlaser,item,yes,https://palworld-chi.vercel.app/en/item/skillcard-lockonlaser,7,yes,1,1
https://palworld-chi.vercel.app/en/item/skillcard-mudshot,item,yes,https://palworld-chi.vercel.app/en/item/skillcard-mudshot,7,yes,1,1
https://palworld-chi.vercel.app/en/item/skillcard-poisonshot,item,yes,https://palworld-chi.vercel.app/en/item/skillcard-poisonshot,7,yes,1,1
https://palworld-chi.vercel.app/en/item/skillcard-powerball,item,yes,https://palworld-chi.vercel.app/en/item/skillcard-powerball,7,yes,1,1
https://palworld-chi.vercel.app/en/item/skillcard-powershot,item,yes,https://palworld-chi.vercel.app/en/item/skillcard-powershot,7,yes,1,1
https://palworld-chi.vercel.app/en/item/skillcard-psychokinesis,item,yes,https://palworld-chi.vercel.app/en/item/skillcard-psychokinesis,7,yes,1,1
https://palworld-chi.vercel.app/en/item/skillcard-rangethunder,item,yes,https://palworld-chi.vercel.app/en/item/skillcard-rangethunder,7,yes,1,1
https://palworld-chi.vercel.app/en/item/skillcard-reflectiveshuriken,item,yes,https://palworld-chi.vercel.app/en/item/skillcard-reflectiveshuriken,7,yes,1,1
https://palworld-chi.vercel.app/en/item/skillcard-riptide,item,yes,https://palworld-chi.vercel.app/en/item/skillcard-riptide,7,yes,1,1
https://palworld-chi.vercel.app/en/item/skillcard-rockbeat,item,yes,https://palworld-chi.vercel.app/en/item/skillcard-rockbeat,7,yes,1,1
https://palworld-chi.vercel.app/en/item/skillcard-rocklance,item,yes,https://palworld-chi.vercel.app/en/item/skillcard-rocklance,7,yes,1,1
https://palworld-chi.vercel.app/en/item/skillcard-rootattack,item,yes,https://palworld-chi.vercel.app/en/item/skillcard-rootattack,7,yes,1,1
https://palworld-chi.vercel.app/en/item/skillcard-rootlance,item,yes,https://palworld-chi.vercel.app/en/item/skillcard-rootlance,7,yes,1,1
https://palworld-chi.vercel.app/en/item/skillcard-sandtornado,item,yes,https://palworld-chi.vercel.app/en/item/skillcard-sandtornado,7,yes,1,1
https://palworld-chi.vercel.app/en/item/skillcard-sandtwister,item,yes,https://palworld-chi.vercel.app/en/item/skillcard-sandtwister,7,yes,1,1
https://palworld-chi.vercel.app/en/item/skillcard-seagush,item,yes,https://palworld-chi.vercel.app/en/item/skillcard-seagush,7,yes,1,1
https://palworld-chi.vercel.app/en/item/skillcard-seedmachinegun,item,yes,https://palworld-chi.vercel.app/en/item/skillcard-seedmachinegun,7,yes,1,1
https://palworld-chi.vercel.app/en/item/skillcard-seedmine,item,yes,https://palworld-chi.vercel.app/en/item/skillcard-seedmine,7,yes,1,1
https://palworld-chi.vercel.app/en/item/skillcard-selfdestruct,item,yes,https://palworld-chi.vercel.app/en/item/skillcard-selfdestruct,7,yes,1,1
https://palworld-chi.vercel.app/en/item/skillcard-shadowball,item,yes,https://palworld-chi.vercel.app/en/item/skillcard-shadowball,7,yes,1,1
https://palworld-chi.vercel.app/en/item/skillcard-solarbeam,item,yes,https://palworld-chi.vercel.app/en/item/skillcard-solarbeam,7,yes,1,1
https://palworld-chi.vercel.app/en/item/skillcard-specialcutter,item,yes,https://palworld-chi.vercel.app/en/item/skillcard-specialcutter,7,yes,1,1
https://palworld-chi.vercel.app/en/item/skillcard-spreadpulse,item,yes,https://palworld-chi.vercel.app/en/item/skillcard-spreadpulse,7,yes,1,1
https://palworld-chi.vercel.app/en/item/skillcard-stoneshotgun,item,yes,https://palworld-chi.vercel.app/en/item/skillcard-stoneshotgun,7,yes,1,1
https://palworld-chi.vercel.app/en/item/skillcard-threethunder,item,yes,https://palworld-chi.vercel.app/en/item/skillcard-threethunder,7,yes,1,1
https://palworld-chi.vercel.app/en/item/skillcard-throwrock,item,yes,https://palworld-chi.vercel.app/en/item/skillcard-throwrock,7,yes,1,1
https://palworld-chi.vercel.app/en/item/skillcard-thunderball,item,yes,https://palworld-chi.vercel.app/en/item/skillcard-thunderball,7,yes,1,1
https://palworld-chi.vercel.app/en/item/skillcard-thunderbolt,item,yes,https://palworld-chi.vercel.app/en/item/skillcard-thunderbolt,7,yes,1,1
https://palworld-chi.vercel.app/en/item/skillcard-thunderfunnel,item,yes,https://palworld-chi.vercel.app/en/item/skillcard-thunderfunnel,7,yes,1,1
https://palworld-chi.vercel.app/en/item/skillcard-thunderrain,item,yes,https://palworld-chi.vercel.app/en/item/skillcard-thunderrain,7,yes,1,1
https://palworld-chi.vercel.app/en/item/skillcard-thunderspear,item,yes,https://palworld-chi.vercel.app/en/item/skillcard-thunderspear,7,yes,1,1
https://palworld-chi.vercel.app/en/item/skillcard-thunderstorm,item,yes,https://palworld-chi.vercel.app/en/item/skillcard-thunderstorm,7,yes,1,1
https://palworld-chi.vercel.app/en/item/skillcard-tremor,item,yes,https://palworld-chi.vercel.app/en/item/skillcard-tremor,7,yes,1,1
https://palworld-chi.vercel.app/en/item/skillcard-trispark,item,yes,https://palworld-chi.vercel.app/en/item/skillcard-trispark,7,yes,1,1
https://palworld-chi.vercel.app/en/item/skillcard-wallsplash,item,yes,https://palworld-chi.vercel.app/en/item/skillcard-wallsplash,7,yes,1,1
https://palworld-chi.vercel.app/en/item/skillcard-waterball,item,yes,https://palworld-chi.vercel.app/en/item/skillcard-waterball,7,yes,1,1
https://palworld-chi.vercel.app/en/item/skillcard-watergun,item,yes,https://palworld-chi.vercel.app/en/item/skillcard-watergun,7,yes,1,1
https://palworld-chi.vercel.app/en/item/skillcard-windburst,item,yes,https://palworld-chi.vercel.app/en/item/skillcard-windburst,7,yes,1,1
https://palworld-chi.vercel.app/en/item/skillcard-windcutter,item,yes,https://palworld-chi.vercel.app/en/item/skillcard-windcutter,7,yes,1,1
https://palworld-chi.vercel.app/en/item/skillunlock-alpaca,item,yes,https://palworld-chi.vercel.app/en/item/skillunlock-alpaca,7,yes,1,1
https://palworld-chi.vercel.app/en/item/skillunlock-amaterasuwolf,item,yes,https://palworld-chi.vercel.app/en/item/skillunlock-amaterasuwolf,7,yes,1,1
https://palworld-chi.vercel.app/en/item/skillunlock-amaterasuwolf-dark,item,yes,https://palworld-chi.vercel.app/en/item/skillunlock-amaterasuwolf-dark,7,yes,1,1
https://palworld-chi.vercel.app/en/item/skillunlock-badcatgirl,item,yes,https://palworld-chi.vercel.app/en/item/skillunlock-badcatgirl,7,yes,1,1
https://palworld-chi.vercel.app/en/item/skillunlock-birddragon,item,yes,https://palworld-chi.vercel.app/en/item/skillunlock-birddragon,7,yes,1,1
https://palworld-chi.vercel.app/en/item/skillunlock-birddragon-ice,item,yes,https://palworld-chi.vercel.app/en/item/skillunlock-birddragon-ice,7,yes,1,1
https://palworld-chi.vercel.app/en/item/skillunlock-blackcentaur,item,yes,https://palworld-chi.vercel.app/en/item/skillunlock-blackcentaur,7,yes,1,1
https://palworld-chi.vercel.app/en/item/skillunlock-blackgriffon,item,yes,https://palworld-chi.vercel.app/en/item/skillunlock-blackgriffon,7,yes,1,1
https://palworld-chi.vercel.app/en/item/skillunlock-blackmetaldragon,item,yes,https://palworld-chi.vercel.app/en/item/skillunlock-blackmetaldragon,7,yes,1,1
https://palworld-chi.vercel.app/en/item/skillunlock-blackpuppy,item,yes,https://palworld-chi.vercel.app/en/item/skillunlock-blackpuppy,7,yes,1,1
https://palworld-chi.vercel.app/en/item/skillunlock-bluedragon,item,yes,https://palworld-chi.vercel.app/en/item/skillunlock-bluedragon,7,yes,1,1
https://palworld-chi.vercel.app/en/item/skillunlock-bluedragon-ice,item,yes,https://palworld-chi.vercel.app/en/item/skillunlock-bluedragon-ice,7,yes,1,1
https://palworld-chi.vercel.app/en/item/skillunlock-blueskydragon,item,yes,https://palworld-chi.vercel.app/en/item/skillunlock-blueskydragon,7,yes,1,1
https://palworld-chi.vercel.app/en/item/skillunlock-bluethunderhorse,item,yes,https://palworld-chi.vercel.app/en/item/skillunlock-bluethunderhorse,7,yes,1,1
https://palworld-chi.vercel.app/en/item/skillunlock-boar,item,yes,https://palworld-chi.vercel.app/en/item/skillunlock-boar,7,yes,1,1
https://palworld-chi.vercel.app/en/item/skillunlock-carbunclo,item,yes,https://palworld-chi.vercel.app/en/item/skillunlock-carbunclo,7,yes,1,1
https://palworld-chi.vercel.app/en/item/skillunlock-colorfulbird,item,yes,https://palworld-chi.vercel.app/en/item/skillunlock-colorfulbird,7,yes,1,1
https://palworld-chi.vercel.app/en/item/skillunlock-cubeturtle,item,yes,https://palworld-chi.vercel.app/en/item/skillunlock-cubeturtle,7,yes,1,1
https://palworld-chi.vercel.app/en/item/skillunlock-cubeturtle-neutral,item,yes,https://palworld-chi.vercel.app/en/item/skillunlock-cubeturtle-neutral,7,yes,1,1
https://palworld-chi.vercel.app/en/item/skillunlock-darkmechadragon,item,yes,https://palworld-chi.vercel.app/en/item/skillunlock-darkmechadragon,7,yes,1,1
https://palworld-chi.vercel.app/en/item/skillunlock-deer,item,yes,https://palworld-chi.vercel.app/en/item/skillunlock-deer,7,yes,1,1
https://palworld-chi.vercel.app/en/item/skillunlock-deer-ground,item,yes,https://palworld-chi.vercel.app/en/item/skillunlock-deer-ground,7,yes,1,1
https://palworld-chi.vercel.app/en/item/skillunlock-domearmordragon,item,yes,https://palworld-chi.vercel.app/en/item/skillunlock-domearmordragon,7,yes,1,1
https://palworld-chi.vercel.app/en/item/skillunlock-dreamdemon,item,yes,https://palworld-chi.vercel.app/en/item/skillunlock-dreamdemon,7,yes,1,1
https://palworld-chi.vercel.app/en/item/skillunlock-eagle,item,yes,https://palworld-chi.vercel.app/en/item/skillunlock-eagle,7,yes,1,1
https://palworld-chi.vercel.app/en/item/skillunlock-elecpanda,item,yes,https://palworld-chi.vercel.app/en/item/skillunlock-elecpanda,7,yes,1,1
https://palworld-chi.vercel.app/en/item/skillunlock-fairydragon,item,yes,https://palworld-chi.vercel.app/en/item/skillunlock-fairydragon,7,yes,1,1
https://palworld-chi.vercel.app/en/item/skillunlock-fairydragon-water,item,yes,https://palworld-chi.vercel.app/en/item/skillunlock-fairydragon-water,7,yes,1,1
https://palworld-chi.vercel.app/en/item/skillunlock-featherostrich,item,yes,https://palworld-chi.vercel.app/en/item/skillunlock-featherostrich,7,yes,1,1
https://palworld-chi.vercel.app/en/item/skillunlock-fengyundeeper,item,yes,https://palworld-chi.vercel.app/en/item/skillunlock-fengyundeeper,7,yes,1,1
https://palworld-chi.vercel.app/en/item/skillunlock-fengyundeeper-electric,item,yes,https://palworld-chi.vercel.app/en/item/skillunlock-fengyundeeper-electric,7,yes,1,1
https://palworld-chi.vercel.app/en/item/skillunlock-firekirin,item,yes,https://palworld-chi.vercel.app/en/item/skillunlock-firekirin,7,yes,1,1
https://palworld-chi.vercel.app/en/item/skillunlock-firekirin-dark,item,yes,https://palworld-chi.vercel.app/en/item/skillunlock-firekirin-dark,7,yes,1,1
https://palworld-chi.vercel.app/en/item/skillunlock-flamebuffalo,item,yes,https://palworld-chi.vercel.app/en/item/skillunlock-flamebuffalo,7,yes,1,1
https://palworld-chi.vercel.app/en/item/skillunlock-flowerdinosaur,item,yes,https://palworld-chi.vercel.app/en/item/skillunlock-flowerdinosaur,7,yes,1,1
https://palworld-chi.vercel.app/en/item/skillunlock-flowerdinosaur-electric,item,yes,https://palworld-chi.vercel.app/en/item/skillunlock-flowerdinosaur-electric,7,yes,1,1
https://palworld-chi.vercel.app/en/item/skillunlock-flowerrabbit,item,yes,https://palworld-chi.vercel.app/en/item/skillunlock-flowerrabbit,7,yes,1,1
https://palworld-chi.vercel.app/en/item/skillunlock-flyingmanta,item,yes,https://palworld-chi.vercel.app/en/item/skillunlock-flyingmanta,7,yes,1,1
https://palworld-chi.vercel.app/en/item/skillunlock-flyingmanta-thunder,item,yes,https://palworld-chi.vercel.app/en/item/skillunlock-flyingmanta-thunder,7,yes,1,1
https://palworld-chi.vercel.app/en/item/skillunlock-garm,item,yes,https://palworld-chi.vercel.app/en/item/skillunlock-garm,7,yes,1,1
https://palworld-chi.vercel.app/en/item/skillunlock-ghostanglerfish,item,yes,https://palworld-chi.vercel.app/en/item/skillunlock-ghostanglerfish,7,yes,1,1
https://palworld-chi.vercel.app/en/item/skillunlock-ghostanglerfish-fire,item,yes,https://palworld-chi.vercel.app/en/item/skillunlock-ghostanglerfish-fire,7,yes,1,1
https://palworld-chi.vercel.app/en/item/skillunlock-ghostbeast,item,yes,https://palworld-chi.vercel.app/en/item/skillunlock-ghostbeast,7,yes,1,1
https://palworld-chi.vercel.app/en/item/skillunlock-ghostdragon,item,yes,https://palworld-chi.vercel.app/en/item/skillunlock-ghostdragon,7,yes,1,1
https://palworld-chi.vercel.app/en/item/skillunlock-ghostdragon-fire,item,yes,https://palworld-chi.vercel.app/en/item/skillunlock-ghostdragon-fire,7,yes,1,1
https://palworld-chi.vercel.app/en/item/skillunlock-goldenhorse,item,yes,https://palworld-chi.vercel.app/en/item/skillunlock-goldenhorse,7,yes,1,1
https://palworld-chi.vercel.app/en/item/skillunlock-grassgolem,item,yes,https://palworld-chi.vercel.app/en/item/skillunlock-grassgolem,7,yes,1,1
https://palworld-chi.vercel.app/en/item/skillunlock-grassgolem-dark,item,yes,https://palworld-chi.vercel.app/en/item/skillunlock-grassgolem-dark,7,yes,1,1
https://palworld-chi.vercel.app/en/item/skillunlock-grassmammoth,item,yes,https://palworld-chi.vercel.app/en/item/skillunlock-grassmammoth,7,yes,1,1
https://palworld-chi.vercel.app/en/item/skillunlock-grassmammoth-ice,item,yes,https://palworld-chi.vercel.app/en/item/skillunlock-grassmammoth-ice,7,yes,1,1
https://palworld-chi.vercel.app/en/item/skillunlock-grasspanda,item,yes,https://palworld-chi.vercel.app/en/item/skillunlock-grasspanda,7,yes,1,1
https://palworld-chi.vercel.app/en/item/skillunlock-grasspanda-electric,item,yes,https://palworld-chi.vercel.app/en/item/skillunlock-grasspanda-electric,7,yes,1,1
https://palworld-chi.vercel.app/en/item/skillunlock-guardiandog,item,yes,https://palworld-chi.vercel.app/en/item/skillunlock-guardiandog,7,yes,1,1
https://palworld-chi.vercel.app/en/item/skillunlock-hadesbird,item,yes,https://palworld-chi.vercel.app/en/item/skillunlock-hadesbird,7,yes,1,1
https://palworld-chi.vercel.app/en/item/skillunlock-hadesbird-electric,item,yes,https://palworld-chi.vercel.app/en/item/skillunlock-hadesbird-electric,7,yes,1,1
https://palworld-chi.vercel.app/en/item/skillunlock-hawkbird,item,yes,https://palworld-chi.vercel.app/en/item/skillunlock-hawkbird,7,yes,1,1
https://palworld-chi.vercel.app/en/item/skillunlock-hedgehog,item,yes,https://palworld-chi.vercel.app/en/item/skillunlock-hedgehog,7,yes,1,1
https://palworld-chi.vercel.app/en/item/skillunlock-hedgehog-ice,item,yes,https://palworld-chi.vercel.app/en/item/skillunlock-hedgehog-ice,7,yes,1,1
https://palworld-chi.vercel.app/en/item/skillunlock-horus,item,yes,https://palworld-chi.vercel.app/en/item/skillunlock-horus,7,yes,1,1
https://palworld-chi.vercel.app/en/item/skillunlock-horus-water,item,yes,https://palworld-chi.vercel.app/en/item/skillunlock-horus-water,7,yes,1,1
https://palworld-chi.vercel.app/en/item/skillunlock-icedeer,item,yes,https://palworld-chi.vercel.app/en/item/skillunlock-icedeer,7,yes,1,1
https://palworld-chi.vercel.app/en/item/skillunlock-icehorse,item,yes,https://palworld-chi.vercel.app/en/item/skillunlock-icehorse,7,yes,1,1
https://palworld-chi.vercel.app/en/item/skillunlock-icehorse-dark,item,yes,https://palworld-chi.vercel.app/en/item/skillunlock-icehorse-dark,7,yes,1,1
https://palworld-chi.vercel.app/en/item/skillunlock-icenarwhal,item,yes,https://palworld-chi.vercel.app/en/item/skillunlock-icenarwhal,7,yes,1,1
https://palworld-chi.vercel.app/en/item/skillunlock-icenarwhal-fire,item,yes,https://palworld-chi.vercel.app/en/item/skillunlock-icenarwhal-fire,7,yes,1,1
https://palworld-chi.vercel.app/en/item/skillunlock-iceseal,item,yes,https://palworld-chi.vercel.app/en/item/skillunlock-iceseal,7,yes,1,1
https://palworld-chi.vercel.app/en/item/skillunlock-iceseal-ground,item,yes,https://palworld-chi.vercel.app/en/item/skillunlock-iceseal-ground,7,yes,1,1
https://palworld-chi.vercel.app/en/item/skillunlock-jetdragon,item,yes,https://palworld-chi.vercel.app/en/item/skillunlock-jetdragon,7,yes,1,1
https://palworld-chi.vercel.app/en/item/skillunlock-kingalpaca,item,yes,https://palworld-chi.vercel.app/en/item/skillunlock-kingalpaca,7,yes,1,1
https://palworld-chi.vercel.app/en/item/skillunlock-kingalpaca-ice,item,yes,https://palworld-chi.vercel.app/en/item/skillunlock-kingalpaca-ice,7,yes,1,1
https://palworld-chi.vercel.app/en/item/skillunlock-kingbahamut,item,yes,https://palworld-chi.vercel.app/en/item/skillunlock-kingbahamut,7,yes,1,1
https://palworld-chi.vercel.app/en/item/skillunlock-kingbahamut-dragon,item,yes,https://palworld-chi.vercel.app/en/item/skillunlock-kingbahamut-dragon,7,yes,1,1
https://palworld-chi.vercel.app/en/item/skillunlock-kingsunfish,item,yes,https://palworld-chi.vercel.app/en/item/skillunlock-kingsunfish,7,yes,1,1
https://palworld-chi.vercel.app/en/item/skillunlock-kingsunfish-thunder,item,yes,https://palworld-chi.vercel.app/en/item/skillunlock-kingsunfish-thunder,7,yes,1,1
https://palworld-chi.vercel.app/en/item/skillunlock-kirin,item,yes,https://palworld-chi.vercel.app/en/item/skillunlock-kirin,7,yes,1,1
https://palworld-chi.vercel.app/en/item/skillunlock-kirin-ice,item,yes,https://palworld-chi.vercel.app/en/item/skillunlock-kirin-ice,7,yes,1,1
https://palworld-chi.vercel.app/en/item/skillunlock-kitsunebi,item,yes,https://palworld-chi.vercel.app/en/item/skillunlock-kitsunebi,7,yes,1,1
https://palworld-chi.vercel.app/en/item/skillunlock-kitsunebi-ice,item,yes,https://palworld-chi.vercel.app/en/item/skillunlock-kitsunebi-ice,7,yes,1,1
https://palworld-chi.vercel.app/en/item/skillunlock-lazydragon,item,yes,https://palworld-chi.vercel.app/en/item/skillunlock-lazydragon,7,yes,1,1
https://palworld-chi.vercel.app/en/item/skillunlock-lazydragon-electric,item,yes,https://palworld-chi.vercel.app/en/item/skillunlock-lazydragon-electric,7,yes,1,1
https://palworld-chi.vercel.app/en/item/skillunlock-leafmomonga,item,yes,https://palworld-chi.vercel.app/en/item/skillunlock-leafmomonga,7,yes,1,1
https://palworld-chi.vercel.app/en/item/skillunlock-legenddeer,item,yes,https://palworld-chi.vercel.app/en/item/skillunlock-legenddeer,7,yes,1,1
https://palworld-chi.vercel.app/en/item/skillunlock-lotusdragon,item,yes,https://palworld-chi.vercel.app/en/item/skillunlock-lotusdragon,7,yes,1,1
https://palworld-chi.vercel.app/en/item/skillunlock-manticore,item,yes,https://palworld-chi.vercel.app/en/item/skillunlock-manticore,7,yes,1,1
https://palworld-chi.vercel.app/en/item/skillunlock-manticore-dark,item,yes,https://palworld-chi.vercel.app/en/item/skillunlock-manticore-dark,7,yes,1,1
https://palworld-chi.vercel.app/en/item/skillunlock-monkey,item,yes,https://palworld-chi.vercel.app/en/item/skillunlock-monkey,7,yes,1,1
https://palworld-chi.vercel.app/en/item/skillunlock-monkey-fire,item,yes,https://palworld-chi.vercel.app/en/item/skillunlock-monkey-fire,7,yes,1,1
https://palworld-chi.vercel.app/en/item/skillunlock-moonqueen,item,yes,https://palworld-chi.vercel.app/en/item/skillunlock-moonqueen,7,yes,1,1
https://palworld-chi.vercel.app/en/item/skillunlock-mopking,item,yes,https://palworld-chi.vercel.app/en/item/skillunlock-mopking,7,yes,1,1
https://palworld-chi.vercel.app/en/item/skillunlock-mushroomdragon,item,yes,https://palworld-chi.vercel.app/en/item/skillunlock-mushroomdragon,7,yes,1,1
https://palworld-chi.vercel.app/en/item/skillunlock-mushroomdragon-dark,item,yes,https://palworld-chi.vercel.app/en/item/skillunlock-mushroomdragon-dark,7,yes,1,1
https://palworld-chi.vercel.app/en/item/skillunlock-naughtycat,item,yes,https://palworld-chi.vercel.app/en/item/skillunlock-naughtycat,7,yes,1,1
https://palworld-chi.vercel.app/en/item/skillunlock-negativeoctopus,item,yes,https://palworld-chi.vercel.app/en/item/skillunlock-negativeoctopus,7,yes,1,1
https://palworld-chi.vercel.app/en/item/skillunlock-negativeoctopus-neutral,item,yes,https://palworld-chi.vercel.app/en/item/skillunlock-negativeoctopus-neutral,7,yes,1,1
https://palworld-chi.vercel.app/en/item/skillunlock-nightbluehorse,item,yes,https://palworld-chi.vercel.app/en/item/skillunlock-nightbluehorse,7,yes,1,1
https://palworld-chi.vercel.app/en/item/skillunlock-nightbluehorse-neutral,item,yes,https://palworld-chi.vercel.app/en/item/skillunlock-nightbluehorse-neutral,7,yes,1,1
https://palworld-chi.vercel.app/en/item/skillunlock-penguin,item,yes,https://palworld-chi.vercel.app/en/item/skillunlock-penguin,7,yes,1,1
https://palworld-chi.vercel.app/en/item/skillunlock-penguin-electric,item,yes,https://palworld-chi.vercel.app/en/item/skillunlock-penguin-electric,7,yes,1,1
https://palworld-chi.vercel.app/en/item/skillunlock-plesiosaur,item,yes,https://palworld-chi.vercel.app/en/item/skillunlock-plesiosaur,7,yes,1,1
https://palworld-chi.vercel.app/en/item/skillunlock-poseidonorca,item,yes,https://palworld-chi.vercel.app/en/item/skillunlock-poseidonorca,7,yes,1,1
https://palworld-chi.vercel.app/en/item/skillunlock-purplespider,item,yes,https://palworld-chi.vercel.app/en/item/skillunlock-purplespider,7,yes,1,1
https://palworld-chi.vercel.app/en/item/skillunlock-raijindaughter,item,yes,https://palworld-chi.vercel.app/en/item/skillunlock-raijindaughter,7,yes,1,1
https://palworld-chi.vercel.app/en/item/skillunlock-raijindaughter-water,item,yes,https://palworld-chi.vercel.app/en/item/skillunlock-raijindaughter-water,7,yes,1,1
https://palworld-chi.vercel.app/en/item/skillunlock-redarmorbird,item,yes,https://palworld-chi.vercel.app/en/item/skillunlock-redarmorbird,7,yes,1,1
https://palworld-chi.vercel.app/en/item/skillunlock-saintcentaur,item,yes,https://palworld-chi.vercel.app/en/item/skillunlock-saintcentaur,7,yes,1,1
https://palworld-chi.vercel.app/en/item/skillunlock-sakurasaurus,item,yes,https://palworld-chi.vercel.app/en/item/skillunlock-sakurasaurus,7,yes,1,1
https://palworld-chi.vercel.app/en/item/skillunlock-sakurasaurus-water,item,yes,https://palworld-chi.vercel.app/en/item/skillunlock-sakurasaurus-water,7,yes,1,1
https://palworld-chi.vercel.app/en/item/skillunlock-serpent,item,yes,https://palworld-chi.vercel.app/en/item/skillunlock-serpent,7,yes,1,1
https://palworld-chi.vercel.app/en/item/skillunlock-serpent-ground,item,yes,https://palworld-chi.vercel.app/en/item/skillunlock-serpent-ground,7,yes,1,1
https://palworld-chi.vercel.app/en/item/skillunlock-skydragon,item,yes,https://palworld-chi.vercel.app/en/item/skillunlock-skydragon,7,yes,1,1
https://palworld-chi.vercel.app/en/item/skillunlock-skydragon-grass,item,yes,https://palworld-chi.vercel.app/en/item/skillunlock-skydragon-grass,7,yes,1,1
https://palworld-chi.vercel.app/en/item/skillunlock-snowtigerbeastman,item,yes,https://palworld-chi.vercel.app/en/item/skillunlock-snowtigerbeastman,7,yes,1,1
https://palworld-chi.vercel.app/en/item/skillunlock-sumodog,item,yes,https://palworld-chi.vercel.app/en/item/skillunlock-sumodog,7,yes,1,1
https://palworld-chi.vercel.app/en/item/skillunlock-suzaku,item,yes,https://palworld-chi.vercel.app/en/item/skillunlock-suzaku,7,yes,1,1
https://palworld-chi.vercel.app/en/item/skillunlock-suzaku-water,item,yes,https://palworld-chi.vercel.app/en/item/skillunlock-suzaku-water,7,yes,1,1
https://palworld-chi.vercel.app/en/item/skillunlock-thiefbird,item,yes,https://palworld-chi.vercel.app/en/item/skillunlock-thiefbird,7,yes,1,1
https://palworld-chi.vercel.app/en/item/skillunlock-thunderbird,item,yes,https://palworld-chi.vercel.app/en/item/skillunlock-thunderbird,7,yes,1,1
https://palworld-chi.vercel.app/en/item/skillunlock-thunderbird-ice,item,yes,https://palworld-chi.vercel.app/en/item/skillunlock-thunderbird-ice,7,yes,1,1
https://palworld-chi.vercel.app/en/item/skillunlock-thunderdog,item,yes,https://palworld-chi.vercel.app/en/item/skillunlock-thunderdog,7,yes,1,1
https://palworld-chi.vercel.app/en/item/skillunlock-thunderdog-ice,item,yes,https://palworld-chi.vercel.app/en/item/skillunlock-thunderdog-ice,7,yes,1,1
https://palworld-chi.vercel.app/en/item/skillunlock-thunderfluffybird,item,yes,https://palworld-chi.vercel.app/en/item/skillunlock-thunderfluffybird,7,yes,1,1
https://palworld-chi.vercel.app/en/item/skillunlock-tropicalostrich,item,yes,https://palworld-chi.vercel.app/en/item/skillunlock-tropicalostrich,7,yes,1,1
https://palworld-chi.vercel.app/en/item/skillunlock-umihebi,item,yes,https://palworld-chi.vercel.app/en/item/skillunlock-umihebi,7,yes,1,1
https://palworld-chi.vercel.app/en/item/skillunlock-umihebi-fire,item,yes,https://palworld-chi.vercel.app/en/item/skillunlock-umihebi-fire,7,yes,1,1
https://palworld-chi.vercel.app/en/item/skillunlock-volcanicmonster,item,yes,https://palworld-chi.vercel.app/en/item/skillunlock-volcanicmonster,7,yes,1,1
https://palworld-chi.vercel.app/en/item/skillunlock-volcanicmonster-ice,item,yes,https://palworld-chi.vercel.app/en/item/skillunlock-volcanicmonster-ice,7,yes,1,1
https://palworld-chi.vercel.app/en/item/skillunlock-volcanodragon,item,yes,https://palworld-chi.vercel.app/en/item/skillunlock-volcanodragon,7,yes,1,1
https://palworld-chi.vercel.app/en/item/skillunlock-volcanodragon-ice,item,yes,https://palworld-chi.vercel.app/en/item/skillunlock-volcanodragon-ice,7,yes,1,1
https://palworld-chi.vercel.app/en/item/skillunlock-weaseldragon,item,yes,https://palworld-chi.vercel.app/en/item/skillunlock-weaseldragon,7,yes,1,1
https://palworld-chi.vercel.app/en/item/skillunlock-weaseldragon-fire,item,yes,https://palworld-chi.vercel.app/en/item/skillunlock-weaseldragon-fire,7,yes,1,1
https://palworld-chi.vercel.app/en/item/skillunlock-whitealiendragon,item,yes,https://palworld-chi.vercel.app/en/item/skillunlock-whitealiendragon,7,yes,1,1
https://palworld-chi.vercel.app/en/item/skillunlock-whitedeer,item,yes,https://palworld-chi.vercel.app/en/item/skillunlock-whitedeer,7,yes,1,1
https://palworld-chi.vercel.app/en/item/skillunlock-whitedeer-dark,item,yes,https://palworld-chi.vercel.app/en/item/skillunlock-whitedeer-dark,7,yes,1,1
https://palworld-chi.vercel.app/en/item/skillunlock-whiteshielddragon,item,yes,https://palworld-chi.vercel.app/en/item/skillunlock-whiteshielddragon,7,yes,1,1
https://palworld-chi.vercel.app/en/item/skillunlock-windchimes,item,yes,https://palworld-chi.vercel.app/en/item/skillunlock-windchimes,7,yes,1,1
https://palworld-chi.vercel.app/en/item/skillunlock-windchimes-ice,item,yes,https://palworld-chi.vercel.app/en/item/skillunlock-windchimes-ice,7,yes,1,1
https://palworld-chi.vercel.app/en/item/skillunlock-yeti,item,yes,https://palworld-chi.vercel.app/en/item/skillunlock-yeti,7,yes,1,1
https://palworld-chi.vercel.app/en/item/skillunlock-yeti-grass,item,yes,https://palworld-chi.vercel.app/en/item/skillunlock-yeti-grass,7,yes,1,1
https://palworld-chi.vercel.app/en/item/skyassaultrifle,item,yes,https://palworld-chi.vercel.app/en/item/skyassaultrifle,7,yes,1,1
https://palworld-chi.vercel.app/en/item/skyassaultrifle-2,item,yes,https://palworld-chi.vercel.app/en/item/skyassaultrifle-2,7,yes,1,1
https://palworld-chi.vercel.app/en/item/skyassaultrifle-3,item,yes,https://palworld-chi.vercel.app/en/item/skyassaultrifle-3,7,yes,1,1
https://palworld-chi.vercel.app/en/item/skyassaultrifle-4,item,yes,https://palworld-chi.vercel.app/en/item/skyassaultrifle-4,7,yes,1,1
https://palworld-chi.vercel.app/en/item/skyassaultrifle-5,item,yes,https://palworld-chi.vercel.app/en/item/skyassaultrifle-5,7,yes,1,1
https://palworld-chi.vercel.app/en/item/skyassaultriflebullet,item,yes,https://palworld-chi.vercel.app/en/item/skyassaultriflebullet,7,yes,1,1
https://palworld-chi.vercel.app/en/item/skybeamsword,item,yes,https://palworld-chi.vercel.app/en/item/skybeamsword,7,yes,1,1
https://palworld-chi.vercel.app/en/item/skybeamsword-2,item,yes,https://palworld-chi.vercel.app/en/item/skybeamsword-2,7,yes,1,1
https://palworld-chi.vercel.app/en/item/skybeamsword-3,item,yes,https://palworld-chi.vercel.app/en/item/skybeamsword-3,7,yes,1,1
https://palworld-chi.vercel.app/en/item/skybeamsword-4,item,yes,https://palworld-chi.vercel.app/en/item/skybeamsword-4,7,yes,1,1
https://palworld-chi.vercel.app/en/item/skybeamsword-5,item,yes,https://palworld-chi.vercel.app/en/item/skybeamsword-5,7,yes,1,1
https://palworld-chi.vercel.app/en/item/skybow,item,yes,https://palworld-chi.vercel.app/en/item/skybow,7,yes,1,1
https://palworld-chi.vercel.app/en/item/skybow-2,item,yes,https://palworld-chi.vercel.app/en/item/skybow-2,7,yes,1,1
https://palworld-chi.vercel.app/en/item/skybow-3,item,yes,https://palworld-chi.vercel.app/en/item/skybow-3,7,yes,1,1
https://palworld-chi.vercel.app/en/item/skybow-4,item,yes,https://palworld-chi.vercel.app/en/item/skybow-4,7,yes,1,1
https://palworld-chi.vercel.app/en/item/skybow-5,item,yes,https://palworld-chi.vercel.app/en/item/skybow-5,7,yes,1,1
https://palworld-chi.vercel.app/en/item/skybowarrow,item,yes,https://palworld-chi.vercel.app/en/item/skybowarrow,7,yes,1,1
https://palworld-chi.vercel.app/en/item/skygrenadelauncher,item,yes,https://palworld-chi.vercel.app/en/item/skygrenadelauncher,7,yes,1,1
https://palworld-chi.vercel.app/en/item/skygrenadelauncher-2,item,yes,https://palworld-chi.vercel.app/en/item/skygrenadelauncher-2,7,yes,1,1
https://palworld-chi.vercel.app/en/item/skygrenadelauncher-3,item,yes,https://palworld-chi.vercel.app/en/item/skygrenadelauncher-3,7,yes,1,1
https://palworld-chi.vercel.app/en/item/skygrenadelauncher-4,item,yes,https://palworld-chi.vercel.app/en/item/skygrenadelauncher-4,7,yes,1,1
https://palworld-chi.vercel.app/en/item/skygrenadelauncher-5,item,yes,https://palworld-chi.vercel.app/en/item/skygrenadelauncher-5,7,yes,1,1
https://palworld-chi.vercel.app/en/item/skygrenadelauncherbullet,item,yes,https://palworld-chi.vercel.app/en/item/skygrenadelauncherbullet,7,yes,1,1
https://palworld-chi.vercel.app/en/item/skyislandingot,item,yes,https://palworld-chi.vercel.app/en/item/skyislandingot,7,yes,1,1
https://palworld-chi.vercel.app/en/item/skyislandore,item,yes,https://palworld-chi.vercel.app/en/item/skyislandore,7,yes,3,3
https://palworld-chi.vercel.app/en/item/skyshotgun,item,yes,https://palworld-chi.vercel.app/en/item/skyshotgun,7,yes,1,1
https://palworld-chi.vercel.app/en/item/skyshotgun-2,item,yes,https://palworld-chi.vercel.app/en/item/skyshotgun-2,7,yes,1,1
https://palworld-chi.vercel.app/en/item/skyshotgun-3,item,yes,https://palworld-chi.vercel.app/en/item/skyshotgun-3,7,yes,1,1
https://palworld-chi.vercel.app/en/item/skyshotgun-4,item,yes,https://palworld-chi.vercel.app/en/item/skyshotgun-4,7,yes,1,1
https://palworld-chi.vercel.app/en/item/skyshotgun-5,item,yes,https://palworld-chi.vercel.app/en/item/skyshotgun-5,7,yes,1,1
https://palworld-chi.vercel.app/en/item/skyshotgunbullet,item,yes,https://palworld-chi.vercel.app/en/item/skyshotgunbullet,7,yes,1,1
https://palworld-chi.vercel.app/en/item/skysubmachinegun,item,yes,https://palworld-chi.vercel.app/en/item/skysubmachinegun,7,yes,1,1
https://palworld-chi.vercel.app/en/item/skysubmachinegun-2,item,yes,https://palworld-chi.vercel.app/en/item/skysubmachinegun-2,7,yes,1,1
https://palworld-chi.vercel.app/en/item/skysubmachinegun-3,item,yes,https://palworld-chi.vercel.app/en/item/skysubmachinegun-3,7,yes,1,1
https://palworld-chi.vercel.app/en/item/skysubmachinegun-4,item,yes,https://palworld-chi.vercel.app/en/item/skysubmachinegun-4,7,yes,1,1
https://palworld-chi.vercel.app/en/item/skysubmachinegun-5,item,yes,https://palworld-chi.vercel.app/en/item/skysubmachinegun-5,7,yes,1,1
https://palworld-chi.vercel.app/en/item/skysubmachinegunbullet,item,yes,https://palworld-chi.vercel.app/en/item/skysubmachinegunbullet,7,yes,1,1
https://palworld-chi.vercel.app/en/item/spear,item,yes,https://palworld-chi.vercel.app/en/item/spear,7,yes,1,1
https://palworld-chi.vercel.app/en/item/spear-2,item,yes,https://palworld-chi.vercel.app/en/item/spear-2,7,yes,1,1
https://palworld-chi.vercel.app/en/item/spear-3,item,yes,https://palworld-chi.vercel.app/en/item/spear-3,7,yes,1,1
https://palworld-chi.vercel.app/en/item/spear-forestboss,item,yes,https://palworld-chi.vercel.app/en/item/spear-forestboss,7,yes,1,1
https://palworld-chi.vercel.app/en/item/spear-forestboss-5,item,yes,https://palworld-chi.vercel.app/en/item/spear-forestboss-5,7,yes,1,1
https://palworld-chi.vercel.app/en/item/spear-forestboss2,item,yes,https://palworld-chi.vercel.app/en/item/spear-forestboss2,7,yes,1,1
https://palworld-chi.vercel.app/en/item/spear-forestboss2-5,item,yes,https://palworld-chi.vercel.app/en/item/spear-forestboss2-5,7,yes,1,1
https://palworld-chi.vercel.app/en/item/spear-queenbee,item,yes,https://palworld-chi.vercel.app/en/item/spear-queenbee,7,yes,2,2
https://palworld-chi.vercel.app/en/item/spherelauncher,item,yes,https://palworld-chi.vercel.app/en/item/spherelauncher,7,yes,1,1
https://palworld-chi.vercel.app/en/item/spherelauncher-once,item,yes,https://palworld-chi.vercel.app/en/item/spherelauncher-once,7,yes,1,1
https://palworld-chi.vercel.app/en/item/spheremodule-curve,item,yes,https://palworld-chi.vercel.app/en/item/spheremodule-curve,7,yes,1,1
https://palworld-chi.vercel.app/en/item/spheremodule-curve2,item,yes,https://palworld-chi.vercel.app/en/item/spheremodule-curve2,7,yes,1,1
https://palworld-chi.vercel.app/en/item/spheremodule-heavy,item,yes,https://palworld-chi.vercel.app/en/item/spheremodule-heavy,7,yes,1,1
https://palworld-chi.vercel.app/en/item/spheremodule-homing,item,yes,https://palworld-chi.vercel.app/en/item/spheremodule-homing,7,yes,1,1
https://palworld-chi.vercel.app/en/item/spheremodule-sniper,item,yes,https://palworld-chi.vercel.app/en/item/spheremodule-sniper,7,yes,1,1
https://palworld-chi.vercel.app/en/item/spheremodule-sniper2,item,yes,https://palworld-chi.vercel.app/en/item/spheremodule-sniper2,7,yes,1,1
https://palworld-chi.vercel.app/en/item/springrolls,item,yes,https://palworld-chi.vercel.app/en/item/springrolls,7,yes,1,1
https://palworld-chi.vercel.app/en/item/stainlesssteel,item,yes,https://palworld-chi.vercel.app/en/item/stainlesssteel,7,yes,4,4
https://palworld-chi.vercel.app/en/item/statuspointresetsan,item,yes,https://palworld-chi.vercel.app/en/item/statuspointresetsan,7,yes,2,2
https://palworld-chi.vercel.app/en/item/stealarmor,item,yes,https://palworld-chi.vercel.app/en/item/stealarmor,7,yes,1,1
https://palworld-chi.vercel.app/en/item/stealarmor-2,item,yes,https://palworld-chi.vercel.app/en/item/stealarmor-2,7,yes,1,1
https://palworld-chi.vercel.app/en/item/stealarmor-3,item,yes,https://palworld-chi.vercel.app/en/item/stealarmor-3,7,yes,1,1
https://palworld-chi.vercel.app/en/item/stealarmor-4,item,yes,https://palworld-chi.vercel.app/en/item/stealarmor-4,7,yes,1,1
https://palworld-chi.vercel.app/en/item/stealarmor-5,item,yes,https://palworld-chi.vercel.app/en/item/stealarmor-5,7,yes,1,1
https://palworld-chi.vercel.app/en/item/stealarmorcold,item,yes,https://palworld-chi.vercel.app/en/item/stealarmorcold,7,yes,1,1
https://palworld-chi.vercel.app/en/item/stealarmorcold-2,item,yes,https://palworld-chi.vercel.app/en/item/stealarmorcold-2,7,yes,1,1
https://palworld-chi.vercel.app/en/item/stealarmorcold-3,item,yes,https://palworld-chi.vercel.app/en/item/stealarmorcold-3,7,yes,1,1
https://palworld-chi.vercel.app/en/item/stealarmorcold-4,item,yes,https://palworld-chi.vercel.app/en/item/stealarmorcold-4,7,yes,1,1
https://palworld-chi.vercel.app/en/item/stealarmorcold-5,item,yes,https://palworld-chi.vercel.app/en/item/stealarmorcold-5,7,yes,1,1
https://palworld-chi.vercel.app/en/item/stealarmorheat,item,yes,https://palworld-chi.vercel.app/en/item/stealarmorheat,7,yes,1,1
https://palworld-chi.vercel.app/en/item/stealarmorheat-2,item,yes,https://palworld-chi.vercel.app/en/item/stealarmorheat-2,7,yes,1,1
https://palworld-chi.vercel.app/en/item/stealarmorheat-3,item,yes,https://palworld-chi.vercel.app/en/item/stealarmorheat-3,7,yes,1,1
https://palworld-chi.vercel.app/en/item/stealarmorheat-4,item,yes,https://palworld-chi.vercel.app/en/item/stealarmorheat-4,7,yes,1,1
https://palworld-chi.vercel.app/en/item/stealarmorheat-5,item,yes,https://palworld-chi.vercel.app/en/item/stealarmorheat-5,7,yes,1,1
https://palworld-chi.vercel.app/en/item/stealhelmet,item,yes,https://palworld-chi.vercel.app/en/item/stealhelmet,7,yes,1,1
https://palworld-chi.vercel.app/en/item/stealhelmet-2,item,yes,https://palworld-chi.vercel.app/en/item/stealhelmet-2,7,yes,1,1
https://palworld-chi.vercel.app/en/item/stealhelmet-3,item,yes,https://palworld-chi.vercel.app/en/item/stealhelmet-3,7,yes,1,1
https://palworld-chi.vercel.app/en/item/stealhelmet-4,item,yes,https://palworld-chi.vercel.app/en/item/stealhelmet-4,7,yes,1,1
https://palworld-chi.vercel.app/en/item/stealhelmet-5,item,yes,https://palworld-chi.vercel.app/en/item/stealhelmet-5,7,yes,1,1
https://palworld-chi.vercel.app/en/item/stealingot,item,yes,https://palworld-chi.vercel.app/en/item/stealingot,7,yes,1,1
https://palworld-chi.vercel.app/en/item/stewedicedeer,item,yes,https://palworld-chi.vercel.app/en/item/stewedicedeer,7,yes,1,1
https://palworld-chi.vercel.app/en/item/stirfriedvegetables,item,yes,https://palworld-chi.vercel.app/en/item/stirfriedvegetables,7,yes,1,1
https://palworld-chi.vercel.app/en/item/stone,item,yes,https://palworld-chi.vercel.app/en/item/stone,7,yes,1,1
https://palworld-chi.vercel.app/en/item/submachinegun,item,yes,https://palworld-chi.vercel.app/en/item/submachinegun,7,yes,1,1
https://palworld-chi.vercel.app/en/item/submachinegun-2,item,yes,https://palworld-chi.vercel.app/en/item/submachinegun-2,7,yes,1,1
https://palworld-chi.vercel.app/en/item/submachinegun-3,item,yes,https://palworld-chi.vercel.app/en/item/submachinegun-3,7,yes,1,1
https://palworld-chi.vercel.app/en/item/submachinegun-4,item,yes,https://palworld-chi.vercel.app/en/item/submachinegun-4,7,yes,1,1
https://palworld-chi.vercel.app/en/item/submachinegun-5,item,yes,https://palworld-chi.vercel.app/en/item/submachinegun-5,7,yes,1,1
https://palworld-chi.vercel.app/en/item/sulfur,item,yes,https://palworld-chi.vercel.app/en/item/sulfur,7,yes,2,2
https://palworld-chi.vercel.app/en/item/supplement,item,yes,https://palworld-chi.vercel.app/en/item/supplement,7,yes,1,1
https://palworld-chi.vercel.app/en/item/sweet,item,yes,https://palworld-chi.vercel.app/en/item/sweet,7,yes,2,2
https://palworld-chi.vercel.app/en/item/sweet-caramel,item,yes,https://palworld-chi.vercel.app/en/item/sweet-caramel,7,yes,2,2
https://palworld-chi.vercel.app/en/item/sword,item,yes,https://palworld-chi.vercel.app/en/item/sword,7,yes,1,1
https://palworld-chi.vercel.app/en/item/sword-2,item,yes,https://palworld-chi.vercel.app/en/item/sword-2,7,yes,1,1
https://palworld-chi.vercel.app/en/item/sword-3,item,yes,https://palworld-chi.vercel.app/en/item/sword-3,7,yes,1,1
https://palworld-chi.vercel.app/en/item/sword-4,item,yes,https://palworld-chi.vercel.app/en/item/sword-4,7,yes,1,1
https://palworld-chi.vercel.app/en/item/sword-5,item,yes,https://palworld-chi.vercel.app/en/item/sword-5,7,yes,1,1
https://palworld-chi.vercel.app/en/item/technologybook-g1,item,yes,https://palworld-chi.vercel.app/en/item/technologybook-g1,7,yes,6,6
https://palworld-chi.vercel.app/en/item/technologybook-g2,item,yes,https://palworld-chi.vercel.app/en/item/technologybook-g2,7,yes,5,5
https://palworld-chi.vercel.app/en/item/technologybook-g3,item,yes,https://palworld-chi.vercel.app/en/item/technologybook-g3,7,yes,1,1
https://palworld-chi.vercel.app/en/item/thermal-core,item,yes,https://palworld-chi.vercel.app/en/item/thermal-core,7,yes,3,3
https://palworld-chi.vercel.app/en/item/tomato,item,yes,https://palworld-chi.vercel.app/en/item/tomato,7,yes,1,1
https://palworld-chi.vercel.app/en/item/tomatoseeds,item,yes,https://palworld-chi.vercel.app/en/item/tomatoseeds,7,yes,7,7
https://palworld-chi.vercel.app/en/item/torch,item,yes,https://palworld-chi.vercel.app/en/item/torch,7,yes,1,1
https://palworld-chi.vercel.app/en/item/treasureboxkey01,item,yes,https://palworld-chi.vercel.app/en/item/treasureboxkey01,7,yes,2,2
https://palworld-chi.vercel.app/en/item/treasureboxkey02,item,yes,https://palworld-chi.vercel.app/en/item/treasureboxkey02,7,yes,3,3
https://palworld-chi.vercel.app/en/item/treasureboxkey03,item,yes,https://palworld-chi.vercel.app/en/item/treasureboxkey03,7,yes,1,1
https://palworld-chi.vercel.app/en/item/treasuremap01,item,yes,https://palworld-chi.vercel.app/en/item/treasuremap01,7,yes,1,1
https://palworld-chi.vercel.app/en/item/treasuremap02,item,yes,https://palworld-chi.vercel.app/en/item/treasuremap02,7,yes,1,1
https://palworld-chi.vercel.app/en/item/treasuremap03,item,yes,https://palworld-chi.vercel.app/en/item/treasuremap03,7,yes,1,1
https://palworld-chi.vercel.app/en/item/treasuremap04,item,yes,https://palworld-chi.vercel.app/en/item/treasuremap04,7,yes,1,1
https://palworld-chi.vercel.app/en/item/treasuremap05,item,yes,https://palworld-chi.vercel.app/en/item/treasuremap05,7,yes,1,1
https://palworld-chi.vercel.app/en/item/uniquematerial-flowerprince,item,yes,https://palworld-chi.vercel.app/en/item/uniquematerial-flowerprince,7,yes,1,1
https://palworld-chi.vercel.app/en/item/uniquematerial-mothman,item,yes,https://palworld-chi.vercel.app/en/item/uniquematerial-mothman,7,yes,1,1
https://palworld-chi.vercel.app/en/item/unlock-picking-tier1,item,yes,https://palworld-chi.vercel.app/en/item/unlock-picking-tier1,7,yes,1,1
https://palworld-chi.vercel.app/en/item/unlock-picking-tier2,item,yes,https://palworld-chi.vercel.app/en/item/unlock-picking-tier2,7,yes,1,1
https://palworld-chi.vercel.app/en/item/unlock-picking-tier3,item,yes,https://palworld-chi.vercel.app/en/item/unlock-picking-tier3,7,yes,1,1
https://palworld-chi.vercel.app/en/item/unlockequipmentslot-accessory-01,item,yes,https://palworld-chi.vercel.app/en/item/unlockequipmentslot-accessory-01,7,yes,1,1
https://palworld-chi.vercel.app/en/item/unlockequipmentslot-accessory-02,item,yes,https://palworld-chi.vercel.app/en/item/unlockequipmentslot-accessory-02,7,yes,1,1
https://palworld-chi.vercel.app/en/item/unlockequipmentslot-weapon-01,item,yes,https://palworld-chi.vercel.app/en/item/unlockequipmentslot-weapon-01,7,yes,1,1
https://palworld-chi.vercel.app/en/item/unlockequipmentslot-weapon-02,item,yes,https://palworld-chi.vercel.app/en/item/unlockequipmentslot-weapon-02,7,yes,1,1
https://palworld-chi.vercel.app/en/item/venom,item,yes,https://palworld-chi.vercel.app/en/item/venom,7,yes,18,18
https://palworld-chi.vercel.app/en/item/waterbuildkit,item,yes,https://palworld-chi.vercel.app/en/item/waterbuildkit,7,yes,1,1
https://palworld-chi.vercel.app/en/item/weakerbow,item,yes,https://palworld-chi.vercel.app/en/item/weakerbow,7,yes,1,1
https://palworld-chi.vercel.app/en/item/weakerbow-2,item,yes,https://palworld-chi.vercel.app/en/item/weakerbow-2,7,yes,1,1
https://palworld-chi.vercel.app/en/item/weakerbow-3,item,yes,https://palworld-chi.vercel.app/en/item/weakerbow-3,7,yes,1,1
https://palworld-chi.vercel.app/en/item/weakerbow-4,item,yes,https://palworld-chi.vercel.app/en/item/weakerbow-4,7,yes,1,1
https://palworld-chi.vercel.app/en/item/weakerbow-5,item,yes,https://palworld-chi.vercel.app/en/item/weakerbow-5,7,yes,1,1
https://palworld-chi.vercel.app/en/item/whalewhistlefragment-01,item,yes,https://palworld-chi.vercel.app/en/item/whalewhistlefragment-01,7,yes,1,1
https://palworld-chi.vercel.app/en/item/whalewhistlefragment-02,item,yes,https://palworld-chi.vercel.app/en/item/whalewhistlefragment-02,7,yes,1,1
https://palworld-chi.vercel.app/en/item/whalewhistlefragment-03,item,yes,https://palworld-chi.vercel.app/en/item/whalewhistlefragment-03,7,yes,1,1
https://palworld-chi.vercel.app/en/item/whalewhistlefragment-04,item,yes,https://palworld-chi.vercel.app/en/item/whalewhistlefragment-04,7,yes,1,1
https://palworld-chi.vercel.app/en/item/wheat,item,yes,https://palworld-chi.vercel.app/en/item/wheat,7,yes,1,1
https://palworld-chi.vercel.app/en/item/wheatseeds,item,yes,https://palworld-chi.vercel.app/en/item/wheatseeds,7,yes,5,5
https://palworld-chi.vercel.app/en/item/widepenetrateshotgun,item,yes,https://palworld-chi.vercel.app/en/item/widepenetrateshotgun,7,yes,1,1
https://palworld-chi.vercel.app/en/item/widepenetrateshotgun-2,item,yes,https://palworld-chi.vercel.app/en/item/widepenetrateshotgun-2,7,yes,1,1
https://palworld-chi.vercel.app/en/item/widepenetrateshotgun-3,item,yes,https://palworld-chi.vercel.app/en/item/widepenetrateshotgun-3,7,yes,1,1
https://palworld-chi.vercel.app/en/item/widepenetrateshotgun-4,item,yes,https://palworld-chi.vercel.app/en/item/widepenetrateshotgun-4,7,yes,1,1
https://palworld-chi.vercel.app/en/item/widepenetrateshotgun-5,item,yes,https://palworld-chi.vercel.app/en/item/widepenetrateshotgun-5,7,yes,1,1
https://palworld-chi.vercel.app/en/item/widepenetrateshotgunbullet,item,yes,https://palworld-chi.vercel.app/en/item/widepenetrateshotgunbullet,7,yes,1,1
https://palworld-chi.vercel.app/en/item/wingglider,item,yes,https://palworld-chi.vercel.app/en/item/wingglider,7,yes,1,1
https://palworld-chi.vercel.app/en/item/wingglider-fuel,item,yes,https://palworld-chi.vercel.app/en/item/wingglider-fuel,7,yes,1,1
https://palworld-chi.vercel.app/en/item/wood,item,yes,https://palworld-chi.vercel.app/en/item/wood,7,yes,1,1
https://palworld-chi.vercel.app/en/item/wood-ancient,item,yes,https://palworld-chi.vercel.app/en/item/wood-ancient,7,yes,1,1
https://palworld-chi.vercel.app/en/item/wood-fine,item,yes,https://palworld-chi.vercel.app/en/item/wood-fine,7,yes,5,5
https://palworld-chi.vercel.app/en/item/wood-worldtree,item,yes,https://palworld-chi.vercel.app/en/item/wood-worldtree,7,yes,1,1
https://palworld-chi.vercel.app/en/item/wool,item,yes,https://palworld-chi.vercel.app/en/item/wool,7,yes,10,10
https://palworld-chi.vercel.app/en/item/worksuitability-addticket-collection,item,yes,https://palworld-chi.vercel.app/en/item/worksuitability-addticket-collection,7,yes,1,1
https://palworld-chi.vercel.app/en/item/worksuitability-addticket-cool,item,yes,https://palworld-chi.vercel.app/en/item/worksuitability-addticket-cool,7,yes,1,1
https://palworld-chi.vercel.app/en/item/worksuitability-addticket-deforest,item,yes,https://palworld-chi.vercel.app/en/item/worksuitability-addticket-deforest,7,yes,1,1
https://palworld-chi.vercel.app/en/item/worksuitability-addticket-emitflame,item,yes,https://palworld-chi.vercel.app/en/item/worksuitability-addticket-emitflame,7,yes,1,1
https://palworld-chi.vercel.app/en/item/worksuitability-addticket-generateelectricity,item,yes,https://palworld-chi.vercel.app/en/item/worksuitability-addticket-generateelectricity,7,yes,1,1
https://palworld-chi.vercel.app/en/item/worksuitability-addticket-handcraft,item,yes,https://palworld-chi.vercel.app/en/item/worksuitability-addticket-handcraft,7,yes,1,1
https://palworld-chi.vercel.app/en/item/worksuitability-addticket-mining,item,yes,https://palworld-chi.vercel.app/en/item/worksuitability-addticket-mining,7,yes,1,1
https://palworld-chi.vercel.app/en/item/worksuitability-addticket-monsterfarm,item,yes,https://palworld-chi.vercel.app/en/item/worksuitability-addticket-monsterfarm,7,yes,1,1
https://palworld-chi.vercel.app/en/item/worksuitability-addticket-productmedicine,item,yes,https://palworld-chi.vercel.app/en/item/worksuitability-addticket-productmedicine,7,yes,1,1
https://palworld-chi.vercel.app/en/item/worksuitability-addticket-seeding,item,yes,https://palworld-chi.vercel.app/en/item/worksuitability-addticket-seeding,7,yes,1,1
https://palworld-chi.vercel.app/en/item/worksuitability-addticket-transport,item,yes,https://palworld-chi.vercel.app/en/item/worksuitability-addticket-transport,7,yes,1,1
https://palworld-chi.vercel.app/en/item/worksuitability-addticket-watering,item,yes,https://palworld-chi.vercel.app/en/item/worksuitability-addticket-watering,7,yes,1,1
https://palworld-chi.vercel.app/en/item/worldtreeholywater,item,yes,https://palworld-chi.vercel.app/en/item/worldtreeholywater,7,yes,51,51
https://palworld-chi.vercel.app/en/item/worldtreeingot,item,yes,https://palworld-chi.vercel.app/en/item/worldtreeingot,7,yes,1,1
https://palworld-chi.vercel.app/en/item/worldtreeore,item,yes,https://palworld-chi.vercel.app/en/item/worldtreeore,7,yes,1,1
https://palworld-chi.vercel.app/en/item/worldtreerelic-01,item,yes,https://palworld-chi.vercel.app/en/item/worldtreerelic-01,7,yes,90,90
https://palworld-chi.vercel.app/en/item/worldtreerelic-02,item,yes,https://palworld-chi.vercel.app/en/item/worldtreerelic-02,7,yes,90,90
https://palworld-chi.vercel.app/en/item/worldtreerelic-03,item,yes,https://palworld-chi.vercel.app/en/item/worldtreerelic-03,7,yes,90,90
https://palworld-chi.vercel.app/en/item/worldtreerelic-04,item,yes,https://palworld-chi.vercel.app/en/item/worldtreerelic-04,7,yes,90,90
https://palworld-chi.vercel.app/en/item/worldtreerelic-05,item,yes,https://palworld-chi.vercel.app/en/item/worldtreerelic-05,7,yes,90,90
https://palworld-chi.vercel.app/en/item/yakisoba,item,yes,https://palworld-chi.vercel.app/en/item/yakisoba,7,yes,1,1
https://palworld-chi.vercel.app/en/item/yakushimaarmor001,item,yes,https://palworld-chi.vercel.app/en/item/yakushimaarmor001,7,yes,1,1
https://palworld-chi.vercel.app/en/item/yakushimaarmor001-2,item,yes,https://palworld-chi.vercel.app/en/item/yakushimaarmor001-2,7,yes,1,1
https://palworld-chi.vercel.app/en/item/yakushimaarmor001-3,item,yes,https://palworld-chi.vercel.app/en/item/yakushimaarmor001-3,7,yes,1,1
https://palworld-chi.vercel.app/en/item/yakushimaarmor001-4,item,yes,https://palworld-chi.vercel.app/en/item/yakushimaarmor001-4,7,yes,1,1
https://palworld-chi.vercel.app/en/item/yakushimaarmor001-5,item,yes,https://palworld-chi.vercel.app/en/item/yakushimaarmor001-5,7,yes,1,1
https://palworld-chi.vercel.app/en/item/yakushimablade,item,yes,https://palworld-chi.vercel.app/en/item/yakushimablade,7,yes,1,1
https://palworld-chi.vercel.app/en/item/yakushimablade002,item,yes,https://palworld-chi.vercel.app/en/item/yakushimablade002,7,yes,1,1
https://palworld-chi.vercel.app/en/item/yakushimablade002-2,item,yes,https://palworld-chi.vercel.app/en/item/yakushimablade002-2,7,yes,1,1
https://palworld-chi.vercel.app/en/item/yakushimablade002-3,item,yes,https://palworld-chi.vercel.app/en/item/yakushimablade002-3,7,yes,1,1
https://palworld-chi.vercel.app/en/item/yakushimablade002-4,item,yes,https://palworld-chi.vercel.app/en/item/yakushimablade002-4,7,yes,1,1
https://palworld-chi.vercel.app/en/item/yakushimablade002-5,item,yes,https://palworld-chi.vercel.app/en/item/yakushimablade002-5,7,yes,1,1
https://palworld-chi.vercel.app/en/item/yakushimablade003,item,yes,https://palworld-chi.vercel.app/en/item/yakushimablade003,7,yes,1,1
https://palworld-chi.vercel.app/en/item/yakushimablade003-2,item,yes,https://palworld-chi.vercel.app/en/item/yakushimablade003-2,7,yes,1,1
https://palworld-chi.vercel.app/en/item/yakushimablade003-3,item,yes,https://palworld-chi.vercel.app/en/item/yakushimablade003-3,7,yes,1,1
https://palworld-chi.vercel.app/en/item/yakushimablade003-4,item,yes,https://palworld-chi.vercel.app/en/item/yakushimablade003-4,7,yes,1,1
https://palworld-chi.vercel.app/en/item/yakushimablade003-5,item,yes,https://palworld-chi.vercel.app/en/item/yakushimablade003-5,7,yes,1,1
https://palworld-chi.vercel.app/en/item/yakushimablade004,item,yes,https://palworld-chi.vercel.app/en/item/yakushimablade004,7,yes,1,1
https://palworld-chi.vercel.app/en/item/yakushimablade004-2,item,yes,https://palworld-chi.vercel.app/en/item/yakushimablade004-2,7,yes,1,1
https://palworld-chi.vercel.app/en/item/yakushimablade004-3,item,yes,https://palworld-chi.vercel.app/en/item/yakushimablade004-3,7,yes,1,1
https://palworld-chi.vercel.app/en/item/yakushimablade004-4,item,yes,https://palworld-chi.vercel.app/en/item/yakushimablade004-4,7,yes,1,1
https://palworld-chi.vercel.app/en/item/yakushimablade004-5,item,yes,https://palworld-chi.vercel.app/en/item/yakushimablade004-5,7,yes,1,1
https://palworld-chi.vercel.app/en/item/yakushimablade005,item,yes,https://palworld-chi.vercel.app/en/item/yakushimablade005,7,yes,1,1
https://palworld-chi.vercel.app/en/item/yakushimagun001,item,yes,https://palworld-chi.vercel.app/en/item/yakushimagun001,7,yes,1,1
https://palworld-chi.vercel.app/en/item/yakushimagun001-2,item,yes,https://palworld-chi.vercel.app/en/item/yakushimagun001-2,7,yes,1,1
https://palworld-chi.vercel.app/en/item/yakushimagun001-3,item,yes,https://palworld-chi.vercel.app/en/item/yakushimagun001-3,7,yes,1,1
https://palworld-chi.vercel.app/en/item/yakushimagun001-4,item,yes,https://palworld-chi.vercel.app/en/item/yakushimagun001-4,7,yes,1,1
https://palworld-chi.vercel.app/en/item/yakushimagun001-5,item,yes,https://palworld-chi.vercel.app/en/item/yakushimagun001-5,7,yes,1,1
https://palworld-chi.vercel.app/en/item/yakushimaheadequip001,item,yes,https://palworld-chi.vercel.app/en/item/yakushimaheadequip001,7,yes,1,1
https://palworld-chi.vercel.app/en/item/yakushimaheadequip001-2,item,yes,https://palworld-chi.vercel.app/en/item/yakushimaheadequip001-2,7,yes,1,1
https://palworld-chi.vercel.app/en/item/yakushimaheadequip001-3,item,yes,https://palworld-chi.vercel.app/en/item/yakushimaheadequip001-3,7,yes,1,1
https://palworld-chi.vercel.app/en/item/yakushimaheadequip001-4,item,yes,https://palworld-chi.vercel.app/en/item/yakushimaheadequip001-4,7,yes,1,1
https://palworld-chi.vercel.app/en/item/yakushimaheadequip001-5,item,yes,https://palworld-chi.vercel.app/en/item/yakushimaheadequip001-5,7,yes,1,1
https://palworld-chi.vercel.app/en/item/yakushimaheadequip002,item,yes,https://palworld-chi.vercel.app/en/item/yakushimaheadequip002,7,yes,1,1
https://palworld-chi.vercel.app/en/item/yakushimaheadequip002-2,item,yes,https://palworld-chi.vercel.app/en/item/yakushimaheadequip002-2,7,yes,1,1
https://palworld-chi.vercel.app/en/item/yakushimaheadequip002-3,item,yes,https://palworld-chi.vercel.app/en/item/yakushimaheadequip002-3,7,yes,1,1
https://palworld-chi.vercel.app/en/item/yakushimaheadequip002-4,item,yes,https://palworld-chi.vercel.app/en/item/yakushimaheadequip002-4,7,yes,1,1
https://palworld-chi.vercel.app/en/item/yakushimaheadequip002-5,item,yes,https://palworld-chi.vercel.app/en/item/yakushimaheadequip002-5,7,yes,1,1
https://palworld-chi.vercel.app/en/item/yakushimaheadequip003,item,yes,https://palworld-chi.vercel.app/en/item/yakushimaheadequip003,7,yes,1,1
https://palworld-chi.vercel.app/en/item/yakushimaheadequip003-2,item,yes,https://palworld-chi.vercel.app/en/item/yakushimaheadequip003-2,7,yes,1,1
https://palworld-chi.vercel.app/en/item/yakushimaheadequip003-3,item,yes,https://palworld-chi.vercel.app/en/item/yakushimaheadequip003-3,7,yes,1,1
https://palworld-chi.vercel.app/en/item/yakushimaheadequip003-4,item,yes,https://palworld-chi.vercel.app/en/item/yakushimaheadequip003-4,7,yes,1,1
https://palworld-chi.vercel.app/en/item/yakushimaheadequip003-5,item,yes,https://palworld-chi.vercel.app/en/item/yakushimaheadequip003-5,7,yes,1,1
https://palworld-chi.vercel.app/en/item/yakushimaheadequip004,item,yes,https://palworld-chi.vercel.app/en/item/yakushimaheadequip004,7,yes,1,1
https://palworld-chi.vercel.app/en/item/yakushimaheadequip004-2,item,yes,https://palworld-chi.vercel.app/en/item/yakushimaheadequip004-2,7,yes,1,1
https://palworld-chi.vercel.app/en/item/yakushimaheadequip004-3,item,yes,https://palworld-chi.vercel.app/en/item/yakushimaheadequip004-3,7,yes,1,1
https://palworld-chi.vercel.app/en/item/yakushimaheadequip004-4,item,yes,https://palworld-chi.vercel.app/en/item/yakushimaheadequip004-4,7,yes,1,1
https://palworld-chi.vercel.app/en/item/yakushimaheadequip004-5,item,yes,https://palworld-chi.vercel.app/en/item/yakushimaheadequip004-5,7,yes,1,1
https://palworld-chi.vercel.app/en/item/yakushimaheadequip005,item,yes,https://palworld-chi.vercel.app/en/item/yakushimaheadequip005,7,yes,1,1
https://palworld-chi.vercel.app/en/item/yakushimaheadequip006,item,yes,https://palworld-chi.vercel.app/en/item/yakushimaheadequip006,7,yes,1,1
https://palworld-chi.vercel.app/en/item/yakushimaingot001,item,yes,https://palworld-chi.vercel.app/en/item/yakushimaingot001,7,yes,1,1
https://palworld-chi.vercel.app/en/item/yakushimalantern001,item,yes,https://palworld-chi.vercel.app/en/item/yakushimalantern001,7,yes,1,1
https://palworld-chi.vercel.app/en/item/yakushimalantern001-2,item,yes,https://palworld-chi.vercel.app/en/item/yakushimalantern001-2,7,yes,1,1
https://palworld-chi.vercel.app/en/item/yakushimalantern001-3,item,yes,https://palworld-chi.vercel.app/en/item/yakushimalantern001-3,7,yes,1,1
https://palworld-chi.vercel.app/en/item/yakushimalantern001-4,item,yes,https://palworld-chi.vercel.app/en/item/yakushimalantern001-4,7,yes,1,1
https://palworld-chi.vercel.app/en/item/yakushimalantern001-5,item,yes,https://palworld-chi.vercel.app/en/item/yakushimalantern001-5,7,yes,1,1
https://palworld-chi.vercel.app/en/map,map,yes,https://palworld-chi.vercel.app/en/map,7,yes,3076,2785
https://palworld-chi.vercel.app/en/breeding-calculator,breeding-calculator,yes,https://palworld-chi.vercel.app/en/breeding-calculator,7,yes,3368,2785
https://palworld-chi.vercel.app/en/privacy,privacy,no,https://palworld-chi.vercel.app/en/privacy,7,NO,2786,2785
https://palworld-chi.vercel.app/en/terms,terms,no,https://palworld-chi.vercel.app/en/terms,7,NO,2786,2785
